
C:/Users/yigit/RPico/picoProjects/RP2040---MS5611/build/ms5611.elf:     file format elf32-littlearm

Sections:
Idx Name          Size      VMA       LMA       File off  Algn
  0 .boot2        00000100  10000000  10000000  00001000  2**0
                  CONTENTS, ALLOC, LOAD, READONLY, CODE
  1 .text         00007f04  10000100  10000100  00001100  2**3
                  CONTENTS, ALLOC, LOAD, READONLY, CODE
  2 .rodata       000014cc  10008008  10008008  00009008  2**3
                  CONTENTS, ALLOC, LOAD, READONLY, DATA
  3 .binary_info  00000020  100094d4  100094d4  0000a4d4  2**2
                  CONTENTS, ALLOC, LOAD, READONLY, DATA
  4 .ram_vector_table 000000c0  20000000  20000000  0000c000  2**2
                  ALLOC
  5 .uninitialized_data 00000000  200000c0  200000c0  0000bcd8  2**0
                  CONTENTS
  6 .data         00000c18  200000c0  100094f4  0000b0c0  2**4
                  CONTENTS, ALLOC, LOAD, READONLY, CODE
  7 .tdata        00000000  20000cd8  20000cd8  0000bcd8  2**0
                  CONTENTS, ALLOC, LOAD, DATA, THREAD_LOCAL
  8 .tbss         00000000  20000cd8  20000cd8  00000000  2**0
                  ALLOC, THREAD_LOCAL
  9 .bss          00000f30  20000cd8  1000a10c  0000bcd8  2**3
                  ALLOC
 10 .heap         00000800  20001c08  1000a10c  0000cc08  2**2
                  ALLOC, READONLY
 11 .scratch_x    00000000  20040000  20040000  0000bcd8  2**0
                  CONTENTS
 12 .scratch_y    00000000  20041000  20041000  0000bcd8  2**0
                  CONTENTS
 13 .stack_dummy  00000800  20041000  20041000  0000c000  2**5
                  ALLOC, READONLY
 14 .ARM.attributes 00000028  00000000  00000000  0000bcd8  2**0
                  CONTENTS, READONLY
 15 .comment      00000045  00000000  00000000  0000bd00  2**0
                  CONTENTS, READONLY
 16 .debug_info   00030347  00000000  00000000  0000bd45  2**0
                  CONTENTS, READONLY, DEBUGGING, OCTETS
 17 .debug_abbrev 000087a4  00000000  00000000  0003c08c  2**0
                  CONTENTS, READONLY, DEBUGGING, OCTETS
 18 .debug_loclists 000158d6  00000000  00000000  00044830  2**0
                  CONTENTS, READONLY, DEBUGGING, OCTETS
 19 .debug_aranges 000019d8  00000000  00000000  0005a108  2**3
                  CONTENTS, READONLY, DEBUGGING, OCTETS
 20 .debug_rnglists 00001c4f  00000000  00000000  0005bae0  2**0
                  CONTENTS, READONLY, DEBUGGING, OCTETS
 21 .debug_line   0001dc24  00000000  00000000  0005d72f  2**0
                  CONTENTS, READONLY, DEBUGGING, OCTETS
 22 .debug_str    00008fbb  00000000  00000000  0007b353  2**0
                  CONTENTS, READONLY, DEBUGGING, OCTETS
 23 .debug_frame  00003990  00000000  00000000  00084310  2**2
                  CONTENTS, READONLY, DEBUGGING, OCTETS
 24 .debug_line_str 00000346  00000000  00000000  00087ca0  2**0
                  CONTENTS, READONLY, DEBUGGING, OCTETS

C:/Users/yigit/RPico/picoProjects/RP2040---MS5611/build/ms5611.elf:     file format elf32-littlearm


Disassembly of section .boot2:

10000000 <__boot2_start__>:
10000000:	4b32b500 	.word	0x4b32b500
10000004:	60582021 	.word	0x60582021
10000008:	21026898 	.word	0x21026898
1000000c:	60984388 	.word	0x60984388
10000010:	611860d8 	.word	0x611860d8
10000014:	4b2e6158 	.word	0x4b2e6158
10000018:	60992100 	.word	0x60992100
1000001c:	61592102 	.word	0x61592102
10000020:	22f02101 	.word	0x22f02101
10000024:	492b5099 	.word	0x492b5099
10000028:	21016019 	.word	0x21016019
1000002c:	20356099 	.word	0x20356099
10000030:	f844f000 	.word	0xf844f000
10000034:	42902202 	.word	0x42902202
10000038:	2106d014 	.word	0x2106d014
1000003c:	f0006619 	.word	0xf0006619
10000040:	6e19f834 	.word	0x6e19f834
10000044:	66192101 	.word	0x66192101
10000048:	66182000 	.word	0x66182000
1000004c:	f000661a 	.word	0xf000661a
10000050:	6e19f82c 	.word	0x6e19f82c
10000054:	6e196e19 	.word	0x6e196e19
10000058:	f0002005 	.word	0xf0002005
1000005c:	2101f82f 	.word	0x2101f82f
10000060:	d1f94208 	.word	0xd1f94208
10000064:	60992100 	.word	0x60992100
10000068:	6019491b 	.word	0x6019491b
1000006c:	60592100 	.word	0x60592100
10000070:	481b491a 	.word	0x481b491a
10000074:	21016001 	.word	0x21016001
10000078:	21eb6099 	.word	0x21eb6099
1000007c:	21a06619 	.word	0x21a06619
10000080:	f0006619 	.word	0xf0006619
10000084:	2100f812 	.word	0x2100f812
10000088:	49166099 	.word	0x49166099
1000008c:	60014814 	.word	0x60014814
10000090:	60992101 	.word	0x60992101
10000094:	2800bc01 	.word	0x2800bc01
10000098:	4700d000 	.word	0x4700d000
1000009c:	49134812 	.word	0x49134812
100000a0:	c8036008 	.word	0xc8036008
100000a4:	8808f380 	.word	0x8808f380
100000a8:	b5034708 	.word	0xb5034708
100000ac:	20046a99 	.word	0x20046a99
100000b0:	d0fb4201 	.word	0xd0fb4201
100000b4:	42012001 	.word	0x42012001
100000b8:	bd03d1f8 	.word	0xbd03d1f8
100000bc:	6618b502 	.word	0x6618b502
100000c0:	f7ff6618 	.word	0xf7ff6618
100000c4:	6e18fff2 	.word	0x6e18fff2
100000c8:	bd026e18 	.word	0xbd026e18
100000cc:	40020000 	.word	0x40020000
100000d0:	18000000 	.word	0x18000000
100000d4:	00070000 	.word	0x00070000
100000d8:	005f0300 	.word	0x005f0300
100000dc:	00002221 	.word	0x00002221
100000e0:	180000f4 	.word	0x180000f4
100000e4:	a0002022 	.word	0xa0002022
100000e8:	10000100 	.word	0x10000100
100000ec:	e000ed08 	.word	0xe000ed08
	...
100000fc:	7a4eb274 	.word	0x7a4eb274

Disassembly of section .text:

10000100 <__VECTOR_TABLE>:
10000100:	20042000 	.word	0x20042000
10000104:	100001f7 	.word	0x100001f7
10000108:	100001cb 	.word	0x100001cb
1000010c:	100001cd 	.word	0x100001cd
10000110:	100001c9 	.word	0x100001c9
10000114:	100001c9 	.word	0x100001c9
10000118:	100001c9 	.word	0x100001c9
1000011c:	100001c9 	.word	0x100001c9
10000120:	100001c9 	.word	0x100001c9
10000124:	100001c9 	.word	0x100001c9
10000128:	100001c9 	.word	0x100001c9
1000012c:	100001cf 	.word	0x100001cf
10000130:	100001c9 	.word	0x100001c9
10000134:	100001c9 	.word	0x100001c9
10000138:	100001d1 	.word	0x100001d1
1000013c:	100001d3 	.word	0x100001d3
10000140:	100001c1 	.word	0x100001c1
10000144:	100001c1 	.word	0x100001c1
10000148:	100001c1 	.word	0x100001c1
1000014c:	100001c1 	.word	0x100001c1
10000150:	100001c1 	.word	0x100001c1
10000154:	100001c1 	.word	0x100001c1
10000158:	100001c1 	.word	0x100001c1
1000015c:	100001c1 	.word	0x100001c1
10000160:	100001c1 	.word	0x100001c1
10000164:	100001c1 	.word	0x100001c1
10000168:	100001c1 	.word	0x100001c1
1000016c:	100001c1 	.word	0x100001c1
10000170:	100001c1 	.word	0x100001c1
10000174:	100001c1 	.word	0x100001c1
10000178:	100001c1 	.word	0x100001c1
1000017c:	100001c1 	.word	0x100001c1
10000180:	100001c1 	.word	0x100001c1
10000184:	100001c1 	.word	0x100001c1
10000188:	100001c1 	.word	0x100001c1
1000018c:	100001c1 	.word	0x100001c1
10000190:	100001c1 	.word	0x100001c1
10000194:	100001c1 	.word	0x100001c1
10000198:	100001c1 	.word	0x100001c1
1000019c:	100001c1 	.word	0x100001c1
100001a0:	100001c1 	.word	0x100001c1
100001a4:	100001c1 	.word	0x100001c1
100001a8:	100001c1 	.word	0x100001c1
100001ac:	100001c1 	.word	0x100001c1
100001b0:	100001c1 	.word	0x100001c1
100001b4:	100001c1 	.word	0x100001c1
100001b8:	100001c1 	.word	0x100001c1
100001bc:	100001c1 	.word	0x100001c1

100001c0 <__unhandled_user_irq>:
100001c0:	f3ef 8005 	mrs	r0, IPSR
100001c4:	3810      	subs	r0, #16

100001c6 <unhandled_user_irq_num_in_r0>:
100001c6:	be00      	bkpt	0x0000

100001c8 <isr_invalid>:
100001c8:	be00      	bkpt	0x0000

100001ca <isr_nmi>:
100001ca:	be00      	bkpt	0x0000

100001cc <isr_hardfault>:
100001cc:	be00      	bkpt	0x0000

100001ce <isr_svcall>:
100001ce:	be00      	bkpt	0x0000

100001d0 <isr_pendsv>:
100001d0:	be00      	bkpt	0x0000

100001d2 <isr_systick>:
100001d2:	be00      	bkpt	0x0000

100001d4 <__default_isrs_end>:
100001d4:	7188ebf2 	.word	0x7188ebf2
100001d8:	100094d4 	.word	0x100094d4
100001dc:	100094f4 	.word	0x100094f4
100001e0:	10000238 	.word	0x10000238
100001e4:	e71aa390 	.word	0xe71aa390

100001e8 <_entry_point>:
100001e8:	481e      	ldr	r0, [pc, #120]	@ (10000264 <data_cpy_table+0x2c>)

100001ea <_enter_vtable_in_r0>:
100001ea:	491f      	ldr	r1, [pc, #124]	@ (10000268 <data_cpy_table+0x30>)
100001ec:	6008      	str	r0, [r1, #0]
100001ee:	c806      	ldmia	r0!, {r1, r2}
100001f0:	f381 8808 	msr	MSP, r1
100001f4:	4710      	bx	r2

100001f6 <_reset_handler>:
100001f6:	481d      	ldr	r0, [pc, #116]	@ (1000026c <data_cpy_table+0x34>)
100001f8:	6800      	ldr	r0, [r0, #0]
100001fa:	2800      	cmp	r0, #0
100001fc:	d001      	beq.n	10000202 <hold_non_core0_in_bootrom+0x4>

100001fe <hold_non_core0_in_bootrom>:
100001fe:	4819      	ldr	r0, [pc, #100]	@ (10000264 <data_cpy_table+0x2c>)
10000200:	e7f3      	b.n	100001ea <_enter_vtable_in_r0>
10000202:	a40d      	add	r4, pc, #52	@ (adr r4, 10000238 <data_cpy_table>)
10000204:	cc0e      	ldmia	r4!, {r1, r2, r3}
10000206:	2900      	cmp	r1, #0
10000208:	d002      	beq.n	10000210 <hold_non_core0_in_bootrom+0x12>
1000020a:	f000 f812 	bl	10000232 <data_cpy>
1000020e:	e7f9      	b.n	10000204 <hold_non_core0_in_bootrom+0x6>
10000210:	4917      	ldr	r1, [pc, #92]	@ (10000270 <data_cpy_table+0x38>)
10000212:	4a18      	ldr	r2, [pc, #96]	@ (10000274 <data_cpy_table+0x3c>)
10000214:	2000      	movs	r0, #0
10000216:	e000      	b.n	1000021a <bss_fill_test>

10000218 <bss_fill_loop>:
10000218:	c101      	stmia	r1!, {r0}

1000021a <bss_fill_test>:
1000021a:	4291      	cmp	r1, r2
1000021c:	d1fc      	bne.n	10000218 <bss_fill_loop>

1000021e <platform_entry>:
1000021e:	4916      	ldr	r1, [pc, #88]	@ (10000278 <data_cpy_table+0x40>)
10000220:	4788      	blx	r1
10000222:	4916      	ldr	r1, [pc, #88]	@ (1000027c <data_cpy_table+0x44>)
10000224:	4788      	blx	r1
10000226:	4916      	ldr	r1, [pc, #88]	@ (10000280 <data_cpy_table+0x48>)
10000228:	4788      	blx	r1
1000022a:	be00      	bkpt	0x0000
1000022c:	e7fd      	b.n	1000022a <platform_entry+0xc>

1000022e <data_cpy_loop>:
1000022e:	c901      	ldmia	r1!, {r0}
10000230:	c201      	stmia	r2!, {r0}

10000232 <data_cpy>:
10000232:	429a      	cmp	r2, r3
10000234:	d3fb      	bcc.n	1000022e <data_cpy_loop>
10000236:	4770      	bx	lr

10000238 <data_cpy_table>:
10000238:	100094f4 	.word	0x100094f4
1000023c:	200000c0 	.word	0x200000c0
10000240:	20000cd8 	.word	0x20000cd8
10000244:	1000a10c 	.word	0x1000a10c
10000248:	20040000 	.word	0x20040000
1000024c:	20040000 	.word	0x20040000
10000250:	1000a10c 	.word	0x1000a10c
10000254:	20041000 	.word	0x20041000
10000258:	20041000 	.word	0x20041000
1000025c:	00000000 	.word	0x00000000
10000260:	4770      	bx	lr
10000262:	0000      	.short	0x0000
10000264:	00000000 	.word	0x00000000
10000268:	e000ed08 	.word	0xe000ed08
1000026c:	d0000000 	.word	0xd0000000
10000270:	20000cd8 	.word	0x20000cd8
10000274:	20001c08 	.word	0x20001c08
10000278:	10004a75 	.word	0x10004a75
1000027c:	10000795 	.word	0x10000795
10000280:	10004a35 	.word	0x10004a35

10000284 <_init>:
10000284:	b5f8      	push	{r3, r4, r5, r6, r7, lr}
10000286:	46c0      	nop			@ (mov r8, r8)

10000288 <register_tm_clones>:
10000288:	4806      	ldr	r0, [pc, #24]	@ (100002a4 <register_tm_clones+0x1c>)
1000028a:	4907      	ldr	r1, [pc, #28]	@ (100002a8 <register_tm_clones+0x20>)
1000028c:	1a09      	subs	r1, r1, r0
1000028e:	108b      	asrs	r3, r1, #2
10000290:	0fc9      	lsrs	r1, r1, #31
10000292:	18c9      	adds	r1, r1, r3
10000294:	b510      	push	{r4, lr}
10000296:	1049      	asrs	r1, r1, #1
10000298:	d003      	beq.n	100002a2 <register_tm_clones+0x1a>
1000029a:	4b04      	ldr	r3, [pc, #16]	@ (100002ac <register_tm_clones+0x24>)
1000029c:	2b00      	cmp	r3, #0
1000029e:	d000      	beq.n	100002a2 <register_tm_clones+0x1a>
100002a0:	4798      	blx	r3
100002a2:	bd10      	pop	{r4, pc}
100002a4:	20000cd8 	.word	0x20000cd8
100002a8:	20000cd8 	.word	0x20000cd8
100002ac:	00000000 	.word	0x00000000

100002b0 <frame_dummy>:
100002b0:	4b05      	ldr	r3, [pc, #20]	@ (100002c8 <frame_dummy+0x18>)
100002b2:	b510      	push	{r4, lr}
100002b4:	2b00      	cmp	r3, #0
100002b6:	d003      	beq.n	100002c0 <frame_dummy+0x10>
100002b8:	4904      	ldr	r1, [pc, #16]	@ (100002cc <frame_dummy+0x1c>)
100002ba:	4805      	ldr	r0, [pc, #20]	@ (100002d0 <frame_dummy+0x20>)
100002bc:	e000      	b.n	100002c0 <frame_dummy+0x10>
100002be:	bf00      	nop
100002c0:	f7ff ffe2 	bl	10000288 <register_tm_clones>
100002c4:	bd10      	pop	{r4, pc}
100002c6:	46c0      	nop			@ (mov r8, r8)
100002c8:	00000000 	.word	0x00000000
100002cc:	20001980 	.word	0x20001980
100002d0:	10008004 	.word	0x10008004

100002d4 <ms5611_reset>:
100002d4:	b500      	push	{lr}
100002d6:	b085      	sub	sp, #20
100002d8:	220f      	movs	r2, #15
100002da:	446a      	add	r2, sp
100002dc:	231e      	movs	r3, #30
100002de:	7013      	strb	r3, [r2, #0]
100002e0:	4804      	ldr	r0, [pc, #16]	@ (100002f4 <ms5611_reset+0x20>)
100002e2:	2300      	movs	r3, #0
100002e4:	9300      	str	r3, [sp, #0]
100002e6:	3301      	adds	r3, #1
100002e8:	2177      	movs	r1, #119	@ 0x77
100002ea:	f007 fdb7 	bl	10007e5c <i2c_write_blocking>
100002ee:	b005      	add	sp, #20
100002f0:	bd00      	pop	{pc}
100002f2:	46c0      	nop			@ (mov r8, r8)
100002f4:	20000cc8 	.word	0x20000cc8

100002f8 <ms5611_read_calib_data>:
100002f8:	b570      	push	{r4, r5, r6, lr}
100002fa:	b084      	sub	sp, #16
100002fc:	230b      	movs	r3, #11
100002fe:	446b      	add	r3, sp
10000300:	22a0      	movs	r2, #160	@ 0xa0
10000302:	701a      	strb	r2, [r3, #0]
10000304:	2400      	movs	r4, #0
10000306:	e023      	b.n	10000350 <ms5611_read_calib_data+0x58>
10000308:	4d15      	ldr	r5, [pc, #84]	@ (10000360 <ms5611_read_calib_data+0x68>)
1000030a:	2600      	movs	r6, #0
1000030c:	9600      	str	r6, [sp, #0]
1000030e:	2301      	movs	r3, #1
10000310:	220b      	movs	r2, #11
10000312:	446a      	add	r2, sp
10000314:	2177      	movs	r1, #119	@ 0x77
10000316:	0028      	movs	r0, r5
10000318:	f007 fda0 	bl	10007e5c <i2c_write_blocking>
1000031c:	9600      	str	r6, [sp, #0]
1000031e:	2302      	movs	r3, #2
10000320:	aa03      	add	r2, sp, #12
10000322:	2177      	movs	r1, #119	@ 0x77
10000324:	0028      	movs	r0, r5
10000326:	f007 fda5 	bl	10007e74 <i2c_read_blocking>
1000032a:	466b      	mov	r3, sp
1000032c:	7b1b      	ldrb	r3, [r3, #12]
1000032e:	466a      	mov	r2, sp
10000330:	7b51      	ldrb	r1, [r2, #13]
10000332:	021b      	lsls	r3, r3, #8
10000334:	4319      	orrs	r1, r3
10000336:	4b0b      	ldr	r3, [pc, #44]	@ (10000364 <ms5611_read_calib_data+0x6c>)
10000338:	0062      	lsls	r2, r4, #1
1000033a:	52d1      	strh	r1, [r2, r3]
1000033c:	480a      	ldr	r0, [pc, #40]	@ (10000368 <ms5611_read_calib_data+0x70>)
1000033e:	f004 fceb 	bl	10004d18 <__wrap_printf>
10000342:	466b      	mov	r3, sp
10000344:	7adb      	ldrb	r3, [r3, #11]
10000346:	3302      	adds	r3, #2
10000348:	466a      	mov	r2, sp
1000034a:	72d3      	strb	r3, [r2, #11]
1000034c:	3401      	adds	r4, #1
1000034e:	b2e4      	uxtb	r4, r4
10000350:	230b      	movs	r3, #11
10000352:	446b      	add	r3, sp
10000354:	781b      	ldrb	r3, [r3, #0]
10000356:	2bae      	cmp	r3, #174	@ 0xae
10000358:	d9d6      	bls.n	10000308 <ms5611_read_calib_data+0x10>
1000035a:	b004      	add	sp, #16
1000035c:	bd70      	pop	{r4, r5, r6, pc}
1000035e:	46c0      	nop			@ (mov r8, r8)
10000360:	20000cc8 	.word	0x20000cc8
10000364:	200014f8 	.word	0x200014f8
10000368:	10008008 	.word	0x10008008

1000036c <ms5611_read_raw>:
1000036c:	b5f0      	push	{r4, r5, r6, r7, lr}
1000036e:	46c6      	mov	lr, r8
10000370:	b500      	push	{lr}
10000372:	b084      	sub	sp, #16
10000374:	ac03      	add	r4, sp, #12
10000376:	2203      	movs	r2, #3
10000378:	2100      	movs	r1, #0
1000037a:	0020      	movs	r0, r4
1000037c:	f003 fa70 	bl	10003860 <__wrap_memset>
10000380:	270b      	movs	r7, #11
10000382:	446f      	add	r7, sp
10000384:	2600      	movs	r6, #0
10000386:	703e      	strb	r6, [r7, #0]
10000388:	220a      	movs	r2, #10
1000038a:	446a      	add	r2, sp
1000038c:	2348      	movs	r3, #72	@ 0x48
1000038e:	7013      	strb	r3, [r2, #0]
10000390:	4d2c      	ldr	r5, [pc, #176]	@ (10000444 <ms5611_read_raw+0xd8>)
10000392:	3b47      	subs	r3, #71	@ 0x47
10000394:	4698      	mov	r8, r3
10000396:	9300      	str	r3, [sp, #0]
10000398:	2177      	movs	r1, #119	@ 0x77
1000039a:	0028      	movs	r0, r5
1000039c:	f007 fd5e 	bl	10007e5c <i2c_write_blocking>
100003a0:	4829      	ldr	r0, [pc, #164]	@ (10000448 <ms5611_read_raw+0xdc>)
100003a2:	2100      	movs	r1, #0
100003a4:	f001 f99c 	bl	100016e0 <sleep_us>
100003a8:	4643      	mov	r3, r8
100003aa:	9300      	str	r3, [sp, #0]
100003ac:	003a      	movs	r2, r7
100003ae:	2177      	movs	r1, #119	@ 0x77
100003b0:	0028      	movs	r0, r5
100003b2:	f007 fd53 	bl	10007e5c <i2c_write_blocking>
100003b6:	9600      	str	r6, [sp, #0]
100003b8:	2303      	movs	r3, #3
100003ba:	0022      	movs	r2, r4
100003bc:	2177      	movs	r1, #119	@ 0x77
100003be:	0028      	movs	r0, r5
100003c0:	f007 fd58 	bl	10007e74 <i2c_read_blocking>
100003c4:	7823      	ldrb	r3, [r4, #0]
100003c6:	041b      	lsls	r3, r3, #16
100003c8:	7862      	ldrb	r2, [r4, #1]
100003ca:	0212      	lsls	r2, r2, #8
100003cc:	4313      	orrs	r3, r2
100003ce:	78a2      	ldrb	r2, [r4, #2]
100003d0:	4313      	orrs	r3, r2
100003d2:	4a1e      	ldr	r2, [pc, #120]	@ (1000044c <ms5611_read_raw+0xe0>)
100003d4:	6013      	str	r3, [r2, #0]
100003d6:	2300      	movs	r3, #0
100003d8:	e003      	b.n	100003e2 <ms5611_read_raw+0x76>
100003da:	aa03      	add	r2, sp, #12
100003dc:	2100      	movs	r1, #0
100003de:	54d1      	strb	r1, [r2, r3]
100003e0:	3301      	adds	r3, #1
100003e2:	2b02      	cmp	r3, #2
100003e4:	ddf9      	ble.n	100003da <ms5611_read_raw+0x6e>
100003e6:	220a      	movs	r2, #10
100003e8:	446a      	add	r2, sp
100003ea:	2358      	movs	r3, #88	@ 0x58
100003ec:	7013      	strb	r3, [r2, #0]
100003ee:	4d15      	ldr	r5, [pc, #84]	@ (10000444 <ms5611_read_raw+0xd8>)
100003f0:	2401      	movs	r4, #1
100003f2:	9400      	str	r4, [sp, #0]
100003f4:	3b57      	subs	r3, #87	@ 0x57
100003f6:	2177      	movs	r1, #119	@ 0x77
100003f8:	0028      	movs	r0, r5
100003fa:	f007 fd2f 	bl	10007e5c <i2c_write_blocking>
100003fe:	4812      	ldr	r0, [pc, #72]	@ (10000448 <ms5611_read_raw+0xdc>)
10000400:	2100      	movs	r1, #0
10000402:	f001 f96d 	bl	100016e0 <sleep_us>
10000406:	9400      	str	r4, [sp, #0]
10000408:	2301      	movs	r3, #1
1000040a:	220b      	movs	r2, #11
1000040c:	446a      	add	r2, sp
1000040e:	2177      	movs	r1, #119	@ 0x77
10000410:	0028      	movs	r0, r5
10000412:	f007 fd23 	bl	10007e5c <i2c_write_blocking>
10000416:	ac03      	add	r4, sp, #12
10000418:	2300      	movs	r3, #0
1000041a:	9300      	str	r3, [sp, #0]
1000041c:	3303      	adds	r3, #3
1000041e:	0022      	movs	r2, r4
10000420:	2177      	movs	r1, #119	@ 0x77
10000422:	0028      	movs	r0, r5
10000424:	f007 fd26 	bl	10007e74 <i2c_read_blocking>
10000428:	7823      	ldrb	r3, [r4, #0]
1000042a:	041b      	lsls	r3, r3, #16
1000042c:	7862      	ldrb	r2, [r4, #1]
1000042e:	0212      	lsls	r2, r2, #8
10000430:	4313      	orrs	r3, r2
10000432:	78a2      	ldrb	r2, [r4, #2]
10000434:	4313      	orrs	r3, r2
10000436:	4a06      	ldr	r2, [pc, #24]	@ (10000450 <ms5611_read_raw+0xe4>)
10000438:	6013      	str	r3, [r2, #0]
1000043a:	b004      	add	sp, #16
1000043c:	bc80      	pop	{r7}
1000043e:	46b8      	mov	r8, r7
10000440:	bdf0      	pop	{r4, r5, r6, r7, pc}
10000442:	46c0      	nop			@ (mov r8, r8)
10000444:	20000cc8 	.word	0x20000cc8
10000448:	0000238c 	.word	0x0000238c
1000044c:	200019bc 	.word	0x200019bc
10000450:	200019c0 	.word	0x200019c0

10000454 <ms5611_convert_datas>:
10000454:	b5f0      	push	{r4, r5, r6, r7, lr}
10000456:	46de      	mov	lr, fp
10000458:	4657      	mov	r7, sl
1000045a:	464e      	mov	r6, r9
1000045c:	4645      	mov	r5, r8
1000045e:	b5e0      	push	{r5, r6, r7, lr}
10000460:	b083      	sub	sp, #12
10000462:	4f8f      	ldr	r7, [pc, #572]	@ (100006a0 <ms5611_convert_datas+0x24c>)
10000464:	8978      	ldrh	r0, [r7, #10]
10000466:	f002 f825 	bl	100024b4 <__wrap___aeabi_i2d>
1000046a:	2200      	movs	r2, #0
1000046c:	4b8d      	ldr	r3, [pc, #564]	@ (100006a4 <ms5611_convert_datas+0x250>)
1000046e:	f001 ffaa 	bl	100023c6 <__wrap___aeabi_dmul>
10000472:	0004      	movs	r4, r0
10000474:	000d      	movs	r5, r1
10000476:	4b8c      	ldr	r3, [pc, #560]	@ (100006a8 <ms5611_convert_datas+0x254>)
10000478:	6818      	ldr	r0, [r3, #0]
1000047a:	f002 f817 	bl	100024ac <__wrap___aeabi_ui2d>
1000047e:	0022      	movs	r2, r4
10000480:	002b      	movs	r3, r5
10000482:	f001 ff70 	bl	10002366 <__wrap___aeabi_dsub>
10000486:	f002 f851 	bl	1000252c <__wrap___aeabi_d2uiz>
1000048a:	0006      	movs	r6, r0
1000048c:	4b87      	ldr	r3, [pc, #540]	@ (100006ac <ms5611_convert_datas+0x258>)
1000048e:	6018      	str	r0, [r3, #0]
10000490:	89b8      	ldrh	r0, [r7, #12]
10000492:	4370      	muls	r0, r6
10000494:	f002 f80a 	bl	100024ac <__wrap___aeabi_ui2d>
10000498:	2200      	movs	r2, #0
1000049a:	23fa      	movs	r3, #250	@ 0xfa
1000049c:	059b      	lsls	r3, r3, #22
1000049e:	f001 ff92 	bl	100023c6 <__wrap___aeabi_dmul>
100004a2:	2200      	movs	r2, #0
100004a4:	4b82      	ldr	r3, [pc, #520]	@ (100006b0 <ms5611_convert_datas+0x25c>)
100004a6:	f001 ff67 	bl	10002378 <__wrap___aeabi_dadd>
100004aa:	f002 f81b 	bl	100024e4 <__wrap___aeabi_d2iz>
100004ae:	4680      	mov	r8, r0
100004b0:	4b80      	ldr	r3, [pc, #512]	@ (100006b4 <ms5611_convert_datas+0x260>)
100004b2:	6018      	str	r0, [r3, #0]
100004b4:	88b8      	ldrh	r0, [r7, #4]
100004b6:	f001 fffd 	bl	100024b4 <__wrap___aeabi_i2d>
100004ba:	2200      	movs	r2, #0
100004bc:	4b7e      	ldr	r3, [pc, #504]	@ (100006b8 <ms5611_convert_datas+0x264>)
100004be:	f001 ff82 	bl	100023c6 <__wrap___aeabi_dmul>
100004c2:	0004      	movs	r4, r0
100004c4:	000d      	movs	r5, r1
100004c6:	8938      	ldrh	r0, [r7, #8]
100004c8:	4370      	muls	r0, r6
100004ca:	f001 ffef 	bl	100024ac <__wrap___aeabi_ui2d>
100004ce:	2200      	movs	r2, #0
100004d0:	23fe      	movs	r3, #254	@ 0xfe
100004d2:	059b      	lsls	r3, r3, #22
100004d4:	f001 ff77 	bl	100023c6 <__wrap___aeabi_dmul>
100004d8:	0002      	movs	r2, r0
100004da:	000b      	movs	r3, r1
100004dc:	0020      	movs	r0, r4
100004de:	0029      	movs	r1, r5
100004e0:	f001 ff4a 	bl	10002378 <__wrap___aeabi_dadd>
100004e4:	f001 fffe 	bl	100024e4 <__wrap___aeabi_d2iz>
100004e8:	4682      	mov	sl, r0
100004ea:	4b74      	ldr	r3, [pc, #464]	@ (100006bc <ms5611_convert_datas+0x268>)
100004ec:	6018      	str	r0, [r3, #0]
100004ee:	8878      	ldrh	r0, [r7, #2]
100004f0:	f001 ffe0 	bl	100024b4 <__wrap___aeabi_i2d>
100004f4:	2200      	movs	r2, #0
100004f6:	4b72      	ldr	r3, [pc, #456]	@ (100006c0 <ms5611_convert_datas+0x26c>)
100004f8:	f001 ff65 	bl	100023c6 <__wrap___aeabi_dmul>
100004fc:	0004      	movs	r4, r0
100004fe:	000d      	movs	r5, r1
10000500:	88f8      	ldrh	r0, [r7, #6]
10000502:	4370      	muls	r0, r6
10000504:	f001 ffd2 	bl	100024ac <__wrap___aeabi_ui2d>
10000508:	2200      	movs	r2, #0
1000050a:	4b6e      	ldr	r3, [pc, #440]	@ (100006c4 <ms5611_convert_datas+0x270>)
1000050c:	f001 ff5b 	bl	100023c6 <__wrap___aeabi_dmul>
10000510:	0002      	movs	r2, r0
10000512:	000b      	movs	r3, r1
10000514:	0020      	movs	r0, r4
10000516:	0029      	movs	r1, r5
10000518:	f001 ff2e 	bl	10002378 <__wrap___aeabi_dadd>
1000051c:	f001 ffe2 	bl	100024e4 <__wrap___aeabi_d2iz>
10000520:	4681      	mov	r9, r0
10000522:	4b69      	ldr	r3, [pc, #420]	@ (100006c8 <ms5611_convert_datas+0x274>)
10000524:	6018      	str	r0, [r3, #0]
10000526:	23fa      	movs	r3, #250	@ 0xfa
10000528:	00db      	lsls	r3, r3, #3
1000052a:	4598      	cmp	r8, r3
1000052c:	db3c      	blt.n	100005a8 <ms5611_convert_datas+0x154>
1000052e:	4a67      	ldr	r2, [pc, #412]	@ (100006cc <ms5611_convert_datas+0x278>)
10000530:	2300      	movs	r3, #0
10000532:	6013      	str	r3, [r2, #0]
10000534:	4a66      	ldr	r2, [pc, #408]	@ (100006d0 <ms5611_convert_datas+0x27c>)
10000536:	6013      	str	r3, [r2, #0]
10000538:	4a66      	ldr	r2, [pc, #408]	@ (100006d4 <ms5611_convert_datas+0x280>)
1000053a:	6013      	str	r3, [r2, #0]
1000053c:	4a5d      	ldr	r2, [pc, #372]	@ (100006b4 <ms5611_convert_datas+0x260>)
1000053e:	4b63      	ldr	r3, [pc, #396]	@ (100006cc <ms5611_convert_datas+0x278>)
10000540:	681b      	ldr	r3, [r3, #0]
10000542:	4641      	mov	r1, r8
10000544:	1acb      	subs	r3, r1, r3
10000546:	6013      	str	r3, [r2, #0]
10000548:	4b61      	ldr	r3, [pc, #388]	@ (100006d0 <ms5611_convert_datas+0x27c>)
1000054a:	681c      	ldr	r4, [r3, #0]
1000054c:	4653      	mov	r3, sl
1000054e:	1b1c      	subs	r4, r3, r4
10000550:	4b5a      	ldr	r3, [pc, #360]	@ (100006bc <ms5611_convert_datas+0x268>)
10000552:	601c      	str	r4, [r3, #0]
10000554:	4b5f      	ldr	r3, [pc, #380]	@ (100006d4 <ms5611_convert_datas+0x280>)
10000556:	681b      	ldr	r3, [r3, #0]
10000558:	464a      	mov	r2, r9
1000055a:	1ad3      	subs	r3, r2, r3
1000055c:	4a5a      	ldr	r2, [pc, #360]	@ (100006c8 <ms5611_convert_datas+0x274>)
1000055e:	6013      	str	r3, [r2, #0]
10000560:	4a5d      	ldr	r2, [pc, #372]	@ (100006d8 <ms5611_convert_datas+0x284>)
10000562:	6810      	ldr	r0, [r2, #0]
10000564:	4358      	muls	r0, r3
10000566:	f001 ffa1 	bl	100024ac <__wrap___aeabi_ui2d>
1000056a:	2200      	movs	r2, #0
1000056c:	4b5b      	ldr	r3, [pc, #364]	@ (100006dc <ms5611_convert_datas+0x288>)
1000056e:	f001 ff2a 	bl	100023c6 <__wrap___aeabi_dmul>
10000572:	0006      	movs	r6, r0
10000574:	000f      	movs	r7, r1
10000576:	0020      	movs	r0, r4
10000578:	f001 ff9c 	bl	100024b4 <__wrap___aeabi_i2d>
1000057c:	0002      	movs	r2, r0
1000057e:	000b      	movs	r3, r1
10000580:	0030      	movs	r0, r6
10000582:	0039      	movs	r1, r7
10000584:	f001 feef 	bl	10002366 <__wrap___aeabi_dsub>
10000588:	2200      	movs	r2, #0
1000058a:	23fc      	movs	r3, #252	@ 0xfc
1000058c:	059b      	lsls	r3, r3, #22
1000058e:	f001 ff1a 	bl	100023c6 <__wrap___aeabi_dmul>
10000592:	4c53      	ldr	r4, [pc, #332]	@ (100006e0 <ms5611_convert_datas+0x28c>)
10000594:	f001 ffa6 	bl	100024e4 <__wrap___aeabi_d2iz>
10000598:	6020      	str	r0, [r4, #0]
1000059a:	b003      	add	sp, #12
1000059c:	bcf0      	pop	{r4, r5, r6, r7}
1000059e:	46bb      	mov	fp, r7
100005a0:	46b2      	mov	sl, r6
100005a2:	46a9      	mov	r9, r5
100005a4:	46a0      	mov	r8, r4
100005a6:	bdf0      	pop	{r4, r5, r6, r7, pc}
100005a8:	2400      	movs	r4, #0
100005aa:	2580      	movs	r5, #128	@ 0x80
100005ac:	05ed      	lsls	r5, r5, #23
100005ae:	0030      	movs	r0, r6
100005b0:	f001 ff7c 	bl	100024ac <__wrap___aeabi_ui2d>
100005b4:	0022      	movs	r2, r4
100005b6:	002b      	movs	r3, r5
100005b8:	f002 fb02 	bl	10002bc0 <__wrap_pow>
100005bc:	2200      	movs	r2, #0
100005be:	23f8      	movs	r3, #248	@ 0xf8
100005c0:	059b      	lsls	r3, r3, #22
100005c2:	f001 ff00 	bl	100023c6 <__wrap___aeabi_dmul>
100005c6:	4e41      	ldr	r6, [pc, #260]	@ (100006cc <ms5611_convert_datas+0x278>)
100005c8:	f001 ff8c 	bl	100024e4 <__wrap___aeabi_d2iz>
100005cc:	6030      	str	r0, [r6, #0]
100005ce:	4845      	ldr	r0, [pc, #276]	@ (100006e4 <ms5611_convert_datas+0x290>)
100005d0:	4440      	add	r0, r8
100005d2:	f001 ff6f 	bl	100024b4 <__wrap___aeabi_i2d>
100005d6:	0006      	movs	r6, r0
100005d8:	000f      	movs	r7, r1
100005da:	0022      	movs	r2, r4
100005dc:	002b      	movs	r3, r5
100005de:	f002 faef 	bl	10002bc0 <__wrap_pow>
100005e2:	2200      	movs	r2, #0
100005e4:	4b40      	ldr	r3, [pc, #256]	@ (100006e8 <ms5611_convert_datas+0x294>)
100005e6:	f001 feee 	bl	100023c6 <__wrap___aeabi_dmul>
100005ea:	2200      	movs	r2, #0
100005ec:	4b3f      	ldr	r3, [pc, #252]	@ (100006ec <ms5611_convert_datas+0x298>)
100005ee:	f001 feea 	bl	100023c6 <__wrap___aeabi_dmul>
100005f2:	f001 ff77 	bl	100024e4 <__wrap___aeabi_d2iz>
100005f6:	4683      	mov	fp, r0
100005f8:	4b35      	ldr	r3, [pc, #212]	@ (100006d0 <ms5611_convert_datas+0x27c>)
100005fa:	6018      	str	r0, [r3, #0]
100005fc:	0022      	movs	r2, r4
100005fe:	002b      	movs	r3, r5
10000600:	0030      	movs	r0, r6
10000602:	0039      	movs	r1, r7
10000604:	f002 fadc 	bl	10002bc0 <__wrap_pow>
10000608:	2200      	movs	r2, #0
1000060a:	4b37      	ldr	r3, [pc, #220]	@ (100006e8 <ms5611_convert_datas+0x294>)
1000060c:	f001 fedb 	bl	100023c6 <__wrap___aeabi_dmul>
10000610:	2200      	movs	r2, #0
10000612:	4b37      	ldr	r3, [pc, #220]	@ (100006f0 <ms5611_convert_datas+0x29c>)
10000614:	f001 fed7 	bl	100023c6 <__wrap___aeabi_dmul>
10000618:	f001 ff64 	bl	100024e4 <__wrap___aeabi_d2iz>
1000061c:	0006      	movs	r6, r0
1000061e:	4b2d      	ldr	r3, [pc, #180]	@ (100006d4 <ms5611_convert_datas+0x280>)
10000620:	6018      	str	r0, [r3, #0]
10000622:	4b34      	ldr	r3, [pc, #208]	@ (100006f4 <ms5611_convert_datas+0x2a0>)
10000624:	4598      	cmp	r8, r3
10000626:	db00      	blt.n	1000062a <ms5611_convert_datas+0x1d6>
10000628:	e788      	b.n	1000053c <ms5611_convert_datas+0xe8>
1000062a:	4833      	ldr	r0, [pc, #204]	@ (100006f8 <ms5611_convert_datas+0x2a4>)
1000062c:	4440      	add	r0, r8
1000062e:	f001 ff41 	bl	100024b4 <__wrap___aeabi_i2d>
10000632:	0022      	movs	r2, r4
10000634:	002b      	movs	r3, r5
10000636:	9000      	str	r0, [sp, #0]
10000638:	9101      	str	r1, [sp, #4]
1000063a:	f002 fac1 	bl	10002bc0 <__wrap_pow>
1000063e:	2200      	movs	r2, #0
10000640:	4b2e      	ldr	r3, [pc, #184]	@ (100006fc <ms5611_convert_datas+0x2a8>)
10000642:	f001 fec0 	bl	100023c6 <__wrap___aeabi_dmul>
10000646:	0004      	movs	r4, r0
10000648:	000d      	movs	r5, r1
1000064a:	4f21      	ldr	r7, [pc, #132]	@ (100006d0 <ms5611_convert_datas+0x27c>)
1000064c:	4658      	mov	r0, fp
1000064e:	f001 ff31 	bl	100024b4 <__wrap___aeabi_i2d>
10000652:	0022      	movs	r2, r4
10000654:	002b      	movs	r3, r5
10000656:	f001 fe8f 	bl	10002378 <__wrap___aeabi_dadd>
1000065a:	f001 ff43 	bl	100024e4 <__wrap___aeabi_d2iz>
1000065e:	6038      	str	r0, [r7, #0]
10000660:	2200      	movs	r2, #0
10000662:	2380      	movs	r3, #128	@ 0x80
10000664:	05db      	lsls	r3, r3, #23
10000666:	9800      	ldr	r0, [sp, #0]
10000668:	9901      	ldr	r1, [sp, #4]
1000066a:	f002 faa9 	bl	10002bc0 <__wrap_pow>
1000066e:	2200      	movs	r2, #0
10000670:	4b23      	ldr	r3, [pc, #140]	@ (10000700 <ms5611_convert_datas+0x2ac>)
10000672:	f001 fea8 	bl	100023c6 <__wrap___aeabi_dmul>
10000676:	2200      	movs	r2, #0
10000678:	4b1c      	ldr	r3, [pc, #112]	@ (100006ec <ms5611_convert_datas+0x298>)
1000067a:	f001 fea4 	bl	100023c6 <__wrap___aeabi_dmul>
1000067e:	0004      	movs	r4, r0
10000680:	000d      	movs	r5, r1
10000682:	4b14      	ldr	r3, [pc, #80]	@ (100006d4 <ms5611_convert_datas+0x280>)
10000684:	469b      	mov	fp, r3
10000686:	0030      	movs	r0, r6
10000688:	f001 ff14 	bl	100024b4 <__wrap___aeabi_i2d>
1000068c:	0022      	movs	r2, r4
1000068e:	002b      	movs	r3, r5
10000690:	f001 fe72 	bl	10002378 <__wrap___aeabi_dadd>
10000694:	f001 ff26 	bl	100024e4 <__wrap___aeabi_d2iz>
10000698:	465b      	mov	r3, fp
1000069a:	6018      	str	r0, [r3, #0]
1000069c:	e74e      	b.n	1000053c <ms5611_convert_datas+0xe8>
1000069e:	46c0      	nop			@ (mov r8, r8)
100006a0:	200014f8 	.word	0x200014f8
100006a4:	40700000 	.word	0x40700000
100006a8:	200019c0 	.word	0x200019c0
100006ac:	20001540 	.word	0x20001540
100006b0:	409f4000 	.word	0x409f4000
100006b4:	20001be8 	.word	0x20001be8
100006b8:	40f00000 	.word	0x40f00000
100006bc:	20001998 	.word	0x20001998
100006c0:	40e00000 	.word	0x40e00000
100006c4:	3f700000 	.word	0x3f700000
100006c8:	20001acc 	.word	0x20001acc
100006cc:	20001be4 	.word	0x20001be4
100006d0:	2000199c 	.word	0x2000199c
100006d4:	20001ad0 	.word	0x20001ad0
100006d8:	200019bc 	.word	0x200019bc
100006dc:	3ea00000 	.word	0x3ea00000
100006e0:	200019b8 	.word	0x200019b8
100006e4:	fffff830 	.word	0xfffff830
100006e8:	40140000 	.word	0x40140000
100006ec:	3fe00000 	.word	0x3fe00000
100006f0:	3fd00000 	.word	0x3fd00000
100006f4:	fffffa24 	.word	0xfffffa24
100006f8:	000005dc 	.word	0x000005dc
100006fc:	401c0000 	.word	0x401c0000
10000700:	40260000 	.word	0x40260000

10000704 <calc_altitude>:
10000704:	b570      	push	{r4, r5, r6, lr}
10000706:	4b18      	ldr	r3, [pc, #96]	@ (10000768 <calc_altitude+0x64>)
10000708:	6818      	ldr	r0, [r3, #0]
1000070a:	f002 ffc5 	bl	10003698 <__wrap___aeabi_i2f>
1000070e:	4917      	ldr	r1, [pc, #92]	@ (1000076c <calc_altitude+0x68>)
10000710:	f002 ffa3 	bl	1000365a <__wrap___aeabi_fdiv>
10000714:	f002 ffe2 	bl	100036dc <__wrap___aeabi_f2d>
10000718:	4a15      	ldr	r2, [pc, #84]	@ (10000770 <calc_altitude+0x6c>)
1000071a:	4b16      	ldr	r3, [pc, #88]	@ (10000774 <calc_altitude+0x70>)
1000071c:	f001 fe2c 	bl	10002378 <__wrap___aeabi_dadd>
10000720:	4a15      	ldr	r2, [pc, #84]	@ (10000778 <calc_altitude+0x74>)
10000722:	4b16      	ldr	r3, [pc, #88]	@ (1000077c <calc_altitude+0x78>)
10000724:	f001 fe31 	bl	1000238a <__wrap___aeabi_ddiv>
10000728:	0004      	movs	r4, r0
1000072a:	000d      	movs	r5, r1
1000072c:	4b14      	ldr	r3, [pc, #80]	@ (10000780 <calc_altitude+0x7c>)
1000072e:	6818      	ldr	r0, [r3, #0]
10000730:	f002 ffb2 	bl	10003698 <__wrap___aeabi_i2f>
10000734:	490d      	ldr	r1, [pc, #52]	@ (1000076c <calc_altitude+0x68>)
10000736:	f002 ff90 	bl	1000365a <__wrap___aeabi_fdiv>
1000073a:	f002 ffcf 	bl	100036dc <__wrap___aeabi_f2d>
1000073e:	2200      	movs	r2, #0
10000740:	4b10      	ldr	r3, [pc, #64]	@ (10000784 <calc_altitude+0x80>)
10000742:	f001 fe22 	bl	1000238a <__wrap___aeabi_ddiv>
10000746:	4a10      	ldr	r2, [pc, #64]	@ (10000788 <calc_altitude+0x84>)
10000748:	4b10      	ldr	r3, [pc, #64]	@ (1000078c <calc_altitude+0x88>)
1000074a:	f002 fa39 	bl	10002bc0 <__wrap_pow>
1000074e:	0002      	movs	r2, r0
10000750:	000b      	movs	r3, r1
10000752:	2000      	movs	r0, #0
10000754:	490e      	ldr	r1, [pc, #56]	@ (10000790 <calc_altitude+0x8c>)
10000756:	f001 fe06 	bl	10002366 <__wrap___aeabi_dsub>
1000075a:	0002      	movs	r2, r0
1000075c:	000b      	movs	r3, r1
1000075e:	0020      	movs	r0, r4
10000760:	0029      	movs	r1, r5
10000762:	f001 fe30 	bl	100023c6 <__wrap___aeabi_dmul>
10000766:	bd70      	pop	{r4, r5, r6, pc}
10000768:	20001be8 	.word	0x20001be8
1000076c:	42c80000 	.word	0x42c80000
10000770:	66666666 	.word	0x66666666
10000774:	40711266 	.word	0x40711266
10000778:	76c8b439 	.word	0x76c8b439
1000077c:	3f7a9fbe 	.word	0x3f7a9fbe
10000780:	200019b8 	.word	0x200019b8
10000784:	408faa00 	.word	0x408faa00
10000788:	b951c5c5 	.word	0xb951c5c5
1000078c:	3fc85a89 	.word	0x3fc85a89
10000790:	3ff00000 	.word	0x3ff00000

10000794 <main>:
10000794:	b530      	push	{r4, r5, lr}
10000796:	4c44      	ldr	r4, [pc, #272]	@ (100008a8 <main+0x114>)
10000798:	44a5      	add	sp, r4
1000079a:	f004 fa89 	bl	10004cb0 <stdio_init_all>
1000079e:	4d43      	ldr	r5, [pc, #268]	@ (100008ac <main+0x118>)
100007a0:	0028      	movs	r0, r5
100007a2:	f004 fa89 	bl	10004cb8 <__wrap_puts>
100007a6:	4842      	ldr	r0, [pc, #264]	@ (100008b0 <main+0x11c>)
100007a8:	4942      	ldr	r1, [pc, #264]	@ (100008b4 <main+0x120>)
100007aa:	f007 fb2d 	bl	10007e08 <i2c_init>
100007ae:	2103      	movs	r1, #3
100007b0:	2010      	movs	r0, #16
100007b2:	f000 f895 	bl	100008e0 <gpio_set_function>
100007b6:	2103      	movs	r1, #3
100007b8:	2011      	movs	r0, #17
100007ba:	f000 f891 	bl	100008e0 <gpio_set_function>
100007be:	2200      	movs	r2, #0
100007c0:	2101      	movs	r1, #1
100007c2:	2010      	movs	r0, #16
100007c4:	f000 f8a6 	bl	10000914 <gpio_set_pulls>
100007c8:	2200      	movs	r2, #0
100007ca:	2101      	movs	r1, #1
100007cc:	2011      	movs	r0, #17
100007ce:	f000 f8a1 	bl	10000914 <gpio_set_pulls>
100007d2:	f7ff fd7f 	bl	100002d4 <ms5611_reset>
100007d6:	24fa      	movs	r4, #250	@ 0xfa
100007d8:	0064      	lsls	r4, r4, #1
100007da:	0020      	movs	r0, r4
100007dc:	f000 ff92 	bl	10001704 <sleep_ms>
100007e0:	0028      	movs	r0, r5
100007e2:	f004 fa69 	bl	10004cb8 <__wrap_puts>
100007e6:	f7ff fd87 	bl	100002f8 <ms5611_read_calib_data>
100007ea:	f7ff fdbf 	bl	1000036c <ms5611_read_raw>
100007ee:	f7ff fe31 	bl	10000454 <ms5611_convert_datas>
100007f2:	0020      	movs	r0, r4
100007f4:	f000 ff86 	bl	10001704 <sleep_ms>
100007f8:	22c8      	movs	r2, #200	@ 0xc8
100007fa:	0092      	lsls	r2, r2, #2
100007fc:	2100      	movs	r1, #0
100007fe:	4668      	mov	r0, sp
10000800:	f003 f82e 	bl	10003860 <__wrap_memset>
10000804:	2400      	movs	r4, #0
10000806:	e03a      	b.n	1000087e <main+0xea>
10000808:	3301      	adds	r3, #1
1000080a:	2b63      	cmp	r3, #99	@ 0x63
1000080c:	ddfc      	ble.n	10000808 <main+0x74>
1000080e:	2200      	movs	r2, #0
10000810:	4b29      	ldr	r3, [pc, #164]	@ (100008b8 <main+0x124>)
10000812:	2000      	movs	r0, #0
10000814:	2100      	movs	r1, #0
10000816:	f001 fdb8 	bl	1000238a <__wrap___aeabi_ddiv>
1000081a:	4d28      	ldr	r5, [pc, #160]	@ (100008bc <main+0x128>)
1000081c:	f001 fe62 	bl	100024e4 <__wrap___aeabi_d2iz>
10000820:	6028      	str	r0, [r5, #0]
10000822:	4b27      	ldr	r3, [pc, #156]	@ (100008c0 <main+0x12c>)
10000824:	681a      	ldr	r2, [r3, #0]
10000826:	4b27      	ldr	r3, [pc, #156]	@ (100008c4 <main+0x130>)
10000828:	6819      	ldr	r1, [r3, #0]
1000082a:	4827      	ldr	r0, [pc, #156]	@ (100008c8 <main+0x134>)
1000082c:	f004 fa74 	bl	10004d18 <__wrap_printf>
10000830:	4b26      	ldr	r3, [pc, #152]	@ (100008cc <main+0x138>)
10000832:	6818      	ldr	r0, [r3, #0]
10000834:	f002 ff30 	bl	10003698 <__wrap___aeabi_i2f>
10000838:	4925      	ldr	r1, [pc, #148]	@ (100008d0 <main+0x13c>)
1000083a:	f002 ff0e 	bl	1000365a <__wrap___aeabi_fdiv>
1000083e:	f002 ff4d 	bl	100036dc <__wrap___aeabi_f2d>
10000842:	0002      	movs	r2, r0
10000844:	000b      	movs	r3, r1
10000846:	4823      	ldr	r0, [pc, #140]	@ (100008d4 <main+0x140>)
10000848:	f004 fa66 	bl	10004d18 <__wrap_printf>
1000084c:	6828      	ldr	r0, [r5, #0]
1000084e:	f002 ff23 	bl	10003698 <__wrap___aeabi_i2f>
10000852:	491f      	ldr	r1, [pc, #124]	@ (100008d0 <main+0x13c>)
10000854:	f002 ff01 	bl	1000365a <__wrap___aeabi_fdiv>
10000858:	f002 ff40 	bl	100036dc <__wrap___aeabi_f2d>
1000085c:	0002      	movs	r2, r0
1000085e:	000b      	movs	r3, r1
10000860:	481d      	ldr	r0, [pc, #116]	@ (100008d8 <main+0x144>)
10000862:	f004 fa59 	bl	10004d18 <__wrap_printf>
10000866:	f7ff ff4d 	bl	10000704 <calc_altitude>
1000086a:	0002      	movs	r2, r0
1000086c:	000b      	movs	r3, r1
1000086e:	481b      	ldr	r0, [pc, #108]	@ (100008dc <main+0x148>)
10000870:	f004 fa52 	bl	10004d18 <__wrap_printf>
10000874:	3401      	adds	r4, #1
10000876:	b2e4      	uxtb	r4, r4
10000878:	2019      	movs	r0, #25
1000087a:	f000 ff43 	bl	10001704 <sleep_ms>
1000087e:	f7ff fd75 	bl	1000036c <ms5611_read_raw>
10000882:	f7ff fde7 	bl	10000454 <ms5611_convert_datas>
10000886:	2164      	movs	r1, #100	@ 0x64
10000888:	0020      	movs	r0, r4
1000088a:	f001 fb31 	bl	10001ef0 <__wrap___aeabi_uidiv>
1000088e:	b2cc      	uxtb	r4, r1
10000890:	00e3      	lsls	r3, r4, #3
10000892:	446b      	add	r3, sp
10000894:	001d      	movs	r5, r3
10000896:	4b09      	ldr	r3, [pc, #36]	@ (100008bc <main+0x128>)
10000898:	6818      	ldr	r0, [r3, #0]
1000089a:	f001 fe0b 	bl	100024b4 <__wrap___aeabi_i2d>
1000089e:	6028      	str	r0, [r5, #0]
100008a0:	6069      	str	r1, [r5, #4]
100008a2:	2300      	movs	r3, #0
100008a4:	e7b1      	b.n	1000080a <main+0x76>
100008a6:	46c0      	nop			@ (mov r8, r8)
100008a8:	fffffcdc 	.word	0xfffffcdc
100008ac:	1000800c 	.word	0x1000800c
100008b0:	20000cc8 	.word	0x20000cc8
100008b4:	00061a80 	.word	0x00061a80
100008b8:	40590000 	.word	0x40590000
100008bc:	200019b8 	.word	0x200019b8
100008c0:	200019bc 	.word	0x200019bc
100008c4:	200019c0 	.word	0x200019c0
100008c8:	10008024 	.word	0x10008024
100008cc:	20001be8 	.word	0x20001be8
100008d0:	42c80000 	.word	0x42c80000
100008d4:	10008040 	.word	0x10008040
100008d8:	10008058 	.word	0x10008058
100008dc:	1000806c 	.word	0x1000806c

100008e0 <gpio_set_function>:
100008e0:	b510      	push	{r4, lr}
100008e2:	0083      	lsls	r3, r0, #2
100008e4:	4a08      	ldr	r2, [pc, #32]	@ (10000908 <gpio_set_function+0x28>)
100008e6:	189a      	adds	r2, r3, r2
100008e8:	6814      	ldr	r4, [r2, #0]
100008ea:	2240      	movs	r2, #64	@ 0x40
100008ec:	4054      	eors	r4, r2
100008ee:	3280      	adds	r2, #128	@ 0x80
100008f0:	4022      	ands	r2, r4
100008f2:	4c06      	ldr	r4, [pc, #24]	@ (1000090c <gpio_set_function+0x2c>)
100008f4:	46a4      	mov	ip, r4
100008f6:	4463      	add	r3, ip
100008f8:	601a      	str	r2, [r3, #0]
100008fa:	00c0      	lsls	r0, r0, #3
100008fc:	4b04      	ldr	r3, [pc, #16]	@ (10000910 <gpio_set_function+0x30>)
100008fe:	469c      	mov	ip, r3
10000900:	4460      	add	r0, ip
10000902:	6041      	str	r1, [r0, #4]
10000904:	bd10      	pop	{r4, pc}
10000906:	46c0      	nop			@ (mov r8, r8)
10000908:	4001c004 	.word	0x4001c004
1000090c:	4001d004 	.word	0x4001d004
10000910:	40014000 	.word	0x40014000

10000914 <gpio_set_pulls>:
10000914:	0080      	lsls	r0, r0, #2
10000916:	4b0c      	ldr	r3, [pc, #48]	@ (10000948 <gpio_set_pulls+0x34>)
10000918:	469c      	mov	ip, r3
1000091a:	4460      	add	r0, ip
1000091c:	2900      	cmp	r1, #0
1000091e:	d00e      	beq.n	1000093e <gpio_set_pulls+0x2a>
10000920:	2308      	movs	r3, #8
10000922:	2a00      	cmp	r2, #0
10000924:	d00d      	beq.n	10000942 <gpio_set_pulls+0x2e>
10000926:	2204      	movs	r2, #4
10000928:	4313      	orrs	r3, r2
1000092a:	6802      	ldr	r2, [r0, #0]
1000092c:	4053      	eors	r3, r2
1000092e:	220c      	movs	r2, #12
10000930:	4013      	ands	r3, r2
10000932:	2280      	movs	r2, #128	@ 0x80
10000934:	0152      	lsls	r2, r2, #5
10000936:	4694      	mov	ip, r2
10000938:	4460      	add	r0, ip
1000093a:	6003      	str	r3, [r0, #0]
1000093c:	4770      	bx	lr
1000093e:	2300      	movs	r3, #0
10000940:	e7ef      	b.n	10000922 <gpio_set_pulls+0xe>
10000942:	2200      	movs	r2, #0
10000944:	e7f0      	b.n	10000928 <gpio_set_pulls+0x14>
10000946:	46c0      	nop			@ (mov r8, r8)
10000948:	4001c004 	.word	0x4001c004

1000094c <rp2040_chip_version>:
1000094c:	b510      	push	{r4, lr}
1000094e:	2380      	movs	r3, #128	@ 0x80
10000950:	05db      	lsls	r3, r3, #23
10000952:	6818      	ldr	r0, [r3, #0]
10000954:	0503      	lsls	r3, r0, #20
10000956:	0d1b      	lsrs	r3, r3, #20
10000958:	4a0b      	ldr	r2, [pc, #44]	@ (10000988 <rp2040_chip_version+0x3c>)
1000095a:	4293      	cmp	r3, r2
1000095c:	d107      	bne.n	1000096e <rp2040_chip_version+0x22>
1000095e:	4b0b      	ldr	r3, [pc, #44]	@ (1000098c <rp2040_chip_version+0x40>)
10000960:	4003      	ands	r3, r0
10000962:	2280      	movs	r2, #128	@ 0x80
10000964:	0192      	lsls	r2, r2, #6
10000966:	4293      	cmp	r3, r2
10000968:	d107      	bne.n	1000097a <rp2040_chip_version+0x2e>
1000096a:	0f00      	lsrs	r0, r0, #28
1000096c:	bd10      	pop	{r4, pc}
1000096e:	4b08      	ldr	r3, [pc, #32]	@ (10000990 <rp2040_chip_version+0x44>)
10000970:	4a08      	ldr	r2, [pc, #32]	@ (10000994 <rp2040_chip_version+0x48>)
10000972:	4809      	ldr	r0, [pc, #36]	@ (10000998 <rp2040_chip_version+0x4c>)
10000974:	2113      	movs	r1, #19
10000976:	f004 f861 	bl	10004a3c <__assert_func>
1000097a:	4b08      	ldr	r3, [pc, #32]	@ (1000099c <rp2040_chip_version+0x50>)
1000097c:	4a05      	ldr	r2, [pc, #20]	@ (10000994 <rp2040_chip_version+0x48>)
1000097e:	4806      	ldr	r0, [pc, #24]	@ (10000998 <rp2040_chip_version+0x4c>)
10000980:	2114      	movs	r1, #20
10000982:	f004 f85b 	bl	10004a3c <__assert_func>
10000986:	46c0      	nop			@ (mov r8, r8)
10000988:	00000927 	.word	0x00000927
1000098c:	0ffff000 	.word	0x0ffff000
10000990:	10008080 	.word	0x10008080
10000994:	10008cb4 	.word	0x10008cb4
10000998:	100080a4 	.word	0x100080a4
1000099c:	100080e8 	.word	0x100080e8

100009a0 <panic>:
100009a0:	b40f      	push	{r0, r1, r2, r3}
100009a2:	b500      	push	{lr}
100009a4:	b083      	sub	sp, #12
100009a6:	4808      	ldr	r0, [pc, #32]	@ (100009c8 <panic+0x28>)
100009a8:	f004 f986 	bl	10004cb8 <__wrap_puts>
100009ac:	9b04      	ldr	r3, [sp, #16]
100009ae:	2b00      	cmp	r3, #0
100009b0:	d007      	beq.n	100009c2 <panic+0x22>
100009b2:	a905      	add	r1, sp, #20
100009b4:	9101      	str	r1, [sp, #4]
100009b6:	0018      	movs	r0, r3
100009b8:	f004 f98e 	bl	10004cd8 <__wrap_vprintf>
100009bc:	4803      	ldr	r0, [pc, #12]	@ (100009cc <panic+0x2c>)
100009be:	f004 f97b 	bl	10004cb8 <__wrap_puts>
100009c2:	2001      	movs	r0, #1
100009c4:	f004 f834 	bl	10004a30 <_exit>
100009c8:	100080fc 	.word	0x100080fc
100009cc:	10008054 	.word	0x10008054

100009d0 <hw_claim_lock>:
100009d0:	f3ef 8010 	mrs	r0, PRIMASK
100009d4:	b672      	cpsid	i
100009d6:	4b03      	ldr	r3, [pc, #12]	@ (100009e4 <hw_claim_lock+0x14>)
100009d8:	681b      	ldr	r3, [r3, #0]
100009da:	2b00      	cmp	r3, #0
100009dc:	d0fb      	beq.n	100009d6 <hw_claim_lock+0x6>
100009de:	f3bf 8f5f 	dmb	sy
100009e2:	4770      	bx	lr
100009e4:	d000012c 	.word	0xd000012c

100009e8 <hw_claim_unlock>:
100009e8:	f3bf 8f5f 	dmb	sy
100009ec:	4b02      	ldr	r3, [pc, #8]	@ (100009f8 <hw_claim_unlock+0x10>)
100009ee:	2200      	movs	r2, #0
100009f0:	601a      	str	r2, [r3, #0]
100009f2:	f380 8810 	msr	PRIMASK, r0
100009f6:	4770      	bx	lr
100009f8:	d000012c 	.word	0xd000012c

100009fc <hw_claim_or_assert>:
100009fc:	b5f8      	push	{r3, r4, r5, r6, r7, lr}
100009fe:	0006      	movs	r6, r0
10000a00:	000c      	movs	r4, r1
10000a02:	0015      	movs	r5, r2
10000a04:	f7ff ffe4 	bl	100009d0 <hw_claim_lock>
10000a08:	08e3      	lsrs	r3, r4, #3
10000a0a:	18f7      	adds	r7, r6, r3
10000a0c:	5cf1      	ldrb	r1, [r6, r3]
10000a0e:	2207      	movs	r2, #7
10000a10:	4022      	ands	r2, r4
10000a12:	2301      	movs	r3, #1
10000a14:	4093      	lsls	r3, r2
10000a16:	420b      	tst	r3, r1
10000a18:	d105      	bne.n	10000a26 <hw_claim_or_assert+0x2a>
10000a1a:	b2db      	uxtb	r3, r3
10000a1c:	430b      	orrs	r3, r1
10000a1e:	703b      	strb	r3, [r7, #0]
10000a20:	f7ff ffe2 	bl	100009e8 <hw_claim_unlock>
10000a24:	bdf8      	pop	{r3, r4, r5, r6, r7, pc}
10000a26:	0021      	movs	r1, r4
10000a28:	0028      	movs	r0, r5
10000a2a:	f7ff ffb9 	bl	100009a0 <panic>

10000a2e <hw_claim_unused_from_range>:
10000a2e:	b5f0      	push	{r4, r5, r6, r7, lr}
10000a30:	b083      	sub	sp, #12
10000a32:	0006      	movs	r6, r0
10000a34:	9101      	str	r1, [sp, #4]
10000a36:	0014      	movs	r4, r2
10000a38:	001f      	movs	r7, r3
10000a3a:	f7ff ffc9 	bl	100009d0 <hw_claim_lock>
10000a3e:	e000      	b.n	10000a42 <hw_claim_unused_from_range+0x14>
10000a40:	3401      	adds	r4, #1
10000a42:	42bc      	cmp	r4, r7
10000a44:	d80c      	bhi.n	10000a60 <hw_claim_unused_from_range+0x32>
10000a46:	08e3      	lsrs	r3, r4, #3
10000a48:	18f5      	adds	r5, r6, r3
10000a4a:	5cf3      	ldrb	r3, [r6, r3]
10000a4c:	2107      	movs	r1, #7
10000a4e:	4021      	ands	r1, r4
10000a50:	2201      	movs	r2, #1
10000a52:	408a      	lsls	r2, r1
10000a54:	421a      	tst	r2, r3
10000a56:	d1f3      	bne.n	10000a40 <hw_claim_unused_from_range+0x12>
10000a58:	b2d2      	uxtb	r2, r2
10000a5a:	431a      	orrs	r2, r3
10000a5c:	702a      	strb	r2, [r5, #0]
10000a5e:	e001      	b.n	10000a64 <hw_claim_unused_from_range+0x36>
10000a60:	2401      	movs	r4, #1
10000a62:	4264      	negs	r4, r4
10000a64:	f7ff ffc0 	bl	100009e8 <hw_claim_unlock>
10000a68:	2c00      	cmp	r4, #0
10000a6a:	db02      	blt.n	10000a72 <hw_claim_unused_from_range+0x44>
10000a6c:	0020      	movs	r0, r4
10000a6e:	b003      	add	sp, #12
10000a70:	bdf0      	pop	{r4, r5, r6, r7, pc}
10000a72:	9b01      	ldr	r3, [sp, #4]
10000a74:	2b00      	cmp	r3, #0
10000a76:	d0f9      	beq.n	10000a6c <hw_claim_unused_from_range+0x3e>
10000a78:	9808      	ldr	r0, [sp, #32]
10000a7a:	f7ff ff91 	bl	100009a0 <panic>
	...

10000a80 <next_striped_spin_lock_num>:
10000a80:	4a05      	ldr	r2, [pc, #20]	@ (10000a98 <next_striped_spin_lock_num+0x18>)
10000a82:	7810      	ldrb	r0, [r2, #0]
10000a84:	1c43      	adds	r3, r0, #1
10000a86:	b2db      	uxtb	r3, r3
10000a88:	7013      	strb	r3, [r2, #0]
10000a8a:	2b17      	cmp	r3, #23
10000a8c:	d902      	bls.n	10000a94 <next_striped_spin_lock_num+0x14>
10000a8e:	0013      	movs	r3, r2
10000a90:	2210      	movs	r2, #16
10000a92:	701a      	strb	r2, [r3, #0]
10000a94:	4770      	bx	lr
10000a96:	46c0      	nop			@ (mov r8, r8)
10000a98:	20000c00 	.word	0x20000c00

10000a9c <spin_lock_claim_unused>:
10000a9c:	b510      	push	{r4, lr}
10000a9e:	b082      	sub	sp, #8
10000aa0:	0001      	movs	r1, r0
10000aa2:	4c05      	ldr	r4, [pc, #20]	@ (10000ab8 <spin_lock_claim_unused+0x1c>)
10000aa4:	4b05      	ldr	r3, [pc, #20]	@ (10000abc <spin_lock_claim_unused+0x20>)
10000aa6:	9300      	str	r3, [sp, #0]
10000aa8:	231f      	movs	r3, #31
10000aaa:	2218      	movs	r2, #24
10000aac:	0020      	movs	r0, r4
10000aae:	f7ff ffbe 	bl	10000a2e <hw_claim_unused_from_range>
10000ab2:	b002      	add	sp, #8
10000ab4:	bd10      	pop	{r4, pc}
10000ab6:	46c0      	nop			@ (mov r8, r8)
10000ab8:	20001510 	.word	0x20001510
10000abc:	1000810c 	.word	0x1000810c

10000ac0 <spin_locks_reset>:
10000ac0:	2300      	movs	r3, #0
10000ac2:	e007      	b.n	10000ad4 <spin_locks_reset+0x14>
10000ac4:	4a05      	ldr	r2, [pc, #20]	@ (10000adc <spin_locks_reset+0x1c>)
10000ac6:	189a      	adds	r2, r3, r2
10000ac8:	0092      	lsls	r2, r2, #2
10000aca:	f3bf 8f5f 	dmb	sy
10000ace:	2100      	movs	r1, #0
10000ad0:	6011      	str	r1, [r2, #0]
10000ad2:	3301      	adds	r3, #1
10000ad4:	2b1f      	cmp	r3, #31
10000ad6:	d9f5      	bls.n	10000ac4 <spin_locks_reset+0x4>
10000ad8:	4770      	bx	lr
10000ada:	46c0      	nop			@ (mov r8, r8)
10000adc:	34000040 	.word	0x34000040

10000ae0 <set_raw_irq_handler_and_unlock>:
10000ae0:	4b07      	ldr	r3, [pc, #28]	@ (10000b00 <set_raw_irq_handler_and_unlock+0x20>)
10000ae2:	689b      	ldr	r3, [r3, #8]
10000ae4:	3010      	adds	r0, #16
10000ae6:	0080      	lsls	r0, r0, #2
10000ae8:	5019      	str	r1, [r3, r0]
10000aea:	f3bf 8f5f 	dmb	sy
10000aee:	f3bf 8f5f 	dmb	sy
10000af2:	4b04      	ldr	r3, [pc, #16]	@ (10000b04 <set_raw_irq_handler_and_unlock+0x24>)
10000af4:	2100      	movs	r1, #0
10000af6:	6019      	str	r1, [r3, #0]
10000af8:	f382 8810 	msr	PRIMASK, r2
10000afc:	4770      	bx	lr
10000afe:	46c0      	nop			@ (mov r8, r8)
10000b00:	e000ed00 	.word	0xe000ed00
10000b04:	d0000124 	.word	0xd0000124

10000b08 <nvic_ipr0>:
10000b08:	4800      	ldr	r0, [pc, #0]	@ (10000b0c <nvic_ipr0+0x4>)
10000b0a:	4770      	bx	lr
10000b0c:	e000e400 	.word	0xe000e400

10000b10 <runtime_init_per_core_irq_priorities>:
10000b10:	b510      	push	{r4, lr}
10000b12:	f7ff fff9 	bl	10000b08 <nvic_ipr0>
10000b16:	2300      	movs	r3, #0
10000b18:	e002      	b.n	10000b20 <runtime_init_per_core_irq_priorities+0x10>
10000b1a:	4a03      	ldr	r2, [pc, #12]	@ (10000b28 <runtime_init_per_core_irq_priorities+0x18>)
10000b1c:	c004      	stmia	r0!, {r2}
10000b1e:	3301      	adds	r3, #1
10000b20:	2b07      	cmp	r3, #7
10000b22:	d9fa      	bls.n	10000b1a <runtime_init_per_core_irq_priorities+0xa>
10000b24:	bd10      	pop	{r4, pc}
10000b26:	46c0      	nop			@ (mov r8, r8)
10000b28:	80808080 	.word	0x80808080

10000b2c <resolve_j_16>:
10000b2c:	b510      	push	{r4, lr}
10000b2e:	8803      	ldrh	r3, [r0, #0]
10000b30:	0ada      	lsrs	r2, r3, #11
10000b32:	2a1c      	cmp	r2, #28
10000b34:	d105      	bne.n	10000b42 <resolve_j_16+0x16>
10000b36:	055b      	lsls	r3, r3, #21
10000b38:	155b      	asrs	r3, r3, #21
10000b3a:	3302      	adds	r3, #2
10000b3c:	005b      	lsls	r3, r3, #1
10000b3e:	18c0      	adds	r0, r0, r3
10000b40:	bd10      	pop	{r4, pc}
10000b42:	4b03      	ldr	r3, [pc, #12]	@ (10000b50 <resolve_j_16+0x24>)
10000b44:	4a03      	ldr	r2, [pc, #12]	@ (10000b54 <resolve_j_16+0x28>)
10000b46:	218e      	movs	r1, #142	@ 0x8e
10000b48:	4803      	ldr	r0, [pc, #12]	@ (10000b58 <resolve_j_16+0x2c>)
10000b4a:	0049      	lsls	r1, r1, #1
10000b4c:	f003 ff76 	bl	10004a3c <__assert_func>
10000b50:	10008128 	.word	0x10008128
10000b54:	10008cf0 	.word	0x10008cf0
10000b58:	10008140 	.word	0x10008140

10000b5c <make_j_16>:
10000b5c:	b510      	push	{r4, lr}
10000b5e:	1a09      	subs	r1, r1, r0
10000b60:	1f0b      	subs	r3, r1, #4
10000b62:	4a0a      	ldr	r2, [pc, #40]	@ (10000b8c <make_j_16+0x30>)
10000b64:	1888      	adds	r0, r1, r2
10000b66:	4a0a      	ldr	r2, [pc, #40]	@ (10000b90 <make_j_16+0x34>)
10000b68:	4290      	cmp	r0, r2
10000b6a:	d808      	bhi.n	10000b7e <make_j_16+0x22>
10000b6c:	07c9      	lsls	r1, r1, #31
10000b6e:	d406      	bmi.n	10000b7e <make_j_16+0x22>
10000b70:	105b      	asrs	r3, r3, #1
10000b72:	055b      	lsls	r3, r3, #21
10000b74:	0d5b      	lsrs	r3, r3, #21
10000b76:	4807      	ldr	r0, [pc, #28]	@ (10000b94 <make_j_16+0x38>)
10000b78:	4318      	orrs	r0, r3
10000b7a:	b280      	uxth	r0, r0
10000b7c:	bd10      	pop	{r4, pc}
10000b7e:	4b06      	ldr	r3, [pc, #24]	@ (10000b98 <make_j_16+0x3c>)
10000b80:	4a06      	ldr	r2, [pc, #24]	@ (10000b9c <make_j_16+0x40>)
10000b82:	2187      	movs	r1, #135	@ 0x87
10000b84:	4806      	ldr	r0, [pc, #24]	@ (10000ba0 <make_j_16+0x44>)
10000b86:	0049      	lsls	r1, r1, #1
10000b88:	f003 ff58 	bl	10004a3c <__assert_func>
10000b8c:	000007fc 	.word	0x000007fc
10000b90:	00000ffe 	.word	0x00000ffe
10000b94:	ffffe000 	.word	0xffffe000
10000b98:	10008180 	.word	0x10008180
10000b9c:	10008ce4 	.word	0x10008ce4
10000ba0:	10008140 	.word	0x10008140

10000ba4 <irq_is_enabled>:
10000ba4:	2301      	movs	r3, #1
10000ba6:	4083      	lsls	r3, r0
10000ba8:	4a03      	ldr	r2, [pc, #12]	@ (10000bb8 <irq_is_enabled+0x14>)
10000baa:	6810      	ldr	r0, [r2, #0]
10000bac:	4018      	ands	r0, r3
10000bae:	1e43      	subs	r3, r0, #1
10000bb0:	4198      	sbcs	r0, r3
10000bb2:	b2c0      	uxtb	r0, r0
10000bb4:	4770      	bx	lr
10000bb6:	46c0      	nop			@ (mov r8, r8)
10000bb8:	e000e100 	.word	0xe000e100

10000bbc <irq_set_mask_n_enabled>:
10000bbc:	2a00      	cmp	r2, #0
10000bbe:	d005      	beq.n	10000bcc <irq_set_mask_n_enabled+0x10>
10000bc0:	4b04      	ldr	r3, [pc, #16]	@ (10000bd4 <irq_set_mask_n_enabled+0x18>)
10000bc2:	22c0      	movs	r2, #192	@ 0xc0
10000bc4:	0052      	lsls	r2, r2, #1
10000bc6:	5099      	str	r1, [r3, r2]
10000bc8:	6019      	str	r1, [r3, #0]
10000bca:	4770      	bx	lr
10000bcc:	4a01      	ldr	r2, [pc, #4]	@ (10000bd4 <irq_set_mask_n_enabled+0x18>)
10000bce:	2380      	movs	r3, #128	@ 0x80
10000bd0:	50d1      	str	r1, [r2, r3]
10000bd2:	e7fa      	b.n	10000bca <irq_set_mask_n_enabled+0xe>
10000bd4:	e000e100 	.word	0xe000e100

10000bd8 <irq_set_enabled>:
10000bd8:	b510      	push	{r4, lr}
10000bda:	000a      	movs	r2, r1
10000bdc:	231f      	movs	r3, #31
10000bde:	4003      	ands	r3, r0
10000be0:	2101      	movs	r1, #1
10000be2:	4099      	lsls	r1, r3
10000be4:	0940      	lsrs	r0, r0, #5
10000be6:	f7ff ffe9 	bl	10000bbc <irq_set_mask_n_enabled>
10000bea:	bd10      	pop	{r4, pc}

10000bec <irq_set_pending>:
10000bec:	2301      	movs	r3, #1
10000bee:	4083      	lsls	r3, r0
10000bf0:	4a01      	ldr	r2, [pc, #4]	@ (10000bf8 <irq_set_pending+0xc>)
10000bf2:	6013      	str	r3, [r2, #0]
10000bf4:	4770      	bx	lr
10000bf6:	46c0      	nop			@ (mov r8, r8)
10000bf8:	e000e200 	.word	0xe000e200

10000bfc <irq_get_vtable_handler>:
10000bfc:	4b02      	ldr	r3, [pc, #8]	@ (10000c08 <irq_get_vtable_handler+0xc>)
10000bfe:	689b      	ldr	r3, [r3, #8]
10000c00:	3010      	adds	r0, #16
10000c02:	0080      	lsls	r0, r0, #2
10000c04:	58c0      	ldr	r0, [r0, r3]
10000c06:	4770      	bx	lr
10000c08:	e000ed00 	.word	0xe000ed00

10000c0c <irq_has_shared_handler>:
10000c0c:	b510      	push	{r4, lr}
10000c0e:	f7ff fff5 	bl	10000bfc <irq_get_vtable_handler>
10000c12:	4b04      	ldr	r3, [pc, #16]	@ (10000c24 <irq_has_shared_handler+0x18>)
10000c14:	1ac3      	subs	r3, r0, r3
10000c16:	2000      	movs	r0, #0
10000c18:	222f      	movs	r2, #47	@ 0x2f
10000c1a:	429a      	cmp	r2, r3
10000c1c:	4140      	adcs	r0, r0
10000c1e:	b2c0      	uxtb	r0, r0
10000c20:	bd10      	pop	{r4, pc}
10000c22:	46c0      	nop			@ (mov r8, r8)
10000c24:	20000c04 	.word	0x20000c04

10000c28 <irq_set_exclusive_handler>:
10000c28:	b570      	push	{r4, r5, r6, lr}
10000c2a:	0004      	movs	r4, r0
10000c2c:	000d      	movs	r5, r1
10000c2e:	f3ef 8610 	mrs	r6, PRIMASK
10000c32:	b672      	cpsid	i
10000c34:	4b0c      	ldr	r3, [pc, #48]	@ (10000c68 <irq_set_exclusive_handler+0x40>)
10000c36:	681b      	ldr	r3, [r3, #0]
10000c38:	2b00      	cmp	r3, #0
10000c3a:	d0fb      	beq.n	10000c34 <irq_set_exclusive_handler+0xc>
10000c3c:	f3bf 8f5f 	dmb	sy
10000c40:	0020      	movs	r0, r4
10000c42:	f7ff ffdb 	bl	10000bfc <irq_get_vtable_handler>
10000c46:	4b09      	ldr	r3, [pc, #36]	@ (10000c6c <irq_set_exclusive_handler+0x44>)
10000c48:	4298      	cmp	r0, r3
10000c4a:	d001      	beq.n	10000c50 <irq_set_exclusive_handler+0x28>
10000c4c:	42a8      	cmp	r0, r5
10000c4e:	d105      	bne.n	10000c5c <irq_set_exclusive_handler+0x34>
10000c50:	0032      	movs	r2, r6
10000c52:	0029      	movs	r1, r5
10000c54:	0020      	movs	r0, r4
10000c56:	f7ff ff43 	bl	10000ae0 <set_raw_irq_handler_and_unlock>
10000c5a:	bd70      	pop	{r4, r5, r6, pc}
10000c5c:	4b04      	ldr	r3, [pc, #16]	@ (10000c70 <irq_set_exclusive_handler+0x48>)
10000c5e:	4a05      	ldr	r2, [pc, #20]	@ (10000c74 <irq_set_exclusive_handler+0x4c>)
10000c60:	4805      	ldr	r0, [pc, #20]	@ (10000c78 <irq_set_exclusive_handler+0x50>)
10000c62:	21ed      	movs	r1, #237	@ 0xed
10000c64:	f003 feea 	bl	10004a3c <__assert_func>
10000c68:	d0000124 	.word	0xd0000124
10000c6c:	100001c1 	.word	0x100001c1
10000c70:	100081b0 	.word	0x100081b0
10000c74:	10008d18 	.word	0x10008d18
10000c78:	10008140 	.word	0x10008140

10000c7c <irq_add_shared_handler>:
10000c7c:	b5f0      	push	{r4, r5, r6, r7, lr}
10000c7e:	46de      	mov	lr, fp
10000c80:	4657      	mov	r7, sl
10000c82:	464e      	mov	r6, r9
10000c84:	4645      	mov	r5, r8
10000c86:	b5e0      	push	{r5, r6, r7, lr}
10000c88:	b089      	sub	sp, #36	@ 0x24
10000c8a:	4681      	mov	r9, r0
10000c8c:	9101      	str	r1, [sp, #4]
10000c8e:	0015      	movs	r5, r2
10000c90:	f3ef 8b10 	mrs	fp, PRIMASK
10000c94:	b672      	cpsid	i
10000c96:	4b6f      	ldr	r3, [pc, #444]	@ (10000e54 <irq_add_shared_handler+0x1d8>)
10000c98:	681b      	ldr	r3, [r3, #0]
10000c9a:	2b00      	cmp	r3, #0
10000c9c:	d0fb      	beq.n	10000c96 <irq_add_shared_handler+0x1a>
10000c9e:	f3bf 8f5f 	dmb	sy
10000ca2:	4b6d      	ldr	r3, [pc, #436]	@ (10000e58 <irq_add_shared_handler+0x1dc>)
10000ca4:	2600      	movs	r6, #0
10000ca6:	579e      	ldrsb	r6, [r3, r6]
10000ca8:	2e00      	cmp	r6, #0
10000caa:	db40      	blt.n	10000d2e <irq_add_shared_handler+0xb2>
10000cac:	0074      	lsls	r4, r6, #1
10000cae:	19a4      	adds	r4, r4, r6
10000cb0:	00a4      	lsls	r4, r4, #2
10000cb2:	486a      	ldr	r0, [pc, #424]	@ (10000e5c <irq_add_shared_handler+0x1e0>)
10000cb4:	1824      	adds	r4, r4, r0
10000cb6:	2206      	movs	r2, #6
10000cb8:	56a2      	ldrsb	r2, [r4, r2]
10000cba:	4b67      	ldr	r3, [pc, #412]	@ (10000e58 <irq_add_shared_handler+0x1dc>)
10000cbc:	701a      	strb	r2, [r3, #0]
10000cbe:	4b68      	ldr	r3, [pc, #416]	@ (10000e60 <irq_add_shared_handler+0x1e4>)
10000cc0:	689a      	ldr	r2, [r3, #8]
10000cc2:	464b      	mov	r3, r9
10000cc4:	3310      	adds	r3, #16
10000cc6:	009b      	lsls	r3, r3, #2
10000cc8:	58d3      	ldr	r3, [r2, r3]
10000cca:	4698      	mov	r8, r3
10000ccc:	1a1b      	subs	r3, r3, r0
10000cce:	2b2f      	cmp	r3, #47	@ 0x2f
10000cd0:	d93b      	bls.n	10000d4a <irq_add_shared_handler+0xce>
10000cd2:	4b64      	ldr	r3, [pc, #400]	@ (10000e64 <irq_add_shared_handler+0x1e8>)
10000cd4:	4598      	cmp	r8, r3
10000cd6:	d131      	bne.n	10000d3c <irq_add_shared_handler+0xc0>
10000cd8:	af05      	add	r7, sp, #20
10000cda:	4b63      	ldr	r3, [pc, #396]	@ (10000e68 <irq_add_shared_handler+0x1ec>)
10000cdc:	803b      	strh	r3, [r7, #0]
10000cde:	4963      	ldr	r1, [pc, #396]	@ (10000e6c <irq_add_shared_handler+0x1f0>)
10000ce0:	0073      	lsls	r3, r6, #1
10000ce2:	469a      	mov	sl, r3
10000ce4:	1998      	adds	r0, r3, r6
10000ce6:	0080      	lsls	r0, r0, #2
10000ce8:	4b5c      	ldr	r3, [pc, #368]	@ (10000e5c <irq_add_shared_handler+0x1e0>)
10000cea:	4698      	mov	r8, r3
10000cec:	4440      	add	r0, r8
10000cee:	3002      	adds	r0, #2
10000cf0:	f7ff ff34 	bl	10000b5c <make_j_16>
10000cf4:	8078      	strh	r0, [r7, #2]
10000cf6:	4b5e      	ldr	r3, [pc, #376]	@ (10000e70 <irq_add_shared_handler+0x1f4>)
10000cf8:	80bb      	strh	r3, [r7, #4]
10000cfa:	23ff      	movs	r3, #255	@ 0xff
10000cfc:	71bb      	strb	r3, [r7, #6]
10000cfe:	71fd      	strb	r5, [r7, #7]
10000d00:	9b01      	ldr	r3, [sp, #4]
10000d02:	9307      	str	r3, [sp, #28]
10000d04:	0033      	movs	r3, r6
10000d06:	4453      	add	r3, sl
10000d08:	009b      	lsls	r3, r3, #2
10000d0a:	4443      	add	r3, r8
10000d0c:	cf07      	ldmia	r7!, {r0, r1, r2}
10000d0e:	c307      	stmia	r3!, {r0, r1, r2}
10000d10:	2301      	movs	r3, #1
10000d12:	431c      	orrs	r4, r3
10000d14:	46a0      	mov	r8, r4
10000d16:	465a      	mov	r2, fp
10000d18:	4641      	mov	r1, r8
10000d1a:	4648      	mov	r0, r9
10000d1c:	f7ff fee0 	bl	10000ae0 <set_raw_irq_handler_and_unlock>
10000d20:	b009      	add	sp, #36	@ 0x24
10000d22:	bcf0      	pop	{r4, r5, r6, r7}
10000d24:	46bb      	mov	fp, r7
10000d26:	46b2      	mov	sl, r6
10000d28:	46a9      	mov	r9, r5
10000d2a:	46a0      	mov	r8, r4
10000d2c:	bdf0      	pop	{r4, r5, r6, r7, pc}
10000d2e:	4b51      	ldr	r3, [pc, #324]	@ (10000e74 <irq_add_shared_handler+0x1f8>)
10000d30:	4a51      	ldr	r2, [pc, #324]	@ (10000e78 <irq_add_shared_handler+0x1fc>)
10000d32:	21be      	movs	r1, #190	@ 0xbe
10000d34:	4851      	ldr	r0, [pc, #324]	@ (10000e7c <irq_add_shared_handler+0x200>)
10000d36:	0049      	lsls	r1, r1, #1
10000d38:	f003 fe80 	bl	10004a3c <__assert_func>
10000d3c:	4b50      	ldr	r3, [pc, #320]	@ (10000e80 <irq_add_shared_handler+0x204>)
10000d3e:	4a4e      	ldr	r2, [pc, #312]	@ (10000e78 <irq_add_shared_handler+0x1fc>)
10000d40:	2184      	movs	r1, #132	@ 0x84
10000d42:	484e      	ldr	r0, [pc, #312]	@ (10000e7c <irq_add_shared_handler+0x200>)
10000d44:	31ff      	adds	r1, #255	@ 0xff
10000d46:	f003 fe79 	bl	10004a3c <__assert_func>
10000d4a:	2301      	movs	r3, #1
10000d4c:	4642      	mov	r2, r8
10000d4e:	439a      	bics	r2, r3
10000d50:	4692      	mov	sl, r2
10000d52:	1a10      	subs	r0, r2, r0
10000d54:	210c      	movs	r1, #12
10000d56:	f001 f8cb 	bl	10001ef0 <__wrap___aeabi_uidiv>
10000d5a:	2900      	cmp	r1, #0
10000d5c:	d10f      	bne.n	10000d7e <irq_add_shared_handler+0x102>
10000d5e:	4653      	mov	r3, sl
10000d60:	2700      	movs	r7, #0
10000d62:	79da      	ldrb	r2, [r3, #7]
10000d64:	42aa      	cmp	r2, r5
10000d66:	d912      	bls.n	10000d8e <irq_add_shared_handler+0x112>
10000d68:	2106      	movs	r1, #6
10000d6a:	5659      	ldrsb	r1, [r3, r1]
10000d6c:	2900      	cmp	r1, #0
10000d6e:	db0d      	blt.n	10000d8c <irq_add_shared_handler+0x110>
10000d70:	004a      	lsls	r2, r1, #1
10000d72:	1852      	adds	r2, r2, r1
10000d74:	0092      	lsls	r2, r2, #2
10000d76:	4939      	ldr	r1, [pc, #228]	@ (10000e5c <irq_add_shared_handler+0x1e0>)
10000d78:	001f      	movs	r7, r3
10000d7a:	188b      	adds	r3, r1, r2
10000d7c:	e7f1      	b.n	10000d62 <irq_add_shared_handler+0xe6>
10000d7e:	4b41      	ldr	r3, [pc, #260]	@ (10000e84 <irq_add_shared_handler+0x208>)
10000d80:	4a3d      	ldr	r2, [pc, #244]	@ (10000e78 <irq_add_shared_handler+0x1fc>)
10000d82:	21ca      	movs	r1, #202	@ 0xca
10000d84:	483d      	ldr	r0, [pc, #244]	@ (10000e7c <irq_add_shared_handler+0x200>)
10000d86:	0049      	lsls	r1, r1, #1
10000d88:	f003 fe58 	bl	10004a3c <__assert_func>
10000d8c:	001f      	movs	r7, r3
10000d8e:	2f00      	cmp	r7, #0
10000d90:	d02e      	beq.n	10000df0 <irq_add_shared_handler+0x174>
10000d92:	ab05      	add	r3, sp, #20
10000d94:	4a3c      	ldr	r2, [pc, #240]	@ (10000e88 <irq_add_shared_handler+0x20c>)
10000d96:	801a      	strh	r2, [r3, #0]
10000d98:	3a81      	subs	r2, #129	@ 0x81
10000d9a:	805a      	strh	r2, [r3, #2]
10000d9c:	2306      	movs	r3, #6
10000d9e:	56fb      	ldrsb	r3, [r7, r3]
10000da0:	9302      	str	r3, [sp, #8]
10000da2:	2b00      	cmp	r3, #0
10000da4:	da17      	bge.n	10000dd6 <irq_add_shared_handler+0x15a>
10000da6:	4839      	ldr	r0, [pc, #228]	@ (10000e8c <irq_add_shared_handler+0x210>)
10000da8:	ab05      	add	r3, sp, #20
10000daa:	469a      	mov	sl, r3
10000dac:	8098      	strh	r0, [r3, #4]
10000dae:	9a02      	ldr	r2, [sp, #8]
10000db0:	719a      	strb	r2, [r3, #6]
10000db2:	71dd      	strb	r5, [r3, #7]
10000db4:	9a01      	ldr	r2, [sp, #4]
10000db6:	9207      	str	r2, [sp, #28]
10000db8:	1d38      	adds	r0, r7, #4
10000dba:	0021      	movs	r1, r4
10000dbc:	f7ff fece 	bl	10000b5c <make_j_16>
10000dc0:	80b8      	strh	r0, [r7, #4]
10000dc2:	71be      	strb	r6, [r7, #6]
10000dc4:	4b25      	ldr	r3, [pc, #148]	@ (10000e5c <irq_add_shared_handler+0x1e0>)
10000dc6:	0072      	lsls	r2, r6, #1
10000dc8:	1992      	adds	r2, r2, r6
10000dca:	0092      	lsls	r2, r2, #2
10000dcc:	189b      	adds	r3, r3, r2
10000dce:	4652      	mov	r2, sl
10000dd0:	ca13      	ldmia	r2!, {r0, r1, r4}
10000dd2:	c313      	stmia	r3!, {r0, r1, r4}
10000dd4:	e79f      	b.n	10000d16 <irq_add_shared_handler+0x9a>
10000dd6:	1d38      	adds	r0, r7, #4
10000dd8:	f7ff fea8 	bl	10000b2c <resolve_j_16>
10000ddc:	0001      	movs	r1, r0
10000dde:	0070      	lsls	r0, r6, #1
10000de0:	1980      	adds	r0, r0, r6
10000de2:	0080      	lsls	r0, r0, #2
10000de4:	4b1d      	ldr	r3, [pc, #116]	@ (10000e5c <irq_add_shared_handler+0x1e0>)
10000de6:	18c0      	adds	r0, r0, r3
10000de8:	3004      	adds	r0, #4
10000dea:	f7ff feb7 	bl	10000b5c <make_j_16>
10000dee:	e7db      	b.n	10000da8 <irq_add_shared_handler+0x12c>
10000df0:	af05      	add	r7, sp, #20
10000df2:	4b1d      	ldr	r3, [pc, #116]	@ (10000e68 <irq_add_shared_handler+0x1ec>)
10000df4:	803b      	strh	r3, [r7, #0]
10000df6:	491d      	ldr	r1, [pc, #116]	@ (10000e6c <irq_add_shared_handler+0x1f0>)
10000df8:	0073      	lsls	r3, r6, #1
10000dfa:	9302      	str	r3, [sp, #8]
10000dfc:	199b      	adds	r3, r3, r6
10000dfe:	009b      	lsls	r3, r3, #2
10000e00:	4a16      	ldr	r2, [pc, #88]	@ (10000e5c <irq_add_shared_handler+0x1e0>)
10000e02:	4690      	mov	r8, r2
10000e04:	001a      	movs	r2, r3
10000e06:	4442      	add	r2, r8
10000e08:	9203      	str	r2, [sp, #12]
10000e0a:	1c90      	adds	r0, r2, #2
10000e0c:	f7ff fea6 	bl	10000b5c <make_j_16>
10000e10:	8078      	strh	r0, [r7, #2]
10000e12:	9a03      	ldr	r2, [sp, #12]
10000e14:	1d10      	adds	r0, r2, #4
10000e16:	4651      	mov	r1, sl
10000e18:	f7ff fea0 	bl	10000b5c <make_j_16>
10000e1c:	80b8      	strh	r0, [r7, #4]
10000e1e:	4b1c      	ldr	r3, [pc, #112]	@ (10000e90 <irq_add_shared_handler+0x214>)
10000e20:	4652      	mov	r2, sl
10000e22:	4641      	mov	r1, r8
10000e24:	1a52      	subs	r2, r2, r1
10000e26:	4152      	adcs	r2, r2
10000e28:	4353      	muls	r3, r2
10000e2a:	0d1b      	lsrs	r3, r3, #20
10000e2c:	71bb      	strb	r3, [r7, #6]
10000e2e:	71fd      	strb	r5, [r7, #7]
10000e30:	9a01      	ldr	r2, [sp, #4]
10000e32:	9207      	str	r2, [sp, #28]
10000e34:	9b02      	ldr	r3, [sp, #8]
10000e36:	199b      	adds	r3, r3, r6
10000e38:	009b      	lsls	r3, r3, #2
10000e3a:	4443      	add	r3, r8
10000e3c:	cf07      	ldmia	r7!, {r0, r1, r2}
10000e3e:	c307      	stmia	r3!, {r0, r1, r2}
10000e40:	4b11      	ldr	r3, [pc, #68]	@ (10000e88 <irq_add_shared_handler+0x20c>)
10000e42:	4652      	mov	r2, sl
10000e44:	8013      	strh	r3, [r2, #0]
10000e46:	3b81      	subs	r3, #129	@ 0x81
10000e48:	8053      	strh	r3, [r2, #2]
10000e4a:	2301      	movs	r3, #1
10000e4c:	431c      	orrs	r4, r3
10000e4e:	46a0      	mov	r8, r4
10000e50:	e761      	b.n	10000d16 <irq_add_shared_handler+0x9a>
10000e52:	46c0      	nop			@ (mov r8, r8)
10000e54:	d0000124 	.word	0xd0000124
10000e58:	20001c01 	.word	0x20001c01
10000e5c:	20000c04 	.word	0x20000c04
10000e60:	e000ed00 	.word	0xe000ed00
10000e64:	100001c1 	.word	0x100001c1
10000e68:	ffffa100 	.word	0xffffa100
10000e6c:	20000c34 	.word	0x20000c34
10000e70:	ffffbd01 	.word	0xffffbd01
10000e74:	100081e8 	.word	0x100081e8
10000e78:	10008d00 	.word	0x10008d00
10000e7c:	10008140 	.word	0x10008140
10000e80:	10008210 	.word	0x10008210
10000e84:	10008238 	.word	0x10008238
10000e88:	00004801 	.word	0x00004801
10000e8c:	0000bd01 	.word	0x0000bd01
10000e90:	0000aaaa 	.word	0x0000aaaa

10000e94 <irq_add_tail_to_free_list>:
10000e94:	b5f8      	push	{r3, r4, r5, r6, r7, lr}
10000e96:	2201      	movs	r2, #1
10000e98:	4302      	orrs	r2, r0
10000e9a:	4b2c      	ldr	r3, [pc, #176]	@ (10000f4c <irq_add_tail_to_free_list+0xb8>)
10000e9c:	1ad3      	subs	r3, r2, r3
10000e9e:	2b2f      	cmp	r3, #47	@ 0x2f
10000ea0:	d828      	bhi.n	10000ef4 <irq_add_tail_to_free_list+0x60>
10000ea2:	f3ef 8305 	mrs	r3, IPSR
10000ea6:	2b00      	cmp	r3, #0
10000ea8:	d02a      	beq.n	10000f00 <irq_add_tail_to_free_list+0x6c>
10000eaa:	f3ef 8410 	mrs	r4, PRIMASK
10000eae:	b672      	cpsid	i
10000eb0:	4927      	ldr	r1, [pc, #156]	@ (10000f50 <irq_add_tail_to_free_list+0xbc>)
10000eb2:	6809      	ldr	r1, [r1, #0]
10000eb4:	2900      	cmp	r1, #0
10000eb6:	d0fb      	beq.n	10000eb0 <irq_add_tail_to_free_list+0x1c>
10000eb8:	f3bf 8f5f 	dmb	sy
10000ebc:	4d23      	ldr	r5, [pc, #140]	@ (10000f4c <irq_add_tail_to_free_list+0xb8>)
10000ebe:	4925      	ldr	r1, [pc, #148]	@ (10000f54 <irq_add_tail_to_free_list+0xc0>)
10000ec0:	0006      	movs	r6, r0
10000ec2:	1b76      	subs	r6, r6, r5
10000ec4:	4176      	adcs	r6, r6
10000ec6:	4371      	muls	r1, r6
10000ec8:	0d09      	lsrs	r1, r1, #20
10000eca:	b24d      	sxtb	r5, r1
10000ecc:	4922      	ldr	r1, [pc, #136]	@ (10000f58 <irq_add_tail_to_free_list+0xc4>)
10000ece:	6889      	ldr	r1, [r1, #8]
10000ed0:	009b      	lsls	r3, r3, #2
10000ed2:	58c9      	ldr	r1, [r1, r3]
10000ed4:	4291      	cmp	r1, r2
10000ed6:	d019      	beq.n	10000f0c <irq_add_tail_to_free_list+0x78>
10000ed8:	2100      	movs	r1, #0
10000eda:	2903      	cmp	r1, #3
10000edc:	d830      	bhi.n	10000f40 <irq_add_tail_to_free_list+0xac>
10000ede:	4b1b      	ldr	r3, [pc, #108]	@ (10000f4c <irq_add_tail_to_free_list+0xb8>)
10000ee0:	004a      	lsls	r2, r1, #1
10000ee2:	1852      	adds	r2, r2, r1
10000ee4:	0092      	lsls	r2, r2, #2
10000ee6:	189b      	adds	r3, r3, r2
10000ee8:	799b      	ldrb	r3, [r3, #6]
10000eea:	b25b      	sxtb	r3, r3
10000eec:	42ab      	cmp	r3, r5
10000eee:	d01d      	beq.n	10000f2c <irq_add_tail_to_free_list+0x98>
10000ef0:	3101      	adds	r1, #1
10000ef2:	e7f2      	b.n	10000eda <irq_add_tail_to_free_list+0x46>
10000ef4:	4b19      	ldr	r3, [pc, #100]	@ (10000f5c <irq_add_tail_to_free_list+0xc8>)
10000ef6:	4a1a      	ldr	r2, [pc, #104]	@ (10000f60 <irq_add_tail_to_free_list+0xcc>)
10000ef8:	481a      	ldr	r0, [pc, #104]	@ (10000f64 <irq_add_tail_to_free_list+0xd0>)
10000efa:	491b      	ldr	r1, [pc, #108]	@ (10000f68 <irq_add_tail_to_free_list+0xd4>)
10000efc:	f003 fd9e 	bl	10004a3c <__assert_func>
10000f00:	4b1a      	ldr	r3, [pc, #104]	@ (10000f6c <irq_add_tail_to_free_list+0xd8>)
10000f02:	4a17      	ldr	r2, [pc, #92]	@ (10000f60 <irq_add_tail_to_free_list+0xcc>)
10000f04:	4817      	ldr	r0, [pc, #92]	@ (10000f64 <irq_add_tail_to_free_list+0xd0>)
10000f06:	491a      	ldr	r1, [pc, #104]	@ (10000f70 <irq_add_tail_to_free_list+0xdc>)
10000f08:	f003 fd98 	bl	10004a3c <__assert_func>
10000f0c:	4a12      	ldr	r2, [pc, #72]	@ (10000f58 <irq_add_tail_to_free_list+0xc4>)
10000f0e:	6892      	ldr	r2, [r2, #8]
10000f10:	4918      	ldr	r1, [pc, #96]	@ (10000f74 <irq_add_tail_to_free_list+0xe0>)
10000f12:	50d1      	str	r1, [r2, r3]
10000f14:	4b18      	ldr	r3, [pc, #96]	@ (10000f78 <irq_add_tail_to_free_list+0xe4>)
10000f16:	781a      	ldrb	r2, [r3, #0]
10000f18:	7182      	strb	r2, [r0, #6]
10000f1a:	701d      	strb	r5, [r3, #0]
10000f1c:	f3bf 8f5f 	dmb	sy
10000f20:	4b0b      	ldr	r3, [pc, #44]	@ (10000f50 <irq_add_tail_to_free_list+0xbc>)
10000f22:	2200      	movs	r2, #0
10000f24:	601a      	str	r2, [r3, #0]
10000f26:	f384 8810 	msr	PRIMASK, r4
10000f2a:	bdf8      	pop	{r3, r4, r5, r6, r7, pc}
10000f2c:	4b07      	ldr	r3, [pc, #28]	@ (10000f4c <irq_add_tail_to_free_list+0xb8>)
10000f2e:	004a      	lsls	r2, r1, #1
10000f30:	1856      	adds	r6, r2, r1
10000f32:	00b6      	lsls	r6, r6, #2
10000f34:	199e      	adds	r6, r3, r6
10000f36:	27ff      	movs	r7, #255	@ 0xff
10000f38:	71b7      	strb	r7, [r6, #6]
10000f3a:	4a10      	ldr	r2, [pc, #64]	@ (10000f7c <irq_add_tail_to_free_list+0xe8>)
10000f3c:	80b2      	strh	r2, [r6, #4]
10000f3e:	e7e9      	b.n	10000f14 <irq_add_tail_to_free_list+0x80>
10000f40:	4b0f      	ldr	r3, [pc, #60]	@ (10000f80 <irq_add_tail_to_free_list+0xec>)
10000f42:	4a07      	ldr	r2, [pc, #28]	@ (10000f60 <irq_add_tail_to_free_list+0xcc>)
10000f44:	4807      	ldr	r0, [pc, #28]	@ (10000f64 <irq_add_tail_to_free_list+0xd0>)
10000f46:	490f      	ldr	r1, [pc, #60]	@ (10000f84 <irq_add_tail_to_free_list+0xf0>)
10000f48:	f003 fd78 	bl	10004a3c <__assert_func>
10000f4c:	20000c04 	.word	0x20000c04
10000f50:	d0000124 	.word	0xd0000124
10000f54:	0000aaaa 	.word	0x0000aaaa
10000f58:	e000ed00 	.word	0xe000ed00
10000f5c:	100082bc 	.word	0x100082bc
10000f60:	10008cc8 	.word	0x10008cc8
10000f64:	10008140 	.word	0x10008140
10000f68:	0000027f 	.word	0x0000027f
10000f6c:	100082e4 	.word	0x100082e4
10000f70:	00000282 	.word	0x00000282
10000f74:	100001c1 	.word	0x100001c1
10000f78:	20001c01 	.word	0x20001c01
10000f7c:	ffffbd01 	.word	0xffffbd01
10000f80:	100082f0 	.word	0x100082f0
10000f84:	00000293 	.word	0x00000293

10000f88 <user_irq_claim_unused>:
10000f88:	b510      	push	{r4, lr}
10000f8a:	b082      	sub	sp, #8
10000f8c:	0001      	movs	r1, r0
10000f8e:	4c07      	ldr	r4, [pc, #28]	@ (10000fac <user_irq_claim_unused+0x24>)
10000f90:	4b07      	ldr	r3, [pc, #28]	@ (10000fb0 <user_irq_claim_unused+0x28>)
10000f92:	9300      	str	r3, [sp, #0]
10000f94:	2305      	movs	r3, #5
10000f96:	2200      	movs	r2, #0
10000f98:	0020      	movs	r0, r4
10000f9a:	f7ff fd48 	bl	10000a2e <hw_claim_unused_from_range>
10000f9e:	2800      	cmp	r0, #0
10000fa0:	db01      	blt.n	10000fa6 <user_irq_claim_unused+0x1e>
10000fa2:	231f      	movs	r3, #31
10000fa4:	1a18      	subs	r0, r3, r0
10000fa6:	b002      	add	sp, #8
10000fa8:	bd10      	pop	{r4, pc}
10000faa:	46c0      	nop			@ (mov r8, r8)
10000fac:	20001c05 	.word	0x20001c05
10000fb0:	100082f8 	.word	0x100082f8

10000fb4 <lock_init>:
10000fb4:	4b02      	ldr	r3, [pc, #8]	@ (10000fc0 <lock_init+0xc>)
10000fb6:	469c      	mov	ip, r3
10000fb8:	4461      	add	r1, ip
10000fba:	0089      	lsls	r1, r1, #2
10000fbc:	6001      	str	r1, [r0, #0]
10000fbe:	4770      	bx	lr
10000fc0:	34000040 	.word	0x34000040

10000fc4 <mutex_init>:
10000fc4:	b510      	push	{r4, lr}
10000fc6:	0004      	movs	r4, r0
10000fc8:	f7ff fd5a 	bl	10000a80 <next_striped_spin_lock_num>
10000fcc:	0001      	movs	r1, r0
10000fce:	0020      	movs	r0, r4
10000fd0:	f7ff fff0 	bl	10000fb4 <lock_init>
10000fd4:	23ff      	movs	r3, #255	@ 0xff
10000fd6:	7123      	strb	r3, [r4, #4]
10000fd8:	f3bf 8f5f 	dmb	sy
10000fdc:	bd10      	pop	{r4, pc}

10000fde <recursive_mutex_init>:
10000fde:	b510      	push	{r4, lr}
10000fe0:	0004      	movs	r4, r0
10000fe2:	f7ff fd4d 	bl	10000a80 <next_striped_spin_lock_num>
10000fe6:	0001      	movs	r1, r0
10000fe8:	0020      	movs	r0, r4
10000fea:	f7ff ffe3 	bl	10000fb4 <lock_init>
10000fee:	23ff      	movs	r3, #255	@ 0xff
10000ff0:	7123      	strb	r3, [r4, #4]
10000ff2:	2300      	movs	r3, #0
10000ff4:	7163      	strb	r3, [r4, #5]
10000ff6:	f3bf 8f5f 	dmb	sy
10000ffa:	bd10      	pop	{r4, pc}

10000ffc <runtime_init_mutex>:
10000ffc:	b510      	push	{r4, lr}
10000ffe:	4c0d      	ldr	r4, [pc, #52]	@ (10001034 <runtime_init_mutex+0x38>)
10001000:	e009      	b.n	10001016 <runtime_init_mutex+0x1a>
10001002:	4b0d      	ldr	r3, [pc, #52]	@ (10001038 <runtime_init_mutex+0x3c>)
10001004:	4a0d      	ldr	r2, [pc, #52]	@ (1000103c <runtime_init_mutex+0x40>)
10001006:	480e      	ldr	r0, [pc, #56]	@ (10001040 <runtime_init_mutex+0x44>)
10001008:	211a      	movs	r1, #26
1000100a:	f003 fd17 	bl	10004a3c <__assert_func>
1000100e:	0020      	movs	r0, r4
10001010:	f7ff ffd8 	bl	10000fc4 <mutex_init>
10001014:	3408      	adds	r4, #8
10001016:	4b0b      	ldr	r3, [pc, #44]	@ (10001044 <runtime_init_mutex+0x48>)
10001018:	429c      	cmp	r4, r3
1000101a:	d209      	bcs.n	10001030 <runtime_init_mutex+0x34>
1000101c:	6823      	ldr	r3, [r4, #0]
1000101e:	2b00      	cmp	r3, #0
10001020:	d0f5      	beq.n	1000100e <runtime_init_mutex+0x12>
10001022:	2b01      	cmp	r3, #1
10001024:	d1ed      	bne.n	10001002 <runtime_init_mutex+0x6>
10001026:	0020      	movs	r0, r4
10001028:	f7ff ffd9 	bl	10000fde <recursive_mutex_init>
1000102c:	3408      	adds	r4, #8
1000102e:	e7f2      	b.n	10001016 <runtime_init_mutex+0x1a>
10001030:	bd10      	pop	{r4, pc}
10001032:	46c0      	nop			@ (mov r8, r8)
10001034:	20000cd0 	.word	0x20000cd0
10001038:	10008314 	.word	0x10008314
1000103c:	10008d58 	.word	0x10008d58
10001040:	10008334 	.word	0x10008334
10001044:	20000cd8 	.word	0x20000cd8

10001048 <critical_section_init_with_lock_num>:
10001048:	4b03      	ldr	r3, [pc, #12]	@ (10001058 <critical_section_init_with_lock_num+0x10>)
1000104a:	469c      	mov	ip, r3
1000104c:	4461      	add	r1, ip
1000104e:	0089      	lsls	r1, r1, #2
10001050:	6001      	str	r1, [r0, #0]
10001052:	f3bf 8f5f 	dmb	sy
10001056:	4770      	bx	lr
10001058:	34000040 	.word	0x34000040

1000105c <critical_section_init>:
1000105c:	b510      	push	{r4, lr}
1000105e:	0004      	movs	r4, r0
10001060:	2001      	movs	r0, #1
10001062:	f7ff fd1b 	bl	10000a9c <spin_lock_claim_unused>
10001066:	0001      	movs	r1, r0
10001068:	0020      	movs	r0, r4
1000106a:	f7ff ffed 	bl	10001048 <critical_section_init_with_lock_num>
1000106e:	bd10      	pop	{r4, pc}

10001070 <ta_set_timeout>:
10001070:	b530      	push	{r4, r5, lr}
10001072:	6a84      	ldr	r4, [r0, #40]	@ 0x28
10001074:	1b15      	subs	r5, r2, r4
10001076:	1d0b      	adds	r3, r1, #4
10001078:	009b      	lsls	r3, r3, #2
1000107a:	581b      	ldr	r3, [r3, r0]
1000107c:	1b1b      	subs	r3, r3, r4
1000107e:	429d      	cmp	r5, r3
10001080:	d304      	bcc.n	1000108c <ta_set_timeout+0x1c>
10001082:	6a04      	ldr	r4, [r0, #32]
10001084:	2301      	movs	r3, #1
10001086:	408b      	lsls	r3, r1
10001088:	4223      	tst	r3, r4
1000108a:	d102      	bne.n	10001092 <ta_set_timeout+0x22>
1000108c:	3104      	adds	r1, #4
1000108e:	0089      	lsls	r1, r1, #2
10001090:	500a      	str	r2, [r1, r0]
10001092:	bd30      	pop	{r4, r5, pc}

10001094 <make_alarm_id>:
10001094:	0400      	lsls	r0, r0, #16
10001096:	4308      	orrs	r0, r1
10001098:	4770      	bx	lr
	...

1000109c <sleep_until_callback>:
1000109c:	4b0a      	ldr	r3, [pc, #40]	@ (100010c8 <sleep_until_callback+0x2c>)
1000109e:	6819      	ldr	r1, [r3, #0]
100010a0:	f3ef 8310 	mrs	r3, PRIMASK
100010a4:	b672      	cpsid	i
100010a6:	680a      	ldr	r2, [r1, #0]
100010a8:	2a00      	cmp	r2, #0
100010aa:	d0fc      	beq.n	100010a6 <sleep_until_callback+0xa>
100010ac:	f3bf 8f5f 	dmb	sy
100010b0:	4a05      	ldr	r2, [pc, #20]	@ (100010c8 <sleep_until_callback+0x2c>)
100010b2:	6812      	ldr	r2, [r2, #0]
100010b4:	f3bf 8f5f 	dmb	sy
100010b8:	2100      	movs	r1, #0
100010ba:	6011      	str	r1, [r2, #0]
100010bc:	f383 8810 	msr	PRIMASK, r3
100010c0:	bf40      	sev
100010c2:	2000      	movs	r0, #0
100010c4:	2100      	movs	r1, #0
100010c6:	4770      	bx	lr
100010c8:	20001bd8 	.word	0x20001bd8

100010cc <alarm_pool_irq_handler>:
100010cc:	b5f0      	push	{r4, r5, r6, r7, lr}
100010ce:	46de      	mov	lr, fp
100010d0:	4657      	mov	r7, sl
100010d2:	464e      	mov	r6, r9
100010d4:	4645      	mov	r5, r8
100010d6:	b5e0      	push	{r5, r6, r7, lr}
100010d8:	b083      	sub	sp, #12
100010da:	f3ef 8305 	mrs	r3, IPSR
100010de:	2203      	movs	r2, #3
100010e0:	401a      	ands	r2, r3
100010e2:	0011      	movs	r1, r2
100010e4:	9201      	str	r2, [sp, #4]
100010e6:	4bac      	ldr	r3, [pc, #688]	@ (10001398 <alarm_pool_irq_handler+0x2cc>)
100010e8:	0092      	lsls	r2, r2, #2
100010ea:	58d3      	ldr	r3, [r2, r3]
100010ec:	4698      	mov	r8, r3
100010ee:	781b      	ldrb	r3, [r3, #0]
100010f0:	428b      	cmp	r3, r1
100010f2:	d107      	bne.n	10001104 <alarm_pool_irq_handler+0x38>
100010f4:	2301      	movs	r3, #1
100010f6:	9a01      	ldr	r2, [sp, #4]
100010f8:	4093      	lsls	r3, r2
100010fa:	9300      	str	r3, [sp, #0]
100010fc:	4ba7      	ldr	r3, [pc, #668]	@ (1000139c <alarm_pool_irq_handler+0x2d0>)
100010fe:	9a00      	ldr	r2, [sp, #0]
10001100:	601a      	str	r2, [r3, #0]
10001102:	e119      	b.n	10001338 <alarm_pool_irq_handler+0x26c>
10001104:	4ba6      	ldr	r3, [pc, #664]	@ (100013a0 <alarm_pool_irq_handler+0x2d4>)
10001106:	4aa7      	ldr	r2, [pc, #668]	@ (100013a4 <alarm_pool_irq_handler+0x2d8>)
10001108:	48a7      	ldr	r0, [pc, #668]	@ (100013a8 <alarm_pool_irq_handler+0x2dc>)
1000110a:	2192      	movs	r1, #146	@ 0x92
1000110c:	f003 fc96 	bl	10004a3c <__assert_func>
10001110:	4643      	mov	r3, r8
10001112:	695a      	ldr	r2, [r3, #20]
10001114:	464b      	mov	r3, r9
10001116:	005b      	lsls	r3, r3, #1
10001118:	444b      	add	r3, r9
1000111a:	00db      	lsls	r3, r3, #3
1000111c:	4693      	mov	fp, r2
1000111e:	449b      	add	fp, r3
10001120:	465b      	mov	r3, fp
10001122:	689e      	ldr	r6, [r3, #8]
10001124:	68df      	ldr	r7, [r3, #12]
10001126:	48a1      	ldr	r0, [pc, #644]	@ (100013ac <alarm_pool_irq_handler+0x2e0>)
10001128:	f000 fbb6 	bl	10001898 <timer_time_us_64>
1000112c:	1b80      	subs	r0, r0, r6
1000112e:	41b9      	sbcs	r1, r7
10001130:	2900      	cmp	r1, #0
10001132:	da00      	bge.n	10001136 <alarm_pool_irq_handler+0x6a>
10001134:	e10a      	b.n	1000134c <alarm_pool_irq_handler+0x280>
10001136:	2f00      	cmp	r7, #0
10001138:	db60      	blt.n	100011fc <alarm_pool_irq_handler+0x130>
1000113a:	465b      	mov	r3, fp
1000113c:	691c      	ldr	r4, [r3, #16]
1000113e:	4b9c      	ldr	r3, [pc, #624]	@ (100013b0 <alarm_pool_irq_handler+0x2e4>)
10001140:	429c      	cmp	r4, r3
10001142:	d045      	beq.n	100011d0 <alarm_pool_irq_handler+0x104>
10001144:	4643      	mov	r3, r8
10001146:	2008      	movs	r0, #8
10001148:	5e18      	ldrsh	r0, [r3, r0]
1000114a:	465b      	mov	r3, fp
1000114c:	8859      	ldrh	r1, [r3, #2]
1000114e:	b289      	uxth	r1, r1
10001150:	f7ff ffa0 	bl	10001094 <make_alarm_id>
10001154:	465b      	mov	r3, fp
10001156:	6959      	ldr	r1, [r3, #20]
10001158:	47a0      	blx	r4
1000115a:	0004      	movs	r4, r0
1000115c:	000d      	movs	r5, r1
1000115e:	0023      	movs	r3, r4
10001160:	432b      	orrs	r3, r5
10001162:	d04b      	beq.n	100011fc <alarm_pool_irq_handler+0x130>
10001164:	2d00      	cmp	r5, #0
10001166:	da3d      	bge.n	100011e4 <alarm_pool_irq_handler+0x118>
10001168:	0030      	movs	r0, r6
1000116a:	0039      	movs	r1, r7
1000116c:	1b00      	subs	r0, r0, r4
1000116e:	41a9      	sbcs	r1, r5
10001170:	465b      	mov	r3, fp
10001172:	6098      	str	r0, [r3, #8]
10001174:	60d9      	str	r1, [r3, #12]
10001176:	2400      	movs	r4, #0
10001178:	5f1c      	ldrsh	r4, [r3, r4]
1000117a:	2c00      	cmp	r4, #0
1000117c:	da00      	bge.n	10001180 <alarm_pool_irq_handler+0xb4>
1000117e:	e0e5      	b.n	1000134c <alarm_pool_irq_handler+0x280>
10001180:	4643      	mov	r3, r8
10001182:	695a      	ldr	r2, [r3, #20]
10001184:	4692      	mov	sl, r2
10001186:	0063      	lsls	r3, r4, #1
10001188:	191b      	adds	r3, r3, r4
1000118a:	00db      	lsls	r3, r3, #3
1000118c:	4453      	add	r3, sl
1000118e:	689a      	ldr	r2, [r3, #8]
10001190:	68db      	ldr	r3, [r3, #12]
10001192:	0005      	movs	r5, r0
10001194:	000e      	movs	r6, r1
10001196:	1aad      	subs	r5, r5, r2
10001198:	419e      	sbcs	r6, r3
1000119a:	2e00      	cmp	r6, #0
1000119c:	da00      	bge.n	100011a0 <alarm_pool_irq_handler+0xd4>
1000119e:	e0d5      	b.n	1000134c <alarm_pool_irq_handler+0x280>
100011a0:	4643      	mov	r3, r8
100011a2:	811c      	strh	r4, [r3, #8]
100011a4:	4647      	mov	r7, r8
100011a6:	3708      	adds	r7, #8
100011a8:	46bc      	mov	ip, r7
100011aa:	4663      	mov	r3, ip
100011ac:	2500      	movs	r5, #0
100011ae:	5f5d      	ldrsh	r5, [r3, r5]
100011b0:	2d00      	cmp	r5, #0
100011b2:	db1d      	blt.n	100011f0 <alarm_pool_irq_handler+0x124>
100011b4:	006c      	lsls	r4, r5, #1
100011b6:	1964      	adds	r4, r4, r5
100011b8:	00e4      	lsls	r4, r4, #3
100011ba:	4454      	add	r4, sl
100011bc:	68a2      	ldr	r2, [r4, #8]
100011be:	68e3      	ldr	r3, [r4, #12]
100011c0:	0006      	movs	r6, r0
100011c2:	000f      	movs	r7, r1
100011c4:	1ab6      	subs	r6, r6, r2
100011c6:	419f      	sbcs	r7, r3
100011c8:	2f00      	cmp	r7, #0
100011ca:	db11      	blt.n	100011f0 <alarm_pool_irq_handler+0x124>
100011cc:	46a4      	mov	ip, r4
100011ce:	e7ec      	b.n	100011aa <alarm_pool_irq_handler+0xde>
100011d0:	465b      	mov	r3, fp
100011d2:	695c      	ldr	r4, [r3, #20]
100011d4:	6923      	ldr	r3, [r4, #16]
100011d6:	0020      	movs	r0, r4
100011d8:	4798      	blx	r3
100011da:	2800      	cmp	r0, #0
100011dc:	d00e      	beq.n	100011fc <alarm_pool_irq_handler+0x130>
100011de:	6865      	ldr	r5, [r4, #4]
100011e0:	6824      	ldr	r4, [r4, #0]
100011e2:	e7bc      	b.n	1000115e <alarm_pool_irq_handler+0x92>
100011e4:	4871      	ldr	r0, [pc, #452]	@ (100013ac <alarm_pool_irq_handler+0x2e0>)
100011e6:	f000 fb57 	bl	10001898 <timer_time_us_64>
100011ea:	1900      	adds	r0, r0, r4
100011ec:	4169      	adcs	r1, r5
100011ee:	e7bf      	b.n	10001170 <alarm_pool_irq_handler+0xa4>
100011f0:	465b      	mov	r3, fp
100011f2:	801d      	strh	r5, [r3, #0]
100011f4:	464b      	mov	r3, r9
100011f6:	4662      	mov	r2, ip
100011f8:	8013      	strh	r3, [r2, #0]
100011fa:	e0a7      	b.n	1000134c <alarm_pool_irq_handler+0x280>
100011fc:	465b      	mov	r3, fp
100011fe:	2200      	movs	r2, #0
10001200:	5e9b      	ldrsh	r3, [r3, r2]
10001202:	4642      	mov	r2, r8
10001204:	8113      	strh	r3, [r2, #8]
10001206:	6912      	ldr	r2, [r2, #16]
10001208:	f3ef 8310 	mrs	r3, PRIMASK
1000120c:	b672      	cpsid	i
1000120e:	6811      	ldr	r1, [r2, #0]
10001210:	2900      	cmp	r1, #0
10001212:	d0fc      	beq.n	1000120e <alarm_pool_irq_handler+0x142>
10001214:	f3bf 8f5f 	dmb	sy
10001218:	4642      	mov	r2, r8
1000121a:	2102      	movs	r1, #2
1000121c:	5e52      	ldrsh	r2, [r2, r1]
1000121e:	4659      	mov	r1, fp
10001220:	800a      	strh	r2, [r1, #0]
10001222:	4642      	mov	r2, r8
10001224:	4649      	mov	r1, r9
10001226:	8051      	strh	r1, [r2, #2]
10001228:	6912      	ldr	r2, [r2, #16]
1000122a:	f3bf 8f5f 	dmb	sy
1000122e:	2100      	movs	r1, #0
10001230:	6011      	str	r1, [r2, #0]
10001232:	f383 8810 	msr	PRIMASK, r3
10001236:	e089      	b.n	1000134c <alarm_pool_irq_handler+0x280>
10001238:	4643      	mov	r3, r8
1000123a:	6919      	ldr	r1, [r3, #16]
1000123c:	f3ef 8310 	mrs	r3, PRIMASK
10001240:	b672      	cpsid	i
10001242:	680a      	ldr	r2, [r1, #0]
10001244:	2a00      	cmp	r2, #0
10001246:	d0fc      	beq.n	10001242 <alarm_pool_irq_handler+0x176>
10001248:	f3bf 8f5f 	dmb	sy
1000124c:	4642      	mov	r2, r8
1000124e:	8892      	ldrh	r2, [r2, #4]
10001250:	b212      	sxth	r2, r2
10001252:	4691      	mov	r9, r2
10001254:	2201      	movs	r2, #1
10001256:	4252      	negs	r2, r2
10001258:	4641      	mov	r1, r8
1000125a:	808a      	strh	r2, [r1, #4]
1000125c:	690a      	ldr	r2, [r1, #16]
1000125e:	f3bf 8f5f 	dmb	sy
10001262:	2100      	movs	r1, #0
10001264:	6011      	str	r1, [r2, #0]
10001266:	f383 8810 	msr	PRIMASK, r3
1000126a:	e01a      	b.n	100012a2 <alarm_pool_irq_handler+0x1d6>
1000126c:	469b      	mov	fp, r3
1000126e:	465b      	mov	r3, fp
10001270:	2200      	movs	r2, #0
10001272:	5e9a      	ldrsh	r2, [r3, r2]
10001274:	2a00      	cmp	r2, #0
10001276:	db0b      	blt.n	10001290 <alarm_pool_irq_handler+0x1c4>
10001278:	0053      	lsls	r3, r2, #1
1000127a:	189b      	adds	r3, r3, r2
1000127c:	00db      	lsls	r3, r3, #3
1000127e:	4453      	add	r3, sl
10001280:	6898      	ldr	r0, [r3, #8]
10001282:	68d9      	ldr	r1, [r3, #12]
10001284:	0026      	movs	r6, r4
10001286:	002f      	movs	r7, r5
10001288:	1a36      	subs	r6, r6, r0
1000128a:	418f      	sbcs	r7, r1
1000128c:	2f00      	cmp	r7, #0
1000128e:	daed      	bge.n	1000126c <alarm_pool_irq_handler+0x1a0>
10001290:	464b      	mov	r3, r9
10001292:	4659      	mov	r1, fp
10001294:	800b      	strh	r3, [r1, #0]
10001296:	4663      	mov	r3, ip
10001298:	2100      	movs	r1, #0
1000129a:	5e5b      	ldrsh	r3, [r3, r1]
1000129c:	4699      	mov	r9, r3
1000129e:	4663      	mov	r3, ip
100012a0:	801a      	strh	r2, [r3, #0]
100012a2:	464b      	mov	r3, r9
100012a4:	2b00      	cmp	r3, #0
100012a6:	db57      	blt.n	10001358 <alarm_pool_irq_handler+0x28c>
100012a8:	4643      	mov	r3, r8
100012aa:	695a      	ldr	r2, [r3, #20]
100012ac:	4692      	mov	sl, r2
100012ae:	464b      	mov	r3, r9
100012b0:	005b      	lsls	r3, r3, #1
100012b2:	444b      	add	r3, r9
100012b4:	00db      	lsls	r3, r3, #3
100012b6:	469c      	mov	ip, r3
100012b8:	44d4      	add	ip, sl
100012ba:	4663      	mov	r3, ip
100012bc:	689c      	ldr	r4, [r3, #8]
100012be:	68dd      	ldr	r5, [r3, #12]
100012c0:	4646      	mov	r6, r8
100012c2:	3608      	adds	r6, #8
100012c4:	46b3      	mov	fp, r6
100012c6:	e7d2      	b.n	1000126e <alarm_pool_irq_handler+0x1a2>
100012c8:	2300      	movs	r3, #0
100012ca:	4642      	mov	r2, r8
100012cc:	7193      	strb	r3, [r2, #6]
100012ce:	4641      	mov	r1, r8
100012d0:	3108      	adds	r1, #8
100012d2:	4643      	mov	r3, r8
100012d4:	2008      	movs	r0, #8
100012d6:	5e18      	ldrsh	r0, [r3, r0]
100012d8:	e011      	b.n	100012fe <alarm_pool_irq_handler+0x232>
100012da:	2201      	movs	r2, #1
100012dc:	4252      	negs	r2, r2
100012de:	17d3      	asrs	r3, r2, #31
100012e0:	60a2      	str	r2, [r4, #8]
100012e2:	60e3      	str	r3, [r4, #12]
100012e4:	4643      	mov	r3, r8
100012e6:	2208      	movs	r2, #8
100012e8:	5e9b      	ldrsh	r3, [r3, r2]
100012ea:	4283      	cmp	r3, r0
100012ec:	d006      	beq.n	100012fc <alarm_pool_irq_handler+0x230>
100012ee:	800d      	strh	r5, [r1, #0]
100012f0:	4643      	mov	r3, r8
100012f2:	2208      	movs	r2, #8
100012f4:	5e9b      	ldrsh	r3, [r3, r2]
100012f6:	8023      	strh	r3, [r4, #0]
100012f8:	4643      	mov	r3, r8
100012fa:	8118      	strh	r0, [r3, #8]
100012fc:	0028      	movs	r0, r5
100012fe:	1c43      	adds	r3, r0, #1
10001300:	d02e      	beq.n	10001360 <alarm_pool_irq_handler+0x294>
10001302:	4643      	mov	r3, r8
10001304:	695a      	ldr	r2, [r3, #20]
10001306:	0043      	lsls	r3, r0, #1
10001308:	181b      	adds	r3, r3, r0
1000130a:	00db      	lsls	r3, r3, #3
1000130c:	18d4      	adds	r4, r2, r3
1000130e:	5ed5      	ldrsh	r5, [r2, r3]
10001310:	8863      	ldrh	r3, [r4, #2]
10001312:	b21b      	sxth	r3, r3
10001314:	2b00      	cmp	r3, #0
10001316:	dbe0      	blt.n	100012da <alarm_pool_irq_handler+0x20e>
10001318:	0021      	movs	r1, r4
1000131a:	e7ef      	b.n	100012fc <alarm_pool_irq_handler+0x230>
1000131c:	0022      	movs	r2, r4
1000131e:	002b      	movs	r3, r5
10001320:	9901      	ldr	r1, [sp, #4]
10001322:	4822      	ldr	r0, [pc, #136]	@ (100013ac <alarm_pool_irq_handler+0x2e0>)
10001324:	f7ff fea4 	bl	10001070 <ta_set_timeout>
10001328:	4820      	ldr	r0, [pc, #128]	@ (100013ac <alarm_pool_irq_handler+0x2e0>)
1000132a:	f000 fab5 	bl	10001898 <timer_time_us_64>
1000132e:	1a24      	subs	r4, r4, r0
10001330:	418d      	sbcs	r5, r1
10001332:	2d00      	cmp	r5, #0
10001334:	dc28      	bgt.n	10001388 <alarm_pool_irq_handler+0x2bc>
10001336:	d025      	beq.n	10001384 <alarm_pool_irq_handler+0x2b8>
10001338:	4b1c      	ldr	r3, [pc, #112]	@ (100013ac <alarm_pool_irq_handler+0x2e0>)
1000133a:	9a00      	ldr	r2, [sp, #0]
1000133c:	635a      	str	r2, [r3, #52]	@ 0x34
1000133e:	4643      	mov	r3, r8
10001340:	2208      	movs	r2, #8
10001342:	5e9b      	ldrsh	r3, [r3, r2]
10001344:	4699      	mov	r9, r3
10001346:	2b00      	cmp	r3, #0
10001348:	db00      	blt.n	1000134c <alarm_pool_irq_handler+0x280>
1000134a:	e6e1      	b.n	10001110 <alarm_pool_irq_handler+0x44>
1000134c:	4643      	mov	r3, r8
1000134e:	889b      	ldrh	r3, [r3, #4]
10001350:	b21b      	sxth	r3, r3
10001352:	2b00      	cmp	r3, #0
10001354:	db00      	blt.n	10001358 <alarm_pool_irq_handler+0x28c>
10001356:	e76f      	b.n	10001238 <alarm_pool_irq_handler+0x16c>
10001358:	4643      	mov	r3, r8
1000135a:	799b      	ldrb	r3, [r3, #6]
1000135c:	2b00      	cmp	r3, #0
1000135e:	d1b3      	bne.n	100012c8 <alarm_pool_irq_handler+0x1fc>
10001360:	4643      	mov	r3, r8
10001362:	2208      	movs	r2, #8
10001364:	5e9a      	ldrsh	r2, [r3, r2]
10001366:	2a00      	cmp	r2, #0
10001368:	db0e      	blt.n	10001388 <alarm_pool_irq_handler+0x2bc>
1000136a:	4643      	mov	r3, r8
1000136c:	6959      	ldr	r1, [r3, #20]
1000136e:	0053      	lsls	r3, r2, #1
10001370:	189b      	adds	r3, r3, r2
10001372:	00db      	lsls	r3, r3, #3
10001374:	18cb      	adds	r3, r1, r3
10001376:	689c      	ldr	r4, [r3, #8]
10001378:	68dd      	ldr	r5, [r3, #12]
1000137a:	1c63      	adds	r3, r4, #1
1000137c:	d1ce      	bne.n	1000131c <alarm_pool_irq_handler+0x250>
1000137e:	1c6b      	adds	r3, r5, #1
10001380:	d0d2      	beq.n	10001328 <alarm_pool_irq_handler+0x25c>
10001382:	e7cb      	b.n	1000131c <alarm_pool_irq_handler+0x250>
10001384:	2c00      	cmp	r4, #0
10001386:	d0d7      	beq.n	10001338 <alarm_pool_irq_handler+0x26c>
10001388:	bf40      	sev
1000138a:	b003      	add	sp, #12
1000138c:	bcf0      	pop	{r4, r5, r6, r7}
1000138e:	46bb      	mov	fp, r7
10001390:	46b2      	mov	sl, r6
10001392:	46a9      	mov	r9, r5
10001394:	46a0      	mov	r8, r4
10001396:	bdf0      	pop	{r4, r5, r6, r7, pc}
10001398:	200019a8 	.word	0x200019a8
1000139c:	4005703c 	.word	0x4005703c
100013a0:	100083c4 	.word	0x100083c4
100013a4:	10008d84 	.word	0x10008d84
100013a8:	100083f0 	.word	0x100083f0
100013ac:	40054000 	.word	0x40054000
100013b0:	100010cd 	.word	0x100010cd

100013b4 <ta_enable_irq_handler>:
100013b4:	b570      	push	{r4, r5, r6, lr}
100013b6:	0004      	movs	r4, r0
100013b8:	000d      	movs	r5, r1
100013ba:	0011      	movs	r1, r2
100013bc:	2601      	movs	r6, #1
100013be:	40ae      	lsls	r6, r5
100013c0:	6206      	str	r6, [r0, #32]
100013c2:	0028      	movs	r0, r5
100013c4:	f7ff fc30 	bl	10000c28 <irq_set_exclusive_handler>
100013c8:	2101      	movs	r1, #1
100013ca:	0028      	movs	r0, r5
100013cc:	f7ff fc04 	bl	10000bd8 <irq_set_enabled>
100013d0:	4b02      	ldr	r3, [pc, #8]	@ (100013dc <ta_enable_irq_handler+0x28>)
100013d2:	469c      	mov	ip, r3
100013d4:	4464      	add	r4, ip
100013d6:	6026      	str	r6, [r4, #0]
100013d8:	bd70      	pop	{r4, r5, r6, pc}
100013da:	46c0      	nop			@ (mov r8, r8)
100013dc:	00002038 	.word	0x00002038

100013e0 <alarm_pool_post_alloc_init>:
100013e0:	b5f8      	push	{r3, r4, r5, r6, r7, lr}
100013e2:	46ce      	mov	lr, r9
100013e4:	4647      	mov	r7, r8
100013e6:	b580      	push	{r7, lr}
100013e8:	0006      	movs	r6, r0
100013ea:	4689      	mov	r9, r1
100013ec:	4690      	mov	r8, r2
100013ee:	001f      	movs	r7, r3
100013f0:	60c1      	str	r1, [r0, #12]
100013f2:	f7ff fb45 	bl	10000a80 <next_striped_spin_lock_num>
100013f6:	4b15      	ldr	r3, [pc, #84]	@ (1000144c <alarm_pool_post_alloc_init+0x6c>)
100013f8:	469c      	mov	ip, r3
100013fa:	4460      	add	r0, ip
100013fc:	0080      	lsls	r0, r0, #2
100013fe:	6130      	str	r0, [r6, #16]
10001400:	4643      	mov	r3, r8
10001402:	7033      	strb	r3, [r6, #0]
10001404:	b2bb      	uxth	r3, r7
10001406:	8173      	strh	r3, [r6, #10]
10001408:	22d0      	movs	r2, #208	@ 0xd0
1000140a:	0612      	lsls	r2, r2, #24
1000140c:	7812      	ldrb	r2, [r2, #0]
1000140e:	7072      	strb	r2, [r6, #1]
10001410:	2201      	movs	r2, #1
10001412:	4252      	negs	r2, r2
10001414:	8132      	strh	r2, [r6, #8]
10001416:	80b2      	strh	r2, [r6, #4]
10001418:	189b      	adds	r3, r3, r2
1000141a:	8073      	strh	r3, [r6, #2]
1000141c:	2400      	movs	r4, #0
1000141e:	e006      	b.n	1000142e <alarm_pool_post_alloc_init+0x4e>
10001420:	1e62      	subs	r2, r4, #1
10001422:	6973      	ldr	r3, [r6, #20]
10001424:	0065      	lsls	r5, r4, #1
10001426:	192d      	adds	r5, r5, r4
10001428:	00ed      	lsls	r5, r5, #3
1000142a:	535a      	strh	r2, [r3, r5]
1000142c:	3401      	adds	r4, #1
1000142e:	42bc      	cmp	r4, r7
10001430:	d3f6      	bcc.n	10001420 <alarm_pool_post_alloc_init+0x40>
10001432:	4b07      	ldr	r3, [pc, #28]	@ (10001450 <alarm_pool_post_alloc_init+0x70>)
10001434:	4642      	mov	r2, r8
10001436:	0092      	lsls	r2, r2, #2
10001438:	50d6      	str	r6, [r2, r3]
1000143a:	4a06      	ldr	r2, [pc, #24]	@ (10001454 <alarm_pool_post_alloc_init+0x74>)
1000143c:	4641      	mov	r1, r8
1000143e:	4648      	mov	r0, r9
10001440:	f7ff ffb8 	bl	100013b4 <ta_enable_irq_handler>
10001444:	bcc0      	pop	{r6, r7}
10001446:	46b9      	mov	r9, r7
10001448:	46b0      	mov	r8, r6
1000144a:	bdf8      	pop	{r3, r4, r5, r6, r7, pc}
1000144c:	34000040 	.word	0x34000040
10001450:	200019a8 	.word	0x200019a8
10001454:	100010cd 	.word	0x100010cd

10001458 <alarm_pool_get_default>:
10001458:	b510      	push	{r4, lr}
1000145a:	4b06      	ldr	r3, [pc, #24]	@ (10001474 <alarm_pool_get_default+0x1c>)
1000145c:	691b      	ldr	r3, [r3, #16]
1000145e:	2b00      	cmp	r3, #0
10001460:	d001      	beq.n	10001466 <alarm_pool_get_default+0xe>
10001462:	4804      	ldr	r0, [pc, #16]	@ (10001474 <alarm_pool_get_default+0x1c>)
10001464:	bd10      	pop	{r4, pc}
10001466:	4b04      	ldr	r3, [pc, #16]	@ (10001478 <alarm_pool_get_default+0x20>)
10001468:	4a04      	ldr	r2, [pc, #16]	@ (1000147c <alarm_pool_get_default+0x24>)
1000146a:	4805      	ldr	r0, [pc, #20]	@ (10001480 <alarm_pool_get_default+0x28>)
1000146c:	2165      	movs	r1, #101	@ 0x65
1000146e:	f003 fae5 	bl	10004a3c <__assert_func>
10001472:	46c0      	nop			@ (mov r8, r8)
10001474:	20000c4c 	.word	0x20000c4c
10001478:	1000842c 	.word	0x1000842c
1000147c:	10008d6c 	.word	0x10008d6c
10001480:	100083f0 	.word	0x100083f0

10001484 <alarm_pool_add_alarm_at_force_in_context>:
10001484:	b5f8      	push	{r3, r4, r5, r6, r7, lr}
10001486:	0004      	movs	r4, r0
10001488:	6905      	ldr	r5, [r0, #16]
1000148a:	f3ef 8010 	mrs	r0, PRIMASK
1000148e:	b672      	cpsid	i
10001490:	6829      	ldr	r1, [r5, #0]
10001492:	2900      	cmp	r1, #0
10001494:	d0fc      	beq.n	10001490 <alarm_pool_add_alarm_at_force_in_context+0xc>
10001496:	f3bf 8f5f 	dmb	sy
1000149a:	2102      	movs	r1, #2
1000149c:	5e66      	ldrsh	r6, [r4, r1]
1000149e:	6965      	ldr	r5, [r4, #20]
100014a0:	0071      	lsls	r1, r6, #1
100014a2:	1989      	adds	r1, r1, r6
100014a4:	00c9      	lsls	r1, r1, #3
100014a6:	186d      	adds	r5, r5, r1
100014a8:	2e00      	cmp	r6, #0
100014aa:	db02      	blt.n	100014b2 <alarm_pool_add_alarm_at_force_in_context+0x2e>
100014ac:	2700      	movs	r7, #0
100014ae:	5fe9      	ldrsh	r1, [r5, r7]
100014b0:	8061      	strh	r1, [r4, #2]
100014b2:	6921      	ldr	r1, [r4, #16]
100014b4:	f3bf 8f5f 	dmb	sy
100014b8:	2700      	movs	r7, #0
100014ba:	600f      	str	r7, [r1, #0]
100014bc:	f380 8810 	msr	PRIMASK, r0
100014c0:	2e00      	cmp	r6, #0
100014c2:	db2c      	blt.n	1000151e <alarm_pool_add_alarm_at_force_in_context+0x9a>
100014c4:	9906      	ldr	r1, [sp, #24]
100014c6:	6129      	str	r1, [r5, #16]
100014c8:	9907      	ldr	r1, [sp, #28]
100014ca:	6169      	str	r1, [r5, #20]
100014cc:	60aa      	str	r2, [r5, #8]
100014ce:	60eb      	str	r3, [r5, #12]
100014d0:	886b      	ldrh	r3, [r5, #2]
100014d2:	3301      	adds	r3, #1
100014d4:	045b      	lsls	r3, r3, #17
100014d6:	0c59      	lsrs	r1, r3, #17
100014d8:	2b00      	cmp	r3, #0
100014da:	d100      	bne.n	100014de <alarm_pool_add_alarm_at_force_in_context+0x5a>
100014dc:	2101      	movs	r1, #1
100014de:	8069      	strh	r1, [r5, #2]
100014e0:	0030      	movs	r0, r6
100014e2:	f7ff fdd7 	bl	10001094 <make_alarm_id>
100014e6:	6921      	ldr	r1, [r4, #16]
100014e8:	f3ef 8310 	mrs	r3, PRIMASK
100014ec:	b672      	cpsid	i
100014ee:	680a      	ldr	r2, [r1, #0]
100014f0:	2a00      	cmp	r2, #0
100014f2:	d0fc      	beq.n	100014ee <alarm_pool_add_alarm_at_force_in_context+0x6a>
100014f4:	f3bf 8f5f 	dmb	sy
100014f8:	88a2      	ldrh	r2, [r4, #4]
100014fa:	802a      	strh	r2, [r5, #0]
100014fc:	80a6      	strh	r6, [r4, #4]
100014fe:	6922      	ldr	r2, [r4, #16]
10001500:	f3bf 8f5f 	dmb	sy
10001504:	2100      	movs	r1, #0
10001506:	6011      	str	r1, [r2, #0]
10001508:	f383 8810 	msr	PRIMASK, r3
1000150c:	68e3      	ldr	r3, [r4, #12]
1000150e:	7821      	ldrb	r1, [r4, #0]
10001510:	2201      	movs	r2, #1
10001512:	408a      	lsls	r2, r1
10001514:	4903      	ldr	r1, [pc, #12]	@ (10001524 <alarm_pool_add_alarm_at_force_in_context+0xa0>)
10001516:	468c      	mov	ip, r1
10001518:	4463      	add	r3, ip
1000151a:	601a      	str	r2, [r3, #0]
1000151c:	bdf8      	pop	{r3, r4, r5, r6, r7, pc}
1000151e:	2001      	movs	r0, #1
10001520:	4240      	negs	r0, r0
10001522:	e7fb      	b.n	1000151c <alarm_pool_add_alarm_at_force_in_context+0x98>
10001524:	0000203c 	.word	0x0000203c

10001528 <alarm_pool_add_alarm_at>:
10001528:	b570      	push	{r4, r5, r6, lr}
1000152a:	b082      	sub	sp, #8
1000152c:	0006      	movs	r6, r0
1000152e:	0014      	movs	r4, r2
10001530:	001d      	movs	r5, r3
10001532:	ab08      	add	r3, sp, #32
10001534:	781b      	ldrb	r3, [r3, #0]
10001536:	2b00      	cmp	r3, #0
10001538:	d107      	bne.n	1000154a <alarm_pool_add_alarm_at+0x22>
1000153a:	f000 f9c3 	bl	100018c4 <time_us_64>
1000153e:	0022      	movs	r2, r4
10001540:	002b      	movs	r3, r5
10001542:	1a12      	subs	r2, r2, r0
10001544:	418b      	sbcs	r3, r1
10001546:	2b00      	cmp	r3, #0
10001548:	db0a      	blt.n	10001560 <alarm_pool_add_alarm_at+0x38>
1000154a:	9b07      	ldr	r3, [sp, #28]
1000154c:	9301      	str	r3, [sp, #4]
1000154e:	9b06      	ldr	r3, [sp, #24]
10001550:	9300      	str	r3, [sp, #0]
10001552:	0022      	movs	r2, r4
10001554:	002b      	movs	r3, r5
10001556:	0030      	movs	r0, r6
10001558:	f7ff ff94 	bl	10001484 <alarm_pool_add_alarm_at_force_in_context>
1000155c:	b002      	add	sp, #8
1000155e:	bd70      	pop	{r4, r5, r6, pc}
10001560:	2000      	movs	r0, #0
10001562:	e7fb      	b.n	1000155c <alarm_pool_add_alarm_at+0x34>

10001564 <add_alarm_at>:
10001564:	b5f0      	push	{r4, r5, r6, r7, lr}
10001566:	46c6      	mov	lr, r8
10001568:	b500      	push	{lr}
1000156a:	b084      	sub	sp, #16
1000156c:	0005      	movs	r5, r0
1000156e:	4688      	mov	r8, r1
10001570:	0016      	movs	r6, r2
10001572:	001f      	movs	r7, r3
10001574:	ab0a      	add	r3, sp, #40	@ 0x28
10001576:	781c      	ldrb	r4, [r3, #0]
10001578:	f7ff ff6e 	bl	10001458 <alarm_pool_get_default>
1000157c:	9402      	str	r4, [sp, #8]
1000157e:	9701      	str	r7, [sp, #4]
10001580:	9600      	str	r6, [sp, #0]
10001582:	002a      	movs	r2, r5
10001584:	4643      	mov	r3, r8
10001586:	f7ff ffcf 	bl	10001528 <alarm_pool_add_alarm_at>
1000158a:	b004      	add	sp, #16
1000158c:	bc80      	pop	{r7}
1000158e:	46b8      	mov	r8, r7
10001590:	bdf0      	pop	{r4, r5, r6, r7, pc}
	...

10001594 <alarm_pool_cancel_alarm>:
10001594:	b530      	push	{r4, r5, lr}
10001596:	0003      	movs	r3, r0
10001598:	1408      	asrs	r0, r1, #16
1000159a:	895a      	ldrh	r2, [r3, #10]
1000159c:	4290      	cmp	r0, r2
1000159e:	da2e      	bge.n	100015fe <alarm_pool_cancel_alarm+0x6a>
100015a0:	695c      	ldr	r4, [r3, #20]
100015a2:	0042      	lsls	r2, r0, #1
100015a4:	1812      	adds	r2, r2, r0
100015a6:	00d2      	lsls	r2, r2, #3
100015a8:	18a2      	adds	r2, r4, r2
100015aa:	691d      	ldr	r5, [r3, #16]
100015ac:	f3ef 8410 	mrs	r4, PRIMASK
100015b0:	b672      	cpsid	i
100015b2:	6828      	ldr	r0, [r5, #0]
100015b4:	2800      	cmp	r0, #0
100015b6:	d0fc      	beq.n	100015b2 <alarm_pool_cancel_alarm+0x1e>
100015b8:	f3bf 8f5f 	dmb	sy
100015bc:	8850      	ldrh	r0, [r2, #2]
100015be:	b280      	uxth	r0, r0
100015c0:	0409      	lsls	r1, r1, #16
100015c2:	0c09      	lsrs	r1, r1, #16
100015c4:	4288      	cmp	r0, r1
100015c6:	d012      	beq.n	100015ee <alarm_pool_cancel_alarm+0x5a>
100015c8:	2000      	movs	r0, #0
100015ca:	691a      	ldr	r2, [r3, #16]
100015cc:	f3bf 8f5f 	dmb	sy
100015d0:	2100      	movs	r1, #0
100015d2:	6011      	str	r1, [r2, #0]
100015d4:	f384 8810 	msr	PRIMASK, r4
100015d8:	2800      	cmp	r0, #0
100015da:	d011      	beq.n	10001600 <alarm_pool_cancel_alarm+0x6c>
100015dc:	68da      	ldr	r2, [r3, #12]
100015de:	781b      	ldrb	r3, [r3, #0]
100015e0:	3101      	adds	r1, #1
100015e2:	4099      	lsls	r1, r3
100015e4:	4b07      	ldr	r3, [pc, #28]	@ (10001604 <alarm_pool_cancel_alarm+0x70>)
100015e6:	469c      	mov	ip, r3
100015e8:	4462      	add	r2, ip
100015ea:	6011      	str	r1, [r2, #0]
100015ec:	e008      	b.n	10001600 <alarm_pool_cancel_alarm+0x6c>
100015ee:	4906      	ldr	r1, [pc, #24]	@ (10001608 <alarm_pool_cancel_alarm+0x74>)
100015f0:	4301      	orrs	r1, r0
100015f2:	b289      	uxth	r1, r1
100015f4:	8051      	strh	r1, [r2, #2]
100015f6:	2201      	movs	r2, #1
100015f8:	719a      	strb	r2, [r3, #6]
100015fa:	2001      	movs	r0, #1
100015fc:	e7e5      	b.n	100015ca <alarm_pool_cancel_alarm+0x36>
100015fe:	2000      	movs	r0, #0
10001600:	bd30      	pop	{r4, r5, pc}
10001602:	46c0      	nop			@ (mov r8, r8)
10001604:	0000203c 	.word	0x0000203c
10001608:	ffff8000 	.word	0xffff8000

1000160c <cancel_alarm>:
1000160c:	b510      	push	{r4, lr}
1000160e:	0004      	movs	r4, r0
10001610:	f7ff ff22 	bl	10001458 <alarm_pool_get_default>
10001614:	0021      	movs	r1, r4
10001616:	f7ff ffbd 	bl	10001594 <alarm_pool_cancel_alarm>
1000161a:	bd10      	pop	{r4, pc}

1000161c <alarm_pool_core_num>:
1000161c:	7840      	ldrb	r0, [r0, #1]
1000161e:	4770      	bx	lr

10001620 <sleep_until>:
10001620:	b5f0      	push	{r4, r5, r6, r7, lr}
10001622:	b083      	sub	sp, #12
10001624:	0006      	movs	r6, r0
10001626:	000f      	movs	r7, r1
10001628:	f3ef 8305 	mrs	r3, IPSR
1000162c:	2b00      	cmp	r3, #0
1000162e:	d11a      	bne.n	10001666 <sleep_until+0x46>
10001630:	2406      	movs	r4, #6
10001632:	4264      	negs	r4, r4
10001634:	17e5      	asrs	r5, r4, #31
10001636:	19a4      	adds	r4, r4, r6
10001638:	417d      	adcs	r5, r7
1000163a:	428d      	cmp	r5, r1
1000163c:	d802      	bhi.n	10001644 <sleep_until+0x24>
1000163e:	d103      	bne.n	10001648 <sleep_until+0x28>
10001640:	4284      	cmp	r4, r0
10001642:	d901      	bls.n	10001648 <sleep_until+0x28>
10001644:	2400      	movs	r4, #0
10001646:	2500      	movs	r5, #0
10001648:	f000 f93c 	bl	100018c4 <time_us_64>
1000164c:	0022      	movs	r2, r4
1000164e:	002b      	movs	r3, r5
10001650:	1a12      	subs	r2, r2, r0
10001652:	418b      	sbcs	r3, r1
10001654:	2b00      	cmp	r3, #0
10001656:	dc0b      	bgt.n	10001670 <sleep_until+0x50>
10001658:	d008      	beq.n	1000166c <sleep_until+0x4c>
1000165a:	0030      	movs	r0, r6
1000165c:	0039      	movs	r1, r7
1000165e:	f000 f939 	bl	100018d4 <busy_wait_until>
10001662:	b003      	add	sp, #12
10001664:	bdf0      	pop	{r4, r5, r6, r7, pc}
10001666:	481a      	ldr	r0, [pc, #104]	@ (100016d0 <sleep_until+0xb0>)
10001668:	f7ff f99a 	bl	100009a0 <panic>
1000166c:	2a00      	cmp	r2, #0
1000166e:	d0f4      	beq.n	1000165a <sleep_until+0x3a>
10001670:	4a18      	ldr	r2, [pc, #96]	@ (100016d4 <sleep_until+0xb4>)
10001672:	2300      	movs	r3, #0
10001674:	9300      	str	r3, [sp, #0]
10001676:	0020      	movs	r0, r4
10001678:	0029      	movs	r1, r5
1000167a:	f7ff ff73 	bl	10001564 <add_alarm_at>
1000167e:	2800      	cmp	r0, #0
10001680:	da18      	bge.n	100016b4 <sleep_until+0x94>
10001682:	e7ea      	b.n	1000165a <sleep_until+0x3a>
10001684:	2300      	movs	r3, #0
10001686:	e000      	b.n	1000168a <sleep_until+0x6a>
10001688:	2300      	movs	r3, #0
1000168a:	2b00      	cmp	r3, #0
1000168c:	d1e5      	bne.n	1000165a <sleep_until+0x3a>
1000168e:	4b12      	ldr	r3, [pc, #72]	@ (100016d8 <sleep_until+0xb8>)
10001690:	6819      	ldr	r1, [r3, #0]
10001692:	f3ef 8310 	mrs	r3, PRIMASK
10001696:	b672      	cpsid	i
10001698:	680a      	ldr	r2, [r1, #0]
1000169a:	2a00      	cmp	r2, #0
1000169c:	d0fc      	beq.n	10001698 <sleep_until+0x78>
1000169e:	f3bf 8f5f 	dmb	sy
100016a2:	4a0d      	ldr	r2, [pc, #52]	@ (100016d8 <sleep_until+0xb8>)
100016a4:	6812      	ldr	r2, [r2, #0]
100016a6:	f3bf 8f5f 	dmb	sy
100016aa:	2100      	movs	r1, #0
100016ac:	6011      	str	r1, [r2, #0]
100016ae:	f383 8810 	msr	PRIMASK, r3
100016b2:	bf20      	wfe
100016b4:	4b09      	ldr	r3, [pc, #36]	@ (100016dc <sleep_until+0xbc>)
100016b6:	6a5b      	ldr	r3, [r3, #36]	@ 0x24
100016b8:	429d      	cmp	r5, r3
100016ba:	d8e5      	bhi.n	10001688 <sleep_until+0x68>
100016bc:	4907      	ldr	r1, [pc, #28]	@ (100016dc <sleep_until+0xbc>)
100016be:	6a89      	ldr	r1, [r1, #40]	@ 0x28
100016c0:	42a1      	cmp	r1, r4
100016c2:	d203      	bcs.n	100016cc <sleep_until+0xac>
100016c4:	429d      	cmp	r5, r3
100016c6:	d0dd      	beq.n	10001684 <sleep_until+0x64>
100016c8:	2301      	movs	r3, #1
100016ca:	e7de      	b.n	1000168a <sleep_until+0x6a>
100016cc:	2301      	movs	r3, #1
100016ce:	e7dc      	b.n	1000168a <sleep_until+0x6a>
100016d0:	10008450 	.word	0x10008450
100016d4:	1000109d 	.word	0x1000109d
100016d8:	20001bd8 	.word	0x20001bd8
100016dc:	40054000 	.word	0x40054000

100016e0 <sleep_us>:
100016e0:	b570      	push	{r4, r5, r6, lr}
100016e2:	0004      	movs	r4, r0
100016e4:	000d      	movs	r5, r1
100016e6:	f000 f8ed 	bl	100018c4 <time_us_64>
100016ea:	1900      	adds	r0, r0, r4
100016ec:	4169      	adcs	r1, r5
100016ee:	2900      	cmp	r1, #0
100016f0:	db02      	blt.n	100016f8 <sleep_us+0x18>
100016f2:	f7ff ff95 	bl	10001620 <sleep_until>
100016f6:	bd70      	pop	{r4, r5, r6, pc}
100016f8:	2001      	movs	r0, #1
100016fa:	4240      	negs	r0, r0
100016fc:	4900      	ldr	r1, [pc, #0]	@ (10001700 <sleep_us+0x20>)
100016fe:	e7f8      	b.n	100016f2 <sleep_us+0x12>
10001700:	7fffffff 	.word	0x7fffffff

10001704 <sleep_ms>:
10001704:	b510      	push	{r4, lr}
10001706:	22fa      	movs	r2, #250	@ 0xfa
10001708:	0092      	lsls	r2, r2, #2
1000170a:	2300      	movs	r3, #0
1000170c:	2100      	movs	r1, #0
1000170e:	f001 ff7d 	bl	1000360c <__wrap___aeabi_lmul>
10001712:	f7ff ffe5 	bl	100016e0 <sleep_us>
10001716:	bd10      	pop	{r4, pc}

10001718 <best_effort_wfe_or_timeout>:
10001718:	b5f0      	push	{r4, r5, r6, r7, lr}
1000171a:	46ce      	mov	lr, r9
1000171c:	4647      	mov	r7, r8
1000171e:	b580      	push	{r7, lr}
10001720:	b083      	sub	sp, #12
10001722:	0005      	movs	r5, r0
10001724:	000c      	movs	r4, r1
10001726:	f3ef 8305 	mrs	r3, IPSR
1000172a:	2b00      	cmp	r3, #0
1000172c:	d015      	beq.n	1000175a <best_effort_wfe_or_timeout+0x42>
1000172e:	4b43      	ldr	r3, [pc, #268]	@ (1000183c <best_effort_wfe_or_timeout+0x124>)
10001730:	6a5b      	ldr	r3, [r3, #36]	@ 0x24
10001732:	428b      	cmp	r3, r1
10001734:	d309      	bcc.n	1000174a <best_effort_wfe_or_timeout+0x32>
10001736:	4a41      	ldr	r2, [pc, #260]	@ (1000183c <best_effort_wfe_or_timeout+0x124>)
10001738:	6a92      	ldr	r2, [r2, #40]	@ 0x28
1000173a:	4282      	cmp	r2, r0
1000173c:	d20b      	bcs.n	10001756 <best_effort_wfe_or_timeout+0x3e>
1000173e:	428b      	cmp	r3, r1
10001740:	d001      	beq.n	10001746 <best_effort_wfe_or_timeout+0x2e>
10001742:	2001      	movs	r0, #1
10001744:	e002      	b.n	1000174c <best_effort_wfe_or_timeout+0x34>
10001746:	2000      	movs	r0, #0
10001748:	e000      	b.n	1000174c <best_effort_wfe_or_timeout+0x34>
1000174a:	2000      	movs	r0, #0
1000174c:	b003      	add	sp, #12
1000174e:	bcc0      	pop	{r6, r7}
10001750:	46b9      	mov	r9, r7
10001752:	46b0      	mov	r8, r6
10001754:	bdf0      	pop	{r4, r5, r6, r7, pc}
10001756:	2001      	movs	r0, #1
10001758:	e7f8      	b.n	1000174c <best_effort_wfe_or_timeout+0x34>
1000175a:	f7ff fe7d 	bl	10001458 <alarm_pool_get_default>
1000175e:	68c3      	ldr	r3, [r0, #12]
10001760:	4699      	mov	r9, r3
10001762:	7803      	ldrb	r3, [r0, #0]
10001764:	4698      	mov	r8, r3
10001766:	002e      	movs	r6, r5
10001768:	0027      	movs	r7, r4
1000176a:	4648      	mov	r0, r9
1000176c:	f000 f894 	bl	10001898 <timer_time_us_64>
10001770:	0002      	movs	r2, r0
10001772:	000b      	movs	r3, r1
10001774:	1ab6      	subs	r6, r6, r2
10001776:	419f      	sbcs	r7, r3
10001778:	4643      	mov	r3, r8
1000177a:	3304      	adds	r3, #4
1000177c:	009b      	lsls	r3, r3, #2
1000177e:	464a      	mov	r2, r9
10001780:	589b      	ldr	r3, [r3, r2]
10001782:	1a1b      	subs	r3, r3, r0
10001784:	2200      	movs	r2, #0
10001786:	42ba      	cmp	r2, r7
10001788:	dc0f      	bgt.n	100017aa <best_effort_wfe_or_timeout+0x92>
1000178a:	d00c      	beq.n	100017a6 <best_effort_wfe_or_timeout+0x8e>
1000178c:	bf20      	wfe
1000178e:	4b2b      	ldr	r3, [pc, #172]	@ (1000183c <best_effort_wfe_or_timeout+0x124>)
10001790:	6a5b      	ldr	r3, [r3, #36]	@ 0x24
10001792:	429c      	cmp	r4, r3
10001794:	d820      	bhi.n	100017d8 <best_effort_wfe_or_timeout+0xc0>
10001796:	4a29      	ldr	r2, [pc, #164]	@ (1000183c <best_effort_wfe_or_timeout+0x124>)
10001798:	6a92      	ldr	r2, [r2, #40]	@ 0x28
1000179a:	42aa      	cmp	r2, r5
1000179c:	d21e      	bcs.n	100017dc <best_effort_wfe_or_timeout+0xc4>
1000179e:	429c      	cmp	r4, r3
100017a0:	d018      	beq.n	100017d4 <best_effort_wfe_or_timeout+0xbc>
100017a2:	2001      	movs	r0, #1
100017a4:	e7d2      	b.n	1000174c <best_effort_wfe_or_timeout+0x34>
100017a6:	42b3      	cmp	r3, r6
100017a8:	d9f0      	bls.n	1000178c <best_effort_wfe_or_timeout+0x74>
100017aa:	4a25      	ldr	r2, [pc, #148]	@ (10001840 <best_effort_wfe_or_timeout+0x128>)
100017ac:	2300      	movs	r3, #0
100017ae:	9300      	str	r3, [sp, #0]
100017b0:	0028      	movs	r0, r5
100017b2:	0021      	movs	r1, r4
100017b4:	f7ff fed6 	bl	10001564 <add_alarm_at>
100017b8:	2800      	cmp	r0, #0
100017ba:	dd11      	ble.n	100017e0 <best_effort_wfe_or_timeout+0xc8>
100017bc:	4b1f      	ldr	r3, [pc, #124]	@ (1000183c <best_effort_wfe_or_timeout+0x124>)
100017be:	6a5b      	ldr	r3, [r3, #36]	@ 0x24
100017c0:	429c      	cmp	r4, r3
100017c2:	d821      	bhi.n	10001808 <best_effort_wfe_or_timeout+0xf0>
100017c4:	4a1d      	ldr	r2, [pc, #116]	@ (1000183c <best_effort_wfe_or_timeout+0x124>)
100017c6:	6a92      	ldr	r2, [r2, #40]	@ 0x28
100017c8:	42aa      	cmp	r2, r5
100017ca:	d22f      	bcs.n	1000182c <best_effort_wfe_or_timeout+0x114>
100017cc:	429c      	cmp	r4, r3
100017ce:	d019      	beq.n	10001804 <best_effort_wfe_or_timeout+0xec>
100017d0:	2301      	movs	r3, #1
100017d2:	e01a      	b.n	1000180a <best_effort_wfe_or_timeout+0xf2>
100017d4:	2000      	movs	r0, #0
100017d6:	e7b9      	b.n	1000174c <best_effort_wfe_or_timeout+0x34>
100017d8:	2000      	movs	r0, #0
100017da:	e7b7      	b.n	1000174c <best_effort_wfe_or_timeout+0x34>
100017dc:	2001      	movs	r0, #1
100017de:	e7b5      	b.n	1000174c <best_effort_wfe_or_timeout+0x34>
100017e0:	4b16      	ldr	r3, [pc, #88]	@ (1000183c <best_effort_wfe_or_timeout+0x124>)
100017e2:	6a5b      	ldr	r3, [r3, #36]	@ 0x24
100017e4:	429c      	cmp	r4, r3
100017e6:	d809      	bhi.n	100017fc <best_effort_wfe_or_timeout+0xe4>
100017e8:	4a14      	ldr	r2, [pc, #80]	@ (1000183c <best_effort_wfe_or_timeout+0x124>)
100017ea:	6a92      	ldr	r2, [r2, #40]	@ 0x28
100017ec:	42aa      	cmp	r2, r5
100017ee:	d207      	bcs.n	10001800 <best_effort_wfe_or_timeout+0xe8>
100017f0:	429c      	cmp	r4, r3
100017f2:	d001      	beq.n	100017f8 <best_effort_wfe_or_timeout+0xe0>
100017f4:	2001      	movs	r0, #1
100017f6:	e7a9      	b.n	1000174c <best_effort_wfe_or_timeout+0x34>
100017f8:	2000      	movs	r0, #0
100017fa:	e7a7      	b.n	1000174c <best_effort_wfe_or_timeout+0x34>
100017fc:	2000      	movs	r0, #0
100017fe:	e7a5      	b.n	1000174c <best_effort_wfe_or_timeout+0x34>
10001800:	2001      	movs	r0, #1
10001802:	e7a3      	b.n	1000174c <best_effort_wfe_or_timeout+0x34>
10001804:	2300      	movs	r3, #0
10001806:	e000      	b.n	1000180a <best_effort_wfe_or_timeout+0xf2>
10001808:	2300      	movs	r3, #0
1000180a:	2b00      	cmp	r3, #0
1000180c:	d100      	bne.n	10001810 <best_effort_wfe_or_timeout+0xf8>
1000180e:	bf20      	wfe
10001810:	f7ff fefc 	bl	1000160c <cancel_alarm>
10001814:	4b09      	ldr	r3, [pc, #36]	@ (1000183c <best_effort_wfe_or_timeout+0x124>)
10001816:	6a5b      	ldr	r3, [r3, #36]	@ 0x24
10001818:	429c      	cmp	r4, r3
1000181a:	d80b      	bhi.n	10001834 <best_effort_wfe_or_timeout+0x11c>
1000181c:	4a07      	ldr	r2, [pc, #28]	@ (1000183c <best_effort_wfe_or_timeout+0x124>)
1000181e:	6a92      	ldr	r2, [r2, #40]	@ 0x28
10001820:	42aa      	cmp	r2, r5
10001822:	d209      	bcs.n	10001838 <best_effort_wfe_or_timeout+0x120>
10001824:	429c      	cmp	r4, r3
10001826:	d003      	beq.n	10001830 <best_effort_wfe_or_timeout+0x118>
10001828:	2001      	movs	r0, #1
1000182a:	e78f      	b.n	1000174c <best_effort_wfe_or_timeout+0x34>
1000182c:	2301      	movs	r3, #1
1000182e:	e7ec      	b.n	1000180a <best_effort_wfe_or_timeout+0xf2>
10001830:	2000      	movs	r0, #0
10001832:	e78b      	b.n	1000174c <best_effort_wfe_or_timeout+0x34>
10001834:	2000      	movs	r0, #0
10001836:	e789      	b.n	1000174c <best_effort_wfe_or_timeout+0x34>
10001838:	2001      	movs	r0, #1
1000183a:	e787      	b.n	1000174c <best_effort_wfe_or_timeout+0x34>
1000183c:	40054000 	.word	0x40054000
10001840:	1000109d 	.word	0x1000109d

10001844 <alarm_pool_get_default_timer>:
10001844:	4800      	ldr	r0, [pc, #0]	@ (10001848 <alarm_pool_get_default_timer+0x4>)
10001846:	4770      	bx	lr
10001848:	40054000 	.word	0x40054000

1000184c <runtime_init_default_alarm_pool>:
1000184c:	b510      	push	{r4, lr}
1000184e:	4b0b      	ldr	r3, [pc, #44]	@ (1000187c <runtime_init_default_alarm_pool+0x30>)
10001850:	691b      	ldr	r3, [r3, #16]
10001852:	2b00      	cmp	r3, #0
10001854:	d004      	beq.n	10001860 <runtime_init_default_alarm_pool+0x14>
10001856:	480a      	ldr	r0, [pc, #40]	@ (10001880 <runtime_init_default_alarm_pool+0x34>)
10001858:	210a      	movs	r1, #10
1000185a:	f7ff fbab 	bl	10000fb4 <lock_init>
1000185e:	bd10      	pop	{r4, pc}
10001860:	f7ff fff0 	bl	10001844 <alarm_pool_get_default_timer>
10001864:	0004      	movs	r4, r0
10001866:	2103      	movs	r1, #3
10001868:	f000 f80c 	bl	10001884 <timer_hardware_alarm_claim>
1000186c:	4803      	ldr	r0, [pc, #12]	@ (1000187c <runtime_init_default_alarm_pool+0x30>)
1000186e:	2310      	movs	r3, #16
10001870:	2203      	movs	r2, #3
10001872:	0021      	movs	r1, r4
10001874:	f7ff fdb4 	bl	100013e0 <alarm_pool_post_alloc_init>
10001878:	e7ed      	b.n	10001856 <runtime_init_default_alarm_pool+0xa>
1000187a:	46c0      	nop			@ (mov r8, r8)
1000187c:	20000c4c 	.word	0x20000c4c
10001880:	20001bd8 	.word	0x20001bd8

10001884 <timer_hardware_alarm_claim>:
10001884:	b510      	push	{r4, lr}
10001886:	4a02      	ldr	r2, [pc, #8]	@ (10001890 <timer_hardware_alarm_claim+0xc>)
10001888:	4802      	ldr	r0, [pc, #8]	@ (10001894 <timer_hardware_alarm_claim+0x10>)
1000188a:	f7ff f8b7 	bl	100009fc <hw_claim_or_assert>
1000188e:	bd10      	pop	{r4, pc}
10001890:	100084a0 	.word	0x100084a0
10001894:	20001514 	.word	0x20001514

10001898 <timer_time_us_64>:
10001898:	0002      	movs	r2, r0
1000189a:	6a43      	ldr	r3, [r0, #36]	@ 0x24
1000189c:	6a90      	ldr	r0, [r2, #40]	@ 0x28
1000189e:	0019      	movs	r1, r3
100018a0:	6a53      	ldr	r3, [r2, #36]	@ 0x24
100018a2:	4299      	cmp	r1, r3
100018a4:	d1fa      	bne.n	1000189c <timer_time_us_64+0x4>
100018a6:	4770      	bx	lr

100018a8 <timer_busy_wait_until>:
100018a8:	6a41      	ldr	r1, [r0, #36]	@ 0x24
100018aa:	e000      	b.n	100018ae <timer_busy_wait_until+0x6>
100018ac:	6a41      	ldr	r1, [r0, #36]	@ 0x24
100018ae:	4299      	cmp	r1, r3
100018b0:	d3fc      	bcc.n	100018ac <timer_busy_wait_until+0x4>
100018b2:	e000      	b.n	100018b6 <timer_busy_wait_until+0xe>
100018b4:	6a41      	ldr	r1, [r0, #36]	@ 0x24
100018b6:	4299      	cmp	r1, r3
100018b8:	d102      	bne.n	100018c0 <timer_busy_wait_until+0x18>
100018ba:	6a81      	ldr	r1, [r0, #40]	@ 0x28
100018bc:	4291      	cmp	r1, r2
100018be:	d3f9      	bcc.n	100018b4 <timer_busy_wait_until+0xc>
100018c0:	4770      	bx	lr
	...

100018c4 <time_us_64>:
100018c4:	b510      	push	{r4, lr}
100018c6:	4802      	ldr	r0, [pc, #8]	@ (100018d0 <time_us_64+0xc>)
100018c8:	f7ff ffe6 	bl	10001898 <timer_time_us_64>
100018cc:	bd10      	pop	{r4, pc}
100018ce:	46c0      	nop			@ (mov r8, r8)
100018d0:	40054000 	.word	0x40054000

100018d4 <busy_wait_until>:
100018d4:	b510      	push	{r4, lr}
100018d6:	0002      	movs	r2, r0
100018d8:	000b      	movs	r3, r1
100018da:	4802      	ldr	r0, [pc, #8]	@ (100018e4 <busy_wait_until+0x10>)
100018dc:	f7ff ffe4 	bl	100018a8 <timer_busy_wait_until>
100018e0:	bd10      	pop	{r4, pc}
100018e2:	46c0      	nop			@ (mov r8, r8)
100018e4:	40054000 	.word	0x40054000

100018e8 <clock_configure_internal>:
100018e8:	b5f8      	push	{r3, r4, r5, r6, r7, lr}
100018ea:	46d6      	mov	lr, sl
100018ec:	4647      	mov	r7, r8
100018ee:	b580      	push	{r7, lr}
100018f0:	0006      	movs	r6, r0
100018f2:	000d      	movs	r5, r1
100018f4:	0017      	movs	r7, r2
100018f6:	4698      	mov	r8, r3
100018f8:	0044      	lsls	r4, r0, #1
100018fa:	1824      	adds	r4, r4, r0
100018fc:	00a4      	lsls	r4, r4, #2
100018fe:	4b29      	ldr	r3, [pc, #164]	@ (100019a4 <clock_configure_internal+0xbc>)
10001900:	469c      	mov	ip, r3
10001902:	4464      	add	r4, ip
10001904:	6863      	ldr	r3, [r4, #4]
10001906:	9a08      	ldr	r2, [sp, #32]
10001908:	4293      	cmp	r3, r2
1000190a:	d200      	bcs.n	1000190e <clock_configure_internal+0x26>
1000190c:	6062      	str	r2, [r4, #4]
1000190e:	1f33      	subs	r3, r6, #4
10001910:	b2db      	uxtb	r3, r3
10001912:	469a      	mov	sl, r3
10001914:	2b01      	cmp	r3, #1
10001916:	d92e      	bls.n	10001976 <clock_configure_internal+0x8e>
10001918:	2280      	movs	r2, #128	@ 0x80
1000191a:	0112      	lsls	r2, r2, #4
1000191c:	23c0      	movs	r3, #192	@ 0xc0
1000191e:	019b      	lsls	r3, r3, #6
10001920:	18e3      	adds	r3, r4, r3
10001922:	601a      	str	r2, [r3, #0]
10001924:	4b20      	ldr	r3, [pc, #128]	@ (100019a8 <clock_configure_internal+0xc0>)
10001926:	00b2      	lsls	r2, r6, #2
10001928:	58d1      	ldr	r1, [r2, r3]
1000192a:	2900      	cmp	r1, #0
1000192c:	d007      	beq.n	1000193e <clock_configure_internal+0x56>
1000192e:	6958      	ldr	r0, [r3, #20]
10001930:	f000 fade 	bl	10001ef0 <__wrap___aeabi_uidiv>
10001934:	3001      	adds	r0, #1
10001936:	0043      	lsls	r3, r0, #1
10001938:	181b      	adds	r3, r3, r0
1000193a:	3b03      	subs	r3, #3
1000193c:	d2fd      	bcs.n	1000193a <clock_configure_internal+0x52>
1000193e:	017f      	lsls	r7, r7, #5
10001940:	6823      	ldr	r3, [r4, #0]
10001942:	405f      	eors	r7, r3
10001944:	23e0      	movs	r3, #224	@ 0xe0
10001946:	403b      	ands	r3, r7
10001948:	2280      	movs	r2, #128	@ 0x80
1000194a:	0152      	lsls	r2, r2, #5
1000194c:	18a2      	adds	r2, r4, r2
1000194e:	6013      	str	r3, [r2, #0]
10001950:	4653      	mov	r3, sl
10001952:	2b01      	cmp	r3, #1
10001954:	d91a      	bls.n	1000198c <clock_configure_internal+0xa4>
10001956:	2380      	movs	r3, #128	@ 0x80
10001958:	019b      	lsls	r3, r3, #6
1000195a:	18e3      	adds	r3, r4, r3
1000195c:	2280      	movs	r2, #128	@ 0x80
1000195e:	0112      	lsls	r2, r2, #4
10001960:	601a      	str	r2, [r3, #0]
10001962:	9b08      	ldr	r3, [sp, #32]
10001964:	6063      	str	r3, [r4, #4]
10001966:	4b10      	ldr	r3, [pc, #64]	@ (100019a8 <clock_configure_internal+0xc0>)
10001968:	00b6      	lsls	r6, r6, #2
1000196a:	4642      	mov	r2, r8
1000196c:	50f2      	str	r2, [r6, r3]
1000196e:	bcc0      	pop	{r6, r7}
10001970:	46ba      	mov	sl, r7
10001972:	46b0      	mov	r8, r6
10001974:	bdf8      	pop	{r3, r4, r5, r6, r7, pc}
10001976:	2d01      	cmp	r5, #1
10001978:	d1ce      	bne.n	10001918 <clock_configure_internal+0x30>
1000197a:	2203      	movs	r2, #3
1000197c:	23c0      	movs	r3, #192	@ 0xc0
1000197e:	019b      	lsls	r3, r3, #6
10001980:	18e3      	adds	r3, r4, r3
10001982:	601a      	str	r2, [r3, #0]
10001984:	68a3      	ldr	r3, [r4, #8]
10001986:	07db      	lsls	r3, r3, #31
10001988:	d5fc      	bpl.n	10001984 <clock_configure_internal+0x9c>
1000198a:	e7d8      	b.n	1000193e <clock_configure_internal+0x56>
1000198c:	6821      	ldr	r1, [r4, #0]
1000198e:	4069      	eors	r1, r5
10001990:	2303      	movs	r3, #3
10001992:	400b      	ands	r3, r1
10001994:	6013      	str	r3, [r2, #0]
10001996:	68a3      	ldr	r3, [r4, #8]
10001998:	2201      	movs	r2, #1
1000199a:	40aa      	lsls	r2, r5
1000199c:	421a      	tst	r2, r3
1000199e:	d0fa      	beq.n	10001996 <clock_configure_internal+0xae>
100019a0:	e7d9      	b.n	10001956 <clock_configure_internal+0x6e>
100019a2:	46c0      	nop			@ (mov r8, r8)
100019a4:	40008000 	.word	0x40008000
100019a8:	20001518 	.word	0x20001518

100019ac <clock_configure_int_divider>:
100019ac:	b5f0      	push	{r4, r5, r6, r7, lr}
100019ae:	b083      	sub	sp, #12
100019b0:	0005      	movs	r5, r0
100019b2:	000e      	movs	r6, r1
100019b4:	0017      	movs	r7, r2
100019b6:	0018      	movs	r0, r3
100019b8:	9908      	ldr	r1, [sp, #32]
100019ba:	f000 fa99 	bl	10001ef0 <__wrap___aeabi_uidiv>
100019be:	0003      	movs	r3, r0
100019c0:	9a08      	ldr	r2, [sp, #32]
100019c2:	0214      	lsls	r4, r2, #8
100019c4:	9400      	str	r4, [sp, #0]
100019c6:	003a      	movs	r2, r7
100019c8:	0031      	movs	r1, r6
100019ca:	0028      	movs	r0, r5
100019cc:	f7ff ff8c 	bl	100018e8 <clock_configure_internal>
100019d0:	b003      	add	sp, #12
100019d2:	bdf0      	pop	{r4, r5, r6, r7, pc}

100019d4 <clock_configure_undivided>:
100019d4:	b510      	push	{r4, lr}
100019d6:	b082      	sub	sp, #8
100019d8:	2480      	movs	r4, #128	@ 0x80
100019da:	0064      	lsls	r4, r4, #1
100019dc:	9400      	str	r4, [sp, #0]
100019de:	f7ff ff83 	bl	100018e8 <clock_configure_internal>
100019e2:	b002      	add	sp, #8
100019e4:	bd10      	pop	{r4, pc}
	...

100019e8 <clock_get_hz>:
100019e8:	4b01      	ldr	r3, [pc, #4]	@ (100019f0 <clock_get_hz+0x8>)
100019ea:	0080      	lsls	r0, r0, #2
100019ec:	58c0      	ldr	r0, [r0, r3]
100019ee:	4770      	bx	lr
100019f0:	20001518 	.word	0x20001518

100019f4 <pll_init>:
100019f4:	b5f0      	push	{r4, r5, r6, r7, lr}
100019f6:	46c6      	mov	lr, r8
100019f8:	b500      	push	{lr}
100019fa:	0004      	movs	r4, r0
100019fc:	000e      	movs	r6, r1
100019fe:	0017      	movs	r7, r2
10001a00:	001d      	movs	r5, r3
10001a02:	4837      	ldr	r0, [pc, #220]	@ (10001ae0 <pll_init+0xec>)
10001a04:	f000 fa74 	bl	10001ef0 <__wrap___aeabi_uidiv>
10001a08:	4680      	mov	r8, r0
10001a0a:	4b36      	ldr	r3, [pc, #216]	@ (10001ae4 <pll_init+0xf0>)
10001a0c:	18fa      	adds	r2, r7, r3
10001a0e:	4b36      	ldr	r3, [pc, #216]	@ (10001ae8 <pll_init+0xf4>)
10001a10:	429a      	cmp	r2, r3
10001a12:	d839      	bhi.n	10001a88 <pll_init+0x94>
10001a14:	0001      	movs	r1, r0
10001a16:	0038      	movs	r0, r7
10001a18:	f000 fa6a 	bl	10001ef0 <__wrap___aeabi_uidiv>
10001a1c:	0002      	movs	r2, r0
10001a1e:	3a10      	subs	r2, #16
10001a20:	2398      	movs	r3, #152	@ 0x98
10001a22:	005b      	lsls	r3, r3, #1
10001a24:	429a      	cmp	r2, r3
10001a26:	d835      	bhi.n	10001a94 <pll_init+0xa0>
10001a28:	1e6b      	subs	r3, r5, #1
10001a2a:	2b06      	cmp	r3, #6
10001a2c:	d838      	bhi.n	10001aa0 <pll_init+0xac>
10001a2e:	9b06      	ldr	r3, [sp, #24]
10001a30:	3b01      	subs	r3, #1
10001a32:	2b06      	cmp	r3, #6
10001a34:	d834      	bhi.n	10001aa0 <pll_init+0xac>
10001a36:	093f      	lsrs	r7, r7, #4
10001a38:	4547      	cmp	r7, r8
10001a3a:	d337      	bcc.n	10001aac <pll_init+0xb8>
10001a3c:	042d      	lsls	r5, r5, #16
10001a3e:	9b06      	ldr	r3, [sp, #24]
10001a40:	031b      	lsls	r3, r3, #12
10001a42:	431d      	orrs	r5, r3
10001a44:	6823      	ldr	r3, [r4, #0]
10001a46:	2b00      	cmp	r3, #0
10001a48:	db36      	blt.n	10001ab8 <pll_init+0xc4>
10001a4a:	4b28      	ldr	r3, [pc, #160]	@ (10001aec <pll_init+0xf8>)
10001a4c:	429c      	cmp	r4, r3
10001a4e:	d044      	beq.n	10001ada <pll_init+0xe6>
10001a50:	220c      	movs	r2, #12
10001a52:	2301      	movs	r3, #1
10001a54:	4093      	lsls	r3, r2
10001a56:	4a26      	ldr	r2, [pc, #152]	@ (10001af0 <pll_init+0xfc>)
10001a58:	6013      	str	r3, [r2, #0]
10001a5a:	4a26      	ldr	r2, [pc, #152]	@ (10001af4 <pll_init+0x100>)
10001a5c:	6013      	str	r3, [r2, #0]
10001a5e:	4a26      	ldr	r2, [pc, #152]	@ (10001af8 <pll_init+0x104>)
10001a60:	6812      	ldr	r2, [r2, #0]
10001a62:	0019      	movs	r1, r3
10001a64:	4391      	bics	r1, r2
10001a66:	1e0a      	subs	r2, r1, #0
10001a68:	d1f9      	bne.n	10001a5e <pll_init+0x6a>
10001a6a:	6026      	str	r6, [r4, #0]
10001a6c:	60a0      	str	r0, [r4, #8]
10001a6e:	4b23      	ldr	r3, [pc, #140]	@ (10001afc <pll_init+0x108>)
10001a70:	18e3      	adds	r3, r4, r3
10001a72:	3221      	adds	r2, #33	@ 0x21
10001a74:	601a      	str	r2, [r3, #0]
10001a76:	6822      	ldr	r2, [r4, #0]
10001a78:	2a00      	cmp	r2, #0
10001a7a:	dafc      	bge.n	10001a76 <pll_init+0x82>
10001a7c:	60e5      	str	r5, [r4, #12]
10001a7e:	2208      	movs	r2, #8
10001a80:	601a      	str	r2, [r3, #0]
10001a82:	bc80      	pop	{r7}
10001a84:	46b8      	mov	r8, r7
10001a86:	bdf0      	pop	{r4, r5, r6, r7, pc}
10001a88:	4b1d      	ldr	r3, [pc, #116]	@ (10001b00 <pll_init+0x10c>)
10001a8a:	4a1e      	ldr	r2, [pc, #120]	@ (10001b04 <pll_init+0x110>)
10001a8c:	481e      	ldr	r0, [pc, #120]	@ (10001b08 <pll_init+0x114>)
10001a8e:	2111      	movs	r1, #17
10001a90:	f002 ffd4 	bl	10004a3c <__assert_func>
10001a94:	4b1d      	ldr	r3, [pc, #116]	@ (10001b0c <pll_init+0x118>)
10001a96:	4a1b      	ldr	r2, [pc, #108]	@ (10001b04 <pll_init+0x110>)
10001a98:	481b      	ldr	r0, [pc, #108]	@ (10001b08 <pll_init+0x114>)
10001a9a:	2119      	movs	r1, #25
10001a9c:	f002 ffce 	bl	10004a3c <__assert_func>
10001aa0:	4b1b      	ldr	r3, [pc, #108]	@ (10001b10 <pll_init+0x11c>)
10001aa2:	4a18      	ldr	r2, [pc, #96]	@ (10001b04 <pll_init+0x110>)
10001aa4:	4818      	ldr	r0, [pc, #96]	@ (10001b08 <pll_init+0x114>)
10001aa6:	211c      	movs	r1, #28
10001aa8:	f002 ffc8 	bl	10004a3c <__assert_func>
10001aac:	4b19      	ldr	r3, [pc, #100]	@ (10001b14 <pll_init+0x120>)
10001aae:	4a15      	ldr	r2, [pc, #84]	@ (10001b04 <pll_init+0x110>)
10001ab0:	4815      	ldr	r0, [pc, #84]	@ (10001b08 <pll_init+0x114>)
10001ab2:	2123      	movs	r1, #35	@ 0x23
10001ab4:	f002 ffc2 	bl	10004a3c <__assert_func>
10001ab8:	6822      	ldr	r2, [r4, #0]
10001aba:	233f      	movs	r3, #63	@ 0x3f
10001abc:	4013      	ands	r3, r2
10001abe:	42b3      	cmp	r3, r6
10001ac0:	d1c3      	bne.n	10001a4a <pll_init+0x56>
10001ac2:	68a3      	ldr	r3, [r4, #8]
10001ac4:	051b      	lsls	r3, r3, #20
10001ac6:	0d1b      	lsrs	r3, r3, #20
10001ac8:	4283      	cmp	r3, r0
10001aca:	d1be      	bne.n	10001a4a <pll_init+0x56>
10001acc:	68e3      	ldr	r3, [r4, #12]
10001ace:	22ee      	movs	r2, #238	@ 0xee
10001ad0:	02d2      	lsls	r2, r2, #11
10001ad2:	4013      	ands	r3, r2
10001ad4:	42ab      	cmp	r3, r5
10001ad6:	d1b8      	bne.n	10001a4a <pll_init+0x56>
10001ad8:	e7d3      	b.n	10001a82 <pll_init+0x8e>
10001ada:	220d      	movs	r2, #13
10001adc:	e7b9      	b.n	10001a52 <pll_init+0x5e>
10001ade:	46c0      	nop			@ (mov r8, r8)
10001ae0:	00b71b00 	.word	0x00b71b00
10001ae4:	d34be880 	.word	0xd34be880
10001ae8:	32a9f880 	.word	0x32a9f880
10001aec:	4002c000 	.word	0x4002c000
10001af0:	4000e000 	.word	0x4000e000
10001af4:	4000f000 	.word	0x4000f000
10001af8:	4000c008 	.word	0x4000c008
10001afc:	00003004 	.word	0x00003004
10001b00:	100084c4 	.word	0x100084c4
10001b04:	10008d9c 	.word	0x10008d9c
10001b08:	10008514 	.word	0x10008514
10001b0c:	10008554 	.word	0x10008554
10001b10:	10008570 	.word	0x10008570
10001b14:	100085bc 	.word	0x100085bc

10001b18 <watchdog_update>:
10001b18:	4b02      	ldr	r3, [pc, #8]	@ (10001b24 <watchdog_update+0xc>)
10001b1a:	681a      	ldr	r2, [r3, #0]
10001b1c:	4b02      	ldr	r3, [pc, #8]	@ (10001b28 <watchdog_update+0x10>)
10001b1e:	605a      	str	r2, [r3, #4]
10001b20:	4770      	bx	lr
10001b22:	46c0      	nop			@ (mov r8, r8)
10001b24:	20001978 	.word	0x20001978
10001b28:	40058000 	.word	0x40058000

10001b2c <_watchdog_enable>:
10001b2c:	b510      	push	{r4, lr}
10001b2e:	4b17      	ldr	r3, [pc, #92]	@ (10001b8c <_watchdog_enable+0x60>)
10001b30:	2280      	movs	r2, #128	@ 0x80
10001b32:	05d2      	lsls	r2, r2, #23
10001b34:	601a      	str	r2, [r3, #0]
10001b36:	4b16      	ldr	r3, [pc, #88]	@ (10001b90 <_watchdog_enable+0x64>)
10001b38:	4a16      	ldr	r2, [pc, #88]	@ (10001b94 <_watchdog_enable+0x68>)
10001b3a:	601a      	str	r2, [r3, #0]
10001b3c:	2900      	cmp	r1, #0
10001b3e:	d00a      	beq.n	10001b56 <_watchdog_enable+0x2a>
10001b40:	4b15      	ldr	r3, [pc, #84]	@ (10001b98 <_watchdog_enable+0x6c>)
10001b42:	22e0      	movs	r2, #224	@ 0xe0
10001b44:	04d2      	lsls	r2, r2, #19
10001b46:	601a      	str	r2, [r3, #0]
10001b48:	2800      	cmp	r0, #0
10001b4a:	d109      	bne.n	10001b60 <_watchdog_enable+0x34>
10001b4c:	4b12      	ldr	r3, [pc, #72]	@ (10001b98 <_watchdog_enable+0x6c>)
10001b4e:	2280      	movs	r2, #128	@ 0x80
10001b50:	0612      	lsls	r2, r2, #24
10001b52:	601a      	str	r2, [r3, #0]
10001b54:	bd10      	pop	{r4, pc}
10001b56:	4b0d      	ldr	r3, [pc, #52]	@ (10001b8c <_watchdog_enable+0x60>)
10001b58:	22e0      	movs	r2, #224	@ 0xe0
10001b5a:	04d2      	lsls	r2, r2, #19
10001b5c:	601a      	str	r2, [r3, #0]
10001b5e:	e7f3      	b.n	10001b48 <_watchdog_enable+0x1c>
10001b60:	0143      	lsls	r3, r0, #5
10001b62:	1a1b      	subs	r3, r3, r0
10001b64:	009b      	lsls	r3, r3, #2
10001b66:	1818      	adds	r0, r3, r0
10001b68:	0100      	lsls	r0, r0, #4
10001b6a:	4b0c      	ldr	r3, [pc, #48]	@ (10001b9c <_watchdog_enable+0x70>)
10001b6c:	6018      	str	r0, [r3, #0]
10001b6e:	2380      	movs	r3, #128	@ 0x80
10001b70:	045b      	lsls	r3, r3, #17
10001b72:	4298      	cmp	r0, r3
10001b74:	d302      	bcc.n	10001b7c <_watchdog_enable+0x50>
10001b76:	4b09      	ldr	r3, [pc, #36]	@ (10001b9c <_watchdog_enable+0x70>)
10001b78:	4a09      	ldr	r2, [pc, #36]	@ (10001ba0 <_watchdog_enable+0x74>)
10001b7a:	601a      	str	r2, [r3, #0]
10001b7c:	f7ff ffcc 	bl	10001b18 <watchdog_update>
10001b80:	4b05      	ldr	r3, [pc, #20]	@ (10001b98 <_watchdog_enable+0x6c>)
10001b82:	2280      	movs	r2, #128	@ 0x80
10001b84:	05d2      	lsls	r2, r2, #23
10001b86:	601a      	str	r2, [r3, #0]
10001b88:	e7e4      	b.n	10001b54 <_watchdog_enable+0x28>
10001b8a:	46c0      	nop			@ (mov r8, r8)
10001b8c:	4005b000 	.word	0x4005b000
10001b90:	40012008 	.word	0x40012008
10001b94:	0001fffc 	.word	0x0001fffc
10001b98:	4005a000 	.word	0x4005a000
10001b9c:	20001978 	.word	0x20001978
10001ba0:	00ffffff 	.word	0x00ffffff

10001ba4 <watchdog_reboot>:
10001ba4:	b510      	push	{r4, lr}
10001ba6:	0003      	movs	r3, r0
10001ba8:	0010      	movs	r0, r2
10001baa:	4a0c      	ldr	r2, [pc, #48]	@ (10001bdc <watchdog_reboot+0x38>)
10001bac:	2480      	movs	r4, #128	@ 0x80
10001bae:	05e4      	lsls	r4, r4, #23
10001bb0:	6014      	str	r4, [r2, #0]
10001bb2:	2b00      	cmp	r3, #0
10001bb4:	d00d      	beq.n	10001bd2 <watchdog_reboot+0x2e>
10001bb6:	2201      	movs	r2, #1
10001bb8:	4313      	orrs	r3, r2
10001bba:	4a09      	ldr	r2, [pc, #36]	@ (10001be0 <watchdog_reboot+0x3c>)
10001bbc:	4c09      	ldr	r4, [pc, #36]	@ (10001be4 <watchdog_reboot+0x40>)
10001bbe:	61d4      	str	r4, [r2, #28]
10001bc0:	4c09      	ldr	r4, [pc, #36]	@ (10001be8 <watchdog_reboot+0x44>)
10001bc2:	405c      	eors	r4, r3
10001bc4:	6214      	str	r4, [r2, #32]
10001bc6:	6251      	str	r1, [r2, #36]	@ 0x24
10001bc8:	6293      	str	r3, [r2, #40]	@ 0x28
10001bca:	2100      	movs	r1, #0
10001bcc:	f7ff ffae 	bl	10001b2c <_watchdog_enable>
10001bd0:	bd10      	pop	{r4, pc}
10001bd2:	4b03      	ldr	r3, [pc, #12]	@ (10001be0 <watchdog_reboot+0x3c>)
10001bd4:	2200      	movs	r2, #0
10001bd6:	61da      	str	r2, [r3, #28]
10001bd8:	e7f7      	b.n	10001bca <watchdog_reboot+0x26>
10001bda:	46c0      	nop			@ (mov r8, r8)
10001bdc:	4005b000 	.word	0x4005b000
10001be0:	40058000 	.word	0x40058000
10001be4:	b007c0d3 	.word	0xb007c0d3
10001be8:	4ff83f2d 	.word	0x4ff83f2d

10001bec <tick_start>:
10001bec:	2380      	movs	r3, #128	@ 0x80
10001bee:	009b      	lsls	r3, r3, #2
10001bf0:	430b      	orrs	r3, r1
10001bf2:	4a01      	ldr	r2, [pc, #4]	@ (10001bf8 <tick_start+0xc>)
10001bf4:	62d3      	str	r3, [r2, #44]	@ 0x2c
10001bf6:	4770      	bx	lr
10001bf8:	40058000 	.word	0x40058000

10001bfc <rom_func_lookup>:
10001bfc:	b510      	push	{r4, lr}
10001bfe:	0001      	movs	r1, r0
10001c00:	2318      	movs	r3, #24
10001c02:	881b      	ldrh	r3, [r3, #0]
10001c04:	2214      	movs	r2, #20
10001c06:	8810      	ldrh	r0, [r2, #0]
10001c08:	4798      	blx	r3
10001c0a:	bd10      	pop	{r4, pc}

10001c0c <rom_data_lookup>:
10001c0c:	b510      	push	{r4, lr}
10001c0e:	0001      	movs	r1, r0
10001c10:	2318      	movs	r3, #24
10001c12:	881b      	ldrh	r3, [r3, #0]
10001c14:	2216      	movs	r2, #22
10001c16:	8810      	ldrh	r0, [r2, #0]
10001c18:	4798      	blx	r3
10001c1a:	bd10      	pop	{r4, pc}

10001c1c <rom_funcs_lookup>:
10001c1c:	b5f0      	push	{r4, r5, r6, r7, lr}
10001c1e:	46c6      	mov	lr, r8
10001c20:	b500      	push	{lr}
10001c22:	0007      	movs	r7, r0
10001c24:	000e      	movs	r6, r1
10001c26:	2500      	movs	r5, #0
10001c28:	2301      	movs	r3, #1
10001c2a:	4698      	mov	r8, r3
10001c2c:	e000      	b.n	10001c30 <rom_funcs_lookup+0x14>
10001c2e:	3501      	adds	r5, #1
10001c30:	42b5      	cmp	r5, r6
10001c32:	d20a      	bcs.n	10001c4a <rom_funcs_lookup+0x2e>
10001c34:	00ac      	lsls	r4, r5, #2
10001c36:	193c      	adds	r4, r7, r4
10001c38:	6820      	ldr	r0, [r4, #0]
10001c3a:	f7ff ffdf 	bl	10001bfc <rom_func_lookup>
10001c3e:	6020      	str	r0, [r4, #0]
10001c40:	2800      	cmp	r0, #0
10001c42:	d1f4      	bne.n	10001c2e <rom_funcs_lookup+0x12>
10001c44:	2300      	movs	r3, #0
10001c46:	4698      	mov	r8, r3
10001c48:	e7f1      	b.n	10001c2e <rom_funcs_lookup+0x12>
10001c4a:	4640      	mov	r0, r8
10001c4c:	bc80      	pop	{r7}
10001c4e:	46b8      	mov	r8, r7
10001c50:	bdf0      	pop	{r4, r5, r6, r7, pc}
	...

10001c54 <rom_reset_usb_boot_extra>:
10001c54:	b570      	push	{r4, r5, r6, lr}
10001c56:	0004      	movs	r4, r0
10001c58:	000d      	movs	r5, r1
10001c5a:	4806      	ldr	r0, [pc, #24]	@ (10001c74 <rom_reset_usb_boot_extra+0x20>)
10001c5c:	f7ff ffce 	bl	10001bfc <rom_func_lookup>
10001c60:	0003      	movs	r3, r0
10001c62:	2c00      	cmp	r4, #0
10001c64:	db03      	blt.n	10001c6e <rom_reset_usb_boot_extra+0x1a>
10001c66:	2001      	movs	r0, #1
10001c68:	40a0      	lsls	r0, r4
10001c6a:	0029      	movs	r1, r5
10001c6c:	4798      	blx	r3
10001c6e:	2000      	movs	r0, #0
10001c70:	e7fb      	b.n	10001c6a <rom_reset_usb_boot_extra+0x16>
10001c72:	46c0      	nop			@ (mov r8, r8)
10001c74:	00004255 	.word	0x00004255

10001c78 <xosc_init>:
10001c78:	4b07      	ldr	r3, [pc, #28]	@ (10001c98 <xosc_init+0x20>)
10001c7a:	22aa      	movs	r2, #170	@ 0xaa
10001c7c:	0112      	lsls	r2, r2, #4
10001c7e:	601a      	str	r2, [r3, #0]
10001c80:	228d      	movs	r2, #141	@ 0x8d
10001c82:	0052      	lsls	r2, r2, #1
10001c84:	60da      	str	r2, [r3, #12]
10001c86:	4b05      	ldr	r3, [pc, #20]	@ (10001c9c <xosc_init+0x24>)
10001c88:	4a05      	ldr	r2, [pc, #20]	@ (10001ca0 <xosc_init+0x28>)
10001c8a:	601a      	str	r2, [r3, #0]
10001c8c:	4b02      	ldr	r3, [pc, #8]	@ (10001c98 <xosc_init+0x20>)
10001c8e:	685b      	ldr	r3, [r3, #4]
10001c90:	2b00      	cmp	r3, #0
10001c92:	dafb      	bge.n	10001c8c <xosc_init+0x14>
10001c94:	4770      	bx	lr
10001c96:	46c0      	nop			@ (mov r8, r8)
10001c98:	40024000 	.word	0x40024000
10001c9c:	40026000 	.word	0x40026000
10001ca0:	00fab000 	.word	0x00fab000

10001ca4 <runtime_run_initializers_from>:
10001ca4:	b510      	push	{r4, lr}
10001ca6:	0004      	movs	r4, r0
10001ca8:	e001      	b.n	10001cae <runtime_run_initializers_from+0xa>
10001caa:	cc08      	ldmia	r4!, {r3}
10001cac:	4798      	blx	r3
10001cae:	4b02      	ldr	r3, [pc, #8]	@ (10001cb8 <runtime_run_initializers_from+0x14>)
10001cb0:	429c      	cmp	r4, r3
10001cb2:	d3fa      	bcc.n	10001caa <runtime_run_initializers_from+0x6>
10001cb4:	bd10      	pop	{r4, pc}
10001cb6:	46c0      	nop			@ (mov r8, r8)
10001cb8:	10007ffc 	.word	0x10007ffc

10001cbc <first_per_core_initializer>:
10001cbc:	4770      	bx	lr
	...

10001cc0 <runtime_run_initializers>:
10001cc0:	b510      	push	{r4, lr}
10001cc2:	4802      	ldr	r0, [pc, #8]	@ (10001ccc <runtime_run_initializers+0xc>)
10001cc4:	f7ff ffee 	bl	10001ca4 <runtime_run_initializers_from>
10001cc8:	bd10      	pop	{r4, pc}
10001cca:	46c0      	nop			@ (mov r8, r8)
10001ccc:	10007fc0 	.word	0x10007fc0

10001cd0 <runtime_init_early_resets>:
10001cd0:	4b05      	ldr	r3, [pc, #20]	@ (10001ce8 <runtime_init_early_resets+0x18>)
10001cd2:	4a06      	ldr	r2, [pc, #24]	@ (10001cec <runtime_init_early_resets+0x1c>)
10001cd4:	601a      	str	r2, [r3, #0]
10001cd6:	4b06      	ldr	r3, [pc, #24]	@ (10001cf0 <runtime_init_early_resets+0x20>)
10001cd8:	4a06      	ldr	r2, [pc, #24]	@ (10001cf4 <runtime_init_early_resets+0x24>)
10001cda:	601a      	str	r2, [r3, #0]
10001cdc:	4b06      	ldr	r3, [pc, #24]	@ (10001cf8 <runtime_init_early_resets+0x28>)
10001cde:	681a      	ldr	r2, [r3, #0]
10001ce0:	4b04      	ldr	r3, [pc, #16]	@ (10001cf4 <runtime_init_early_resets+0x24>)
10001ce2:	4393      	bics	r3, r2
10001ce4:	d1fa      	bne.n	10001cdc <runtime_init_early_resets+0xc>
10001ce6:	4770      	bx	lr
10001ce8:	4000e000 	.word	0x4000e000
10001cec:	fefbcdbf 	.word	0xfefbcdbf
10001cf0:	4000f000 	.word	0x4000f000
10001cf4:	003c7ffe 	.word	0x003c7ffe
10001cf8:	4000c008 	.word	0x4000c008

10001cfc <runtime_init_usb_power_down>:
10001cfc:	4b04      	ldr	r3, [pc, #16]	@ (10001d10 <runtime_init_usb_power_down+0x14>)
10001cfe:	6cdb      	ldr	r3, [r3, #76]	@ 0x4c
10001d00:	2b00      	cmp	r3, #0
10001d02:	d103      	bne.n	10001d0c <runtime_init_usb_power_down+0x10>
10001d04:	4b03      	ldr	r3, [pc, #12]	@ (10001d14 <runtime_init_usb_power_down+0x18>)
10001d06:	2280      	movs	r2, #128	@ 0x80
10001d08:	02d2      	lsls	r2, r2, #11
10001d0a:	601a      	str	r2, [r3, #0]
10001d0c:	4770      	bx	lr
10001d0e:	46c0      	nop			@ (mov r8, r8)
10001d10:	50110000 	.word	0x50110000
10001d14:	5011204c 	.word	0x5011204c

10001d18 <runtime_init_post_clock_resets>:
10001d18:	4b04      	ldr	r3, [pc, #16]	@ (10001d2c <runtime_init_post_clock_resets+0x14>)
10001d1a:	4a05      	ldr	r2, [pc, #20]	@ (10001d30 <runtime_init_post_clock_resets+0x18>)
10001d1c:	601a      	str	r2, [r3, #0]
10001d1e:	4b05      	ldr	r3, [pc, #20]	@ (10001d34 <runtime_init_post_clock_resets+0x1c>)
10001d20:	681b      	ldr	r3, [r3, #0]
10001d22:	43db      	mvns	r3, r3
10001d24:	01db      	lsls	r3, r3, #7
10001d26:	d1fa      	bne.n	10001d1e <runtime_init_post_clock_resets+0x6>
10001d28:	4770      	bx	lr
10001d2a:	46c0      	nop			@ (mov r8, r8)
10001d2c:	4000f000 	.word	0x4000f000
10001d30:	01ffffff 	.word	0x01ffffff
10001d34:	4000c008 	.word	0x4000c008

10001d38 <runtime_init_rp2040_gpio_ie_disable>:
10001d38:	4b03      	ldr	r3, [pc, #12]	@ (10001d48 <runtime_init_rp2040_gpio_ie_disable+0x10>)
10001d3a:	2240      	movs	r2, #64	@ 0x40
10001d3c:	679a      	str	r2, [r3, #120]	@ 0x78
10001d3e:	675a      	str	r2, [r3, #116]	@ 0x74
10001d40:	671a      	str	r2, [r3, #112]	@ 0x70
10001d42:	66da      	str	r2, [r3, #108]	@ 0x6c
10001d44:	4770      	bx	lr
10001d46:	46c0      	nop			@ (mov r8, r8)
10001d48:	4001f000 	.word	0x4001f000

10001d4c <runtime_init_spin_locks_reset>:
10001d4c:	b510      	push	{r4, lr}
10001d4e:	f7fe feb7 	bl	10000ac0 <spin_locks_reset>
10001d52:	bd10      	pop	{r4, pc}

10001d54 <runtime_init_install_ram_vector_table>:
10001d54:	b510      	push	{r4, lr}
10001d56:	4a0c      	ldr	r2, [pc, #48]	@ (10001d88 <runtime_init_install_ram_vector_table+0x34>)
10001d58:	4b0c      	ldr	r3, [pc, #48]	@ (10001d8c <runtime_init_install_ram_vector_table+0x38>)
10001d5a:	1ad2      	subs	r2, r2, r3
10001d5c:	1092      	asrs	r2, r2, #2
10001d5e:	0014      	movs	r4, r2
10001d60:	2a30      	cmp	r2, #48	@ 0x30
10001d62:	d900      	bls.n	10001d66 <runtime_init_install_ram_vector_table+0x12>
10001d64:	2230      	movs	r2, #48	@ 0x30
10001d66:	0092      	lsls	r2, r2, #2
10001d68:	4809      	ldr	r0, [pc, #36]	@ (10001d90 <runtime_init_install_ram_vector_table+0x3c>)
10001d6a:	4908      	ldr	r1, [pc, #32]	@ (10001d8c <runtime_init_install_ram_vector_table+0x38>)
10001d6c:	f001 fd7e 	bl	1000386c <__wrap___aeabi_memcpy>
10001d70:	e004      	b.n	10001d7c <runtime_init_install_ram_vector_table+0x28>
10001d72:	4a08      	ldr	r2, [pc, #32]	@ (10001d94 <runtime_init_install_ram_vector_table+0x40>)
10001d74:	4b06      	ldr	r3, [pc, #24]	@ (10001d90 <runtime_init_install_ram_vector_table+0x3c>)
10001d76:	00a1      	lsls	r1, r4, #2
10001d78:	50ca      	str	r2, [r1, r3]
10001d7a:	3401      	adds	r4, #1
10001d7c:	2c2f      	cmp	r4, #47	@ 0x2f
10001d7e:	d9f8      	bls.n	10001d72 <runtime_init_install_ram_vector_table+0x1e>
10001d80:	4b03      	ldr	r3, [pc, #12]	@ (10001d90 <runtime_init_install_ram_vector_table+0x3c>)
10001d82:	4a05      	ldr	r2, [pc, #20]	@ (10001d98 <runtime_init_install_ram_vector_table+0x44>)
10001d84:	6093      	str	r3, [r2, #8]
10001d86:	bd10      	pop	{r4, pc}
10001d88:	100001c0 	.word	0x100001c0
10001d8c:	10000100 	.word	0x10000100
10001d90:	20000000 	.word	0x20000000
10001d94:	100001c1 	.word	0x100001c1
10001d98:	e000ed00 	.word	0xe000ed00

10001d9c <start_all_ticks>:
10001d9c:	b570      	push	{r4, r5, r6, lr}
10001d9e:	2004      	movs	r0, #4
10001da0:	f7ff fe22 	bl	100019e8 <clock_get_hz>
10001da4:	4906      	ldr	r1, [pc, #24]	@ (10001dc0 <start_all_ticks+0x24>)
10001da6:	f000 f8a3 	bl	10001ef0 <__wrap___aeabi_uidiv>
10001daa:	0005      	movs	r5, r0
10001dac:	2400      	movs	r4, #0
10001dae:	2c00      	cmp	r4, #0
10001db0:	dd00      	ble.n	10001db4 <start_all_ticks+0x18>
10001db2:	bd70      	pop	{r4, r5, r6, pc}
10001db4:	b2e0      	uxtb	r0, r4
10001db6:	0029      	movs	r1, r5
10001db8:	f7ff ff18 	bl	10001bec <tick_start>
10001dbc:	3401      	adds	r4, #1
10001dbe:	e7f6      	b.n	10001dae <start_all_ticks+0x12>
10001dc0:	000f4240 	.word	0x000f4240

10001dc4 <runtime_init_clocks>:
10001dc4:	b530      	push	{r4, r5, lr}
10001dc6:	b083      	sub	sp, #12
10001dc8:	4b27      	ldr	r3, [pc, #156]	@ (10001e68 <runtime_init_clocks+0xa4>)
10001dca:	2200      	movs	r2, #0
10001dcc:	679a      	str	r2, [r3, #120]	@ 0x78
10001dce:	f7ff ff53 	bl	10001c78 <xosc_init>
10001dd2:	4b26      	ldr	r3, [pc, #152]	@ (10001e6c <runtime_init_clocks+0xa8>)
10001dd4:	2201      	movs	r2, #1
10001dd6:	601a      	str	r2, [r3, #0]
10001dd8:	4b23      	ldr	r3, [pc, #140]	@ (10001e68 <runtime_init_clocks+0xa4>)
10001dda:	6c5b      	ldr	r3, [r3, #68]	@ 0x44
10001ddc:	2b01      	cmp	r3, #1
10001dde:	d1fb      	bne.n	10001dd8 <runtime_init_clocks+0x14>
10001de0:	4b23      	ldr	r3, [pc, #140]	@ (10001e70 <runtime_init_clocks+0xac>)
10001de2:	2203      	movs	r2, #3
10001de4:	601a      	str	r2, [r3, #0]
10001de6:	4b20      	ldr	r3, [pc, #128]	@ (10001e68 <runtime_init_clocks+0xa4>)
10001de8:	6b9b      	ldr	r3, [r3, #56]	@ 0x38
10001dea:	2b01      	cmp	r3, #1
10001dec:	d1fb      	bne.n	10001de6 <runtime_init_clocks+0x22>
10001dee:	3301      	adds	r3, #1
10001df0:	9300      	str	r3, [sp, #0]
10001df2:	3304      	adds	r3, #4
10001df4:	4a1f      	ldr	r2, [pc, #124]	@ (10001e74 <runtime_init_clocks+0xb0>)
10001df6:	2101      	movs	r1, #1
10001df8:	481f      	ldr	r0, [pc, #124]	@ (10001e78 <runtime_init_clocks+0xb4>)
10001dfa:	f7ff fdfb 	bl	100019f4 <pll_init>
10001dfe:	2305      	movs	r3, #5
10001e00:	9300      	str	r3, [sp, #0]
10001e02:	4a1e      	ldr	r2, [pc, #120]	@ (10001e7c <runtime_init_clocks+0xb8>)
10001e04:	2101      	movs	r1, #1
10001e06:	481e      	ldr	r0, [pc, #120]	@ (10001e80 <runtime_init_clocks+0xbc>)
10001e08:	f7ff fdf4 	bl	100019f4 <pll_init>
10001e0c:	4b1d      	ldr	r3, [pc, #116]	@ (10001e84 <runtime_init_clocks+0xc0>)
10001e0e:	2200      	movs	r2, #0
10001e10:	2102      	movs	r1, #2
10001e12:	2004      	movs	r0, #4
10001e14:	f7ff fdde 	bl	100019d4 <clock_configure_undivided>
10001e18:	4d1b      	ldr	r5, [pc, #108]	@ (10001e88 <runtime_init_clocks+0xc4>)
10001e1a:	002b      	movs	r3, r5
10001e1c:	2200      	movs	r2, #0
10001e1e:	2101      	movs	r1, #1
10001e20:	2005      	movs	r0, #5
10001e22:	f7ff fdd7 	bl	100019d4 <clock_configure_undivided>
10001e26:	4c19      	ldr	r4, [pc, #100]	@ (10001e8c <runtime_init_clocks+0xc8>)
10001e28:	0023      	movs	r3, r4
10001e2a:	2200      	movs	r2, #0
10001e2c:	2100      	movs	r1, #0
10001e2e:	2007      	movs	r0, #7
10001e30:	f7ff fdd0 	bl	100019d4 <clock_configure_undivided>
10001e34:	0023      	movs	r3, r4
10001e36:	2200      	movs	r2, #0
10001e38:	2100      	movs	r1, #0
10001e3a:	2008      	movs	r0, #8
10001e3c:	f7ff fdca 	bl	100019d4 <clock_configure_undivided>
10001e40:	2380      	movs	r3, #128	@ 0x80
10001e42:	00db      	lsls	r3, r3, #3
10001e44:	9300      	str	r3, [sp, #0]
10001e46:	0023      	movs	r3, r4
10001e48:	2200      	movs	r2, #0
10001e4a:	2100      	movs	r1, #0
10001e4c:	2009      	movs	r0, #9
10001e4e:	f7ff fdad 	bl	100019ac <clock_configure_int_divider>
10001e52:	002b      	movs	r3, r5
10001e54:	2200      	movs	r2, #0
10001e56:	2100      	movs	r1, #0
10001e58:	2006      	movs	r0, #6
10001e5a:	f7ff fdbb 	bl	100019d4 <clock_configure_undivided>
10001e5e:	f7ff ff9d 	bl	10001d9c <start_all_ticks>
10001e62:	b003      	add	sp, #12
10001e64:	bd30      	pop	{r4, r5, pc}
10001e66:	46c0      	nop			@ (mov r8, r8)
10001e68:	40008000 	.word	0x40008000
10001e6c:	4000b03c 	.word	0x4000b03c
10001e70:	4000b030 	.word	0x4000b030
10001e74:	59682f00 	.word	0x59682f00
10001e78:	40028000 	.word	0x40028000
10001e7c:	47868c00 	.word	0x47868c00
10001e80:	4002c000 	.word	0x4002c000
10001e84:	00b71b00 	.word	0x00b71b00
10001e88:	07735940 	.word	0x07735940
10001e8c:	02dc6c00 	.word	0x02dc6c00

10001e90 <__aeabi_bits_init>:
10001e90:	4801      	ldr	r0, [pc, #4]	@ (10001e98 <__aeabi_bits_init+0x8>)
10001e92:	2104      	movs	r1, #4
10001e94:	4b01      	ldr	r3, [pc, #4]	@ (10001e9c <__aeabi_bits_init+0xc>)
10001e96:	4718      	bx	r3
10001e98:	20000c70 	.word	0x20000c70
10001e9c:	10001c1d 	.word	0x10001c1d

10001ea0 <__wrap___aeabi_idiv>:
10001ea0:	4a12      	ldr	r2, [pc, #72]	@ (10001eec <divmod_s32s32_savestate+0x18>)
10001ea2:	6f93      	ldr	r3, [r2, #120]	@ 0x78
10001ea4:	089b      	lsrs	r3, r3, #2
10001ea6:	d215      	bcs.n	10001ed4 <divmod_s32s32_savestate>

10001ea8 <divmod_s32s32_unsafe>:
10001ea8:	6690      	str	r0, [r2, #104]	@ 0x68
10001eaa:	66d1      	str	r1, [r2, #108]	@ 0x6c
10001eac:	2900      	cmp	r1, #0
10001eae:	d005      	beq.n	10001ebc <divmod_s32s32_unsafe+0x14>
10001eb0:	e7ff      	b.n	10001eb2 <divmod_s32s32_unsafe+0xa>
10001eb2:	e7ff      	b.n	10001eb4 <divmod_s32s32_unsafe+0xc>
10001eb4:	e7ff      	b.n	10001eb6 <divmod_s32s32_unsafe+0xe>
10001eb6:	6f51      	ldr	r1, [r2, #116]	@ 0x74
10001eb8:	6f10      	ldr	r0, [r2, #112]	@ 0x70
10001eba:	4770      	bx	lr
10001ebc:	b504      	push	{r2, lr}
10001ebe:	2180      	movs	r1, #128	@ 0x80
10001ec0:	0609      	lsls	r1, r1, #24
10001ec2:	17c2      	asrs	r2, r0, #31
10001ec4:	4051      	eors	r1, r2
10001ec6:	2800      	cmp	r0, #0
10001ec8:	d000      	beq.n	10001ecc <divmod_s32s32_unsafe+0x24>
10001eca:	43c8      	mvns	r0, r1
10001ecc:	f006 f830 	bl	10007f30 <____aeabi_idiv0_veneer>
10001ed0:	2100      	movs	r1, #0
10001ed2:	bd04      	pop	{r2, pc}

10001ed4 <divmod_s32s32_savestate>:
10001ed4:	b5f0      	push	{r4, r5, r6, r7, lr}
10001ed6:	6e14      	ldr	r4, [r2, #96]	@ 0x60
10001ed8:	6e55      	ldr	r5, [r2, #100]	@ 0x64
10001eda:	6f57      	ldr	r7, [r2, #116]	@ 0x74
10001edc:	6f16      	ldr	r6, [r2, #112]	@ 0x70
10001ede:	f7ff ffe3 	bl	10001ea8 <divmod_s32s32_unsafe>
10001ee2:	6614      	str	r4, [r2, #96]	@ 0x60
10001ee4:	6655      	str	r5, [r2, #100]	@ 0x64
10001ee6:	6757      	str	r7, [r2, #116]	@ 0x74
10001ee8:	6716      	str	r6, [r2, #112]	@ 0x70
10001eea:	bdf0      	pop	{r4, r5, r6, r7, pc}
10001eec:	d0000000 	.word	0xd0000000

10001ef0 <__wrap___aeabi_uidiv>:
10001ef0:	4a11      	ldr	r2, [pc, #68]	@ (10001f38 <divmod_u32u32_savestate+0x18>)
10001ef2:	6f93      	ldr	r3, [r2, #120]	@ 0x78
10001ef4:	089b      	lsrs	r3, r3, #2
10001ef6:	d213      	bcs.n	10001f20 <divmod_u32u32_savestate>

10001ef8 <divmod_u32u32_unsafe>:
10001ef8:	6610      	str	r0, [r2, #96]	@ 0x60
10001efa:	6651      	str	r1, [r2, #100]	@ 0x64
10001efc:	2900      	cmp	r1, #0
10001efe:	d005      	beq.n	10001f0c <divmod_u32u32_unsafe+0x14>
10001f00:	e7ff      	b.n	10001f02 <divmod_u32u32_unsafe+0xa>
10001f02:	e7ff      	b.n	10001f04 <divmod_u32u32_unsafe+0xc>
10001f04:	e7ff      	b.n	10001f06 <divmod_u32u32_unsafe+0xe>
10001f06:	6f51      	ldr	r1, [r2, #116]	@ 0x74
10001f08:	6f10      	ldr	r0, [r2, #112]	@ 0x70
10001f0a:	4770      	bx	lr
10001f0c:	b504      	push	{r2, lr}
10001f0e:	2800      	cmp	r0, #0
10001f10:	d001      	beq.n	10001f16 <divmod_u32u32_unsafe+0x1e>
10001f12:	2000      	movs	r0, #0
10001f14:	43c0      	mvns	r0, r0
10001f16:	f006 f80b 	bl	10007f30 <____aeabi_idiv0_veneer>
10001f1a:	2100      	movs	r1, #0
10001f1c:	bd04      	pop	{r2, pc}
10001f1e:	46c0      	nop			@ (mov r8, r8)

10001f20 <divmod_u32u32_savestate>:
10001f20:	b5f0      	push	{r4, r5, r6, r7, lr}
10001f22:	6e14      	ldr	r4, [r2, #96]	@ 0x60
10001f24:	6e55      	ldr	r5, [r2, #100]	@ 0x64
10001f26:	6f57      	ldr	r7, [r2, #116]	@ 0x74
10001f28:	6f16      	ldr	r6, [r2, #112]	@ 0x70
10001f2a:	f7ff ffe5 	bl	10001ef8 <divmod_u32u32_unsafe>
10001f2e:	6614      	str	r4, [r2, #96]	@ 0x60
10001f30:	6655      	str	r5, [r2, #100]	@ 0x64
10001f32:	6757      	str	r7, [r2, #116]	@ 0x74
10001f34:	6716      	str	r6, [r2, #112]	@ 0x70
10001f36:	bdf0      	pop	{r4, r5, r6, r7, pc}
10001f38:	d0000000 	.word	0xd0000000

10001f3c <__wrap___aeabi_ldivmod>:
10001f3c:	4694      	mov	ip, r2
10001f3e:	4a4a      	ldr	r2, [pc, #296]	@ (10002068 <udiv0+0x1a>)
10001f40:	6f92      	ldr	r2, [r2, #120]	@ 0x78
10001f42:	0892      	lsrs	r2, r2, #2
10001f44:	4662      	mov	r2, ip
10001f46:	d201      	bcs.n	10001f4c <divmod_s64s64_savestate>
10001f48:	e028      	b.n	10001f9c <divmod_s64s64_unsafe>
10001f4a:	46c0      	nop			@ (mov r8, r8)

10001f4c <divmod_s64s64_savestate>:
10001f4c:	b5f0      	push	{r4, r5, r6, r7, lr}
10001f4e:	4e46      	ldr	r6, [pc, #280]	@ (10002068 <udiv0+0x1a>)
10001f50:	6e34      	ldr	r4, [r6, #96]	@ 0x60
10001f52:	6e75      	ldr	r5, [r6, #100]	@ 0x64
10001f54:	6f77      	ldr	r7, [r6, #116]	@ 0x74
10001f56:	6f36      	ldr	r6, [r6, #112]	@ 0x70
10001f58:	f000 f820 	bl	10001f9c <divmod_s64s64_unsafe>
10001f5c:	4694      	mov	ip, r2
10001f5e:	4a42      	ldr	r2, [pc, #264]	@ (10002068 <udiv0+0x1a>)
10001f60:	6614      	str	r4, [r2, #96]	@ 0x60
10001f62:	6655      	str	r5, [r2, #100]	@ 0x64
10001f64:	6757      	str	r7, [r2, #116]	@ 0x74
10001f66:	6716      	str	r6, [r2, #112]	@ 0x70
10001f68:	4662      	mov	r2, ip
10001f6a:	bdf0      	pop	{r4, r5, r6, r7, pc}

10001f6c <__wrap___aeabi_uldivmod>:
10001f6c:	4694      	mov	ip, r2
10001f6e:	4a3e      	ldr	r2, [pc, #248]	@ (10002068 <udiv0+0x1a>)
10001f70:	6f92      	ldr	r2, [r2, #120]	@ 0x78
10001f72:	0892      	lsrs	r2, r2, #2
10001f74:	4662      	mov	r2, ip
10001f76:	d201      	bcs.n	10001f7c <divmod_u64u64_savestate>
10001f78:	e054      	b.n	10002024 <divmod_u64u64_unsafe>
10001f7a:	46c0      	nop			@ (mov r8, r8)

10001f7c <divmod_u64u64_savestate>:
10001f7c:	b5f0      	push	{r4, r5, r6, r7, lr}
10001f7e:	4e3a      	ldr	r6, [pc, #232]	@ (10002068 <udiv0+0x1a>)
10001f80:	6e34      	ldr	r4, [r6, #96]	@ 0x60
10001f82:	6e75      	ldr	r5, [r6, #100]	@ 0x64
10001f84:	6f77      	ldr	r7, [r6, #116]	@ 0x74
10001f86:	6f36      	ldr	r6, [r6, #112]	@ 0x70
10001f88:	f000 f84c 	bl	10002024 <divmod_u64u64_unsafe>
10001f8c:	4694      	mov	ip, r2
10001f8e:	4a36      	ldr	r2, [pc, #216]	@ (10002068 <udiv0+0x1a>)
10001f90:	6614      	str	r4, [r2, #96]	@ 0x60
10001f92:	6655      	str	r5, [r2, #100]	@ 0x64
10001f94:	6757      	str	r7, [r2, #116]	@ 0x74
10001f96:	6716      	str	r6, [r2, #112]	@ 0x70
10001f98:	4662      	mov	r2, ip
10001f9a:	bdf0      	pop	{r4, r5, r6, r7, pc}

10001f9c <divmod_s64s64_unsafe>:
10001f9c:	2b00      	cmp	r3, #0
10001f9e:	db24      	blt.n	10001fea <l42_1+0x26>
10001fa0:	d011      	beq.n	10001fc6 <l42_1+0x2>
10001fa2:	2900      	cmp	r1, #0
10001fa4:	da3e      	bge.n	10002024 <divmod_u64u64_unsafe>
10001fa6:	b500      	push	{lr}
10001fa8:	43c9      	mvns	r1, r1
10001faa:	4240      	negs	r0, r0
10001fac:	d100      	bne.n	10001fb0 <l40_1>
10001fae:	3101      	adds	r1, #1

10001fb0 <l40_1>:
10001fb0:	f000 f838 	bl	10002024 <divmod_u64u64_unsafe>
10001fb4:	43c9      	mvns	r1, r1
10001fb6:	4240      	negs	r0, r0
10001fb8:	d100      	bne.n	10001fbc <l41_1>
10001fba:	3101      	adds	r1, #1

10001fbc <l41_1>:
10001fbc:	43db      	mvns	r3, r3
10001fbe:	4252      	negs	r2, r2
10001fc0:	d100      	bne.n	10001fc4 <l42_1>
10001fc2:	3301      	adds	r3, #1

10001fc4 <l42_1>:
10001fc4:	bd00      	pop	{pc}
10001fc6:	2a00      	cmp	r2, #0
10001fc8:	d1eb      	bne.n	10001fa2 <divmod_s64s64_unsafe+0x6>
10001fca:	2800      	cmp	r0, #0
10001fcc:	d101      	bne.n	10001fd2 <l42_1+0xe>
10001fce:	2900      	cmp	r1, #0
10001fd0:	d005      	beq.n	10001fde <l42_1+0x1a>
10001fd2:	2000      	movs	r0, #0
10001fd4:	0fc9      	lsrs	r1, r1, #31
10001fd6:	07c9      	lsls	r1, r1, #31
10001fd8:	d101      	bne.n	10001fde <l42_1+0x1a>
10001fda:	43c0      	mvns	r0, r0
10001fdc:	0841      	lsrs	r1, r0, #1
10001fde:	b500      	push	{lr}
10001fe0:	f005 ff9e 	bl	10007f20 <____aeabi_ldiv0_veneer>
10001fe4:	2200      	movs	r2, #0
10001fe6:	2300      	movs	r3, #0
10001fe8:	bd00      	pop	{pc}
10001fea:	b500      	push	{lr}
10001fec:	2900      	cmp	r1, #0
10001fee:	db0a      	blt.n	10002006 <l44_1+0x2>
10001ff0:	43db      	mvns	r3, r3
10001ff2:	4252      	negs	r2, r2
10001ff4:	d100      	bne.n	10001ff8 <l43_1>
10001ff6:	3301      	adds	r3, #1

10001ff8 <l43_1>:
10001ff8:	f000 f814 	bl	10002024 <divmod_u64u64_unsafe>
10001ffc:	43c9      	mvns	r1, r1
10001ffe:	4240      	negs	r0, r0
10002000:	d100      	bne.n	10002004 <l44_1>
10002002:	3101      	adds	r1, #1

10002004 <l44_1>:
10002004:	bd00      	pop	{pc}
10002006:	43c9      	mvns	r1, r1
10002008:	4240      	negs	r0, r0
1000200a:	d100      	bne.n	1000200e <l45_1>
1000200c:	3101      	adds	r1, #1

1000200e <l45_1>:
1000200e:	43db      	mvns	r3, r3
10002010:	4252      	negs	r2, r2
10002012:	d100      	bne.n	10002016 <l46_1>
10002014:	3301      	adds	r3, #1

10002016 <l46_1>:
10002016:	f000 f805 	bl	10002024 <divmod_u64u64_unsafe>
1000201a:	43db      	mvns	r3, r3
1000201c:	4252      	negs	r2, r2
1000201e:	d100      	bne.n	10002022 <l47_1>
10002020:	3301      	adds	r3, #1

10002022 <l47_1>:
10002022:	bd00      	pop	{pc}

10002024 <divmod_u64u64_unsafe>:
10002024:	2900      	cmp	r1, #0
10002026:	d123      	bne.n	10002070 <y64>
10002028:	2b00      	cmp	r3, #0
1000202a:	d118      	bne.n	1000205e <udiv0+0x10>
1000202c:	2a00      	cmp	r2, #0
1000202e:	d00c      	beq.n	1000204a <divmod_u64u64_unsafe+0x26>
10002030:	46bc      	mov	ip, r7
10002032:	4f0d      	ldr	r7, [pc, #52]	@ (10002068 <udiv0+0x1a>)
10002034:	6638      	str	r0, [r7, #96]	@ 0x60
10002036:	667a      	str	r2, [r7, #100]	@ 0x64
10002038:	2100      	movs	r1, #0
1000203a:	2300      	movs	r3, #0
1000203c:	e7ff      	b.n	1000203e <divmod_u64u64_unsafe+0x1a>
1000203e:	e7ff      	b.n	10002040 <divmod_u64u64_unsafe+0x1c>
10002040:	e7ff      	b.n	10002042 <divmod_u64u64_unsafe+0x1e>
10002042:	6f7a      	ldr	r2, [r7, #116]	@ 0x74
10002044:	6f38      	ldr	r0, [r7, #112]	@ 0x70
10002046:	4667      	mov	r7, ip
10002048:	4770      	bx	lr
1000204a:	2800      	cmp	r0, #0
1000204c:	d001      	beq.n	10002052 <udiv0+0x4>

1000204e <udiv0>:
1000204e:	4807      	ldr	r0, [pc, #28]	@ (1000206c <udiv0+0x1e>)
10002050:	0001      	movs	r1, r0
10002052:	b500      	push	{lr}
10002054:	f005 ff64 	bl	10007f20 <____aeabi_ldiv0_veneer>
10002058:	2200      	movs	r2, #0
1000205a:	2300      	movs	r3, #0
1000205c:	bd00      	pop	{pc}
1000205e:	0002      	movs	r2, r0
10002060:	000b      	movs	r3, r1
10002062:	2000      	movs	r0, #0
10002064:	2100      	movs	r1, #0
10002066:	4770      	bx	lr
10002068:	d0000000 	.word	0xd0000000
1000206c:	ffffffff 	.word	0xffffffff

10002070 <y64>:
10002070:	2b00      	cmp	r3, #0
10002072:	d000      	beq.n	10002076 <y64+0x6>
10002074:	e0bf      	b.n	100021f6 <y64_x48>
10002076:	0c13      	lsrs	r3, r2, #16
10002078:	d128      	bne.n	100020cc <y64_x32>
1000207a:	2a00      	cmp	r2, #0
1000207c:	d0e7      	beq.n	1000204e <udiv0>
1000207e:	b480      	push	{r7}
10002080:	4f11      	ldr	r7, [pc, #68]	@ (100020c8 <y64+0x58>)
10002082:	6639      	str	r1, [r7, #96]	@ 0x60
10002084:	667a      	str	r2, [r7, #100]	@ 0x64
10002086:	e7ff      	b.n	10002088 <y64+0x18>
10002088:	e7ff      	b.n	1000208a <y64+0x1a>
1000208a:	b430      	push	{r4, r5}
1000208c:	0c04      	lsrs	r4, r0, #16
1000208e:	6f7b      	ldr	r3, [r7, #116]	@ 0x74
10002090:	6f39      	ldr	r1, [r7, #112]	@ 0x70
10002092:	041b      	lsls	r3, r3, #16
10002094:	4323      	orrs	r3, r4
10002096:	663b      	str	r3, [r7, #96]	@ 0x60
10002098:	667a      	str	r2, [r7, #100]	@ 0x64
1000209a:	e7ff      	b.n	1000209c <y64+0x2c>
1000209c:	e7ff      	b.n	1000209e <y64+0x2e>
1000209e:	e7ff      	b.n	100020a0 <y64+0x30>
100020a0:	46c0      	nop			@ (mov r8, r8)
100020a2:	b284      	uxth	r4, r0
100020a4:	6f7b      	ldr	r3, [r7, #116]	@ 0x74
100020a6:	6f3d      	ldr	r5, [r7, #112]	@ 0x70
100020a8:	041b      	lsls	r3, r3, #16
100020aa:	4323      	orrs	r3, r4
100020ac:	663b      	str	r3, [r7, #96]	@ 0x60
100020ae:	667a      	str	r2, [r7, #100]	@ 0x64
100020b0:	e7ff      	b.n	100020b2 <y64+0x42>
100020b2:	e7ff      	b.n	100020b4 <y64+0x44>
100020b4:	46c0      	nop			@ (mov r8, r8)
100020b6:	2300      	movs	r3, #0
100020b8:	042c      	lsls	r4, r5, #16
100020ba:	0c2d      	lsrs	r5, r5, #16
100020bc:	6f7a      	ldr	r2, [r7, #116]	@ 0x74
100020be:	6f38      	ldr	r0, [r7, #112]	@ 0x70
100020c0:	1900      	adds	r0, r0, r4
100020c2:	4169      	adcs	r1, r5
100020c4:	bcb0      	pop	{r4, r5, r7}
100020c6:	4770      	bx	lr
100020c8:	d0000000 	.word	0xd0000000

100020cc <y64_x32>:
100020cc:	b5f0      	push	{r4, r5, r6, r7, lr}
100020ce:	4694      	mov	ip, r2
100020d0:	2500      	movs	r5, #0
100020d2:	0e14      	lsrs	r4, r2, #24
100020d4:	d101      	bne.n	100020da <y64_x32+0xe>
100020d6:	0212      	lsls	r2, r2, #8
100020d8:	3508      	adds	r5, #8
100020da:	0f14      	lsrs	r4, r2, #28
100020dc:	d101      	bne.n	100020e2 <y64_x32+0x16>
100020de:	0112      	lsls	r2, r2, #4
100020e0:	3504      	adds	r5, #4
100020e2:	0f94      	lsrs	r4, r2, #30
100020e4:	d101      	bne.n	100020ea <y64_x32+0x1e>
100020e6:	0092      	lsls	r2, r2, #2
100020e8:	3502      	adds	r5, #2
100020ea:	0fd4      	lsrs	r4, r2, #31
100020ec:	d101      	bne.n	100020f2 <y64_x32+0x26>
100020ee:	0052      	lsls	r2, r2, #1
100020f0:	3501      	adds	r5, #1
100020f2:	0bd4      	lsrs	r4, r2, #15
100020f4:	3401      	adds	r4, #1
100020f6:	4f25      	ldr	r7, [pc, #148]	@ (1000218c <y64_x32+0xc0>)
100020f8:	667c      	str	r4, [r7, #100]	@ 0x64
100020fa:	4c25      	ldr	r4, [pc, #148]	@ (10002190 <y64_x32+0xc4>)
100020fc:	663c      	str	r4, [r7, #96]	@ 0x60
100020fe:	0c0e      	lsrs	r6, r1, #16
10002100:	b293      	uxth	r3, r2
10002102:	e7ff      	b.n	10002104 <y64_x32+0x38>
10002104:	e7ff      	b.n	10002106 <y64_x32+0x3a>
10002106:	e7ff      	b.n	10002108 <y64_x32+0x3c>
10002108:	6f3c      	ldr	r4, [r7, #112]	@ 0x70
1000210a:	4366      	muls	r6, r4
1000210c:	0c36      	lsrs	r6, r6, #16
1000210e:	0377      	lsls	r7, r6, #13
10002110:	46be      	mov	lr, r7
10002112:	4373      	muls	r3, r6
10002114:	0bdf      	lsrs	r7, r3, #15
10002116:	045b      	lsls	r3, r3, #17
10002118:	1ac0      	subs	r0, r0, r3
1000211a:	41b9      	sbcs	r1, r7
1000211c:	0c13      	lsrs	r3, r2, #16
1000211e:	4373      	muls	r3, r6
10002120:	18db      	adds	r3, r3, r3
10002122:	1ac9      	subs	r1, r1, r3
10002124:	08ce      	lsrs	r6, r1, #3
10002126:	4366      	muls	r6, r4
10002128:	0c36      	lsrs	r6, r6, #16
1000212a:	44b6      	add	lr, r6
1000212c:	b293      	uxth	r3, r2
1000212e:	4373      	muls	r3, r6
10002130:	0f1f      	lsrs	r7, r3, #28
10002132:	011b      	lsls	r3, r3, #4
10002134:	1ac0      	subs	r0, r0, r3
10002136:	41b9      	sbcs	r1, r7
10002138:	0c13      	lsrs	r3, r2, #16
1000213a:	4373      	muls	r3, r6
1000213c:	0b1f      	lsrs	r7, r3, #12
1000213e:	051b      	lsls	r3, r3, #20
10002140:	1ac0      	subs	r0, r0, r3
10002142:	41b9      	sbcs	r1, r7
10002144:	0d86      	lsrs	r6, r0, #22
10002146:	028f      	lsls	r7, r1, #10
10002148:	433e      	orrs	r6, r7
1000214a:	4366      	muls	r6, r4
1000214c:	0c36      	lsrs	r6, r6, #16
1000214e:	2d09      	cmp	r5, #9
10002150:	db24      	blt.n	1000219c <last0>
10002152:	0a52      	lsrs	r2, r2, #9
10002154:	4372      	muls	r2, r6
10002156:	1a80      	subs	r0, r0, r2
10002158:	0377      	lsls	r7, r6, #13
1000215a:	0a46      	lsrs	r6, r0, #9
1000215c:	4366      	muls	r6, r4
1000215e:	0c36      	lsrs	r6, r6, #16
10002160:	2316      	movs	r3, #22
10002162:	1b5b      	subs	r3, r3, r5
10002164:	40de      	lsrs	r6, r3
10002166:	40df      	lsrs	r7, r3
10002168:	19bf      	adds	r7, r7, r6
1000216a:	4664      	mov	r4, ip
1000216c:	4366      	muls	r6, r4
1000216e:	1b82      	subs	r2, r0, r6
10002170:	4670      	mov	r0, lr
10002172:	3504      	adds	r5, #4
10002174:	3306      	adds	r3, #6
10002176:	0001      	movs	r1, r0
10002178:	40d9      	lsrs	r1, r3
1000217a:	40a8      	lsls	r0, r5
1000217c:	19c0      	adds	r0, r0, r7
1000217e:	d300      	bcc.n	10002182 <y64_x32+0xb6>
10002180:	3101      	adds	r1, #1
10002182:	42a2      	cmp	r2, r4
10002184:	d206      	bcs.n	10002194 <y64_x32+0xc8>
10002186:	2300      	movs	r3, #0
10002188:	bdf0      	pop	{r4, r5, r6, r7, pc}
1000218a:	0000      	.short	0x0000
1000218c:	d0000000 	.word	0xd0000000
10002190:	ffffffff 	.word	0xffffffff
10002194:	1b12      	subs	r2, r2, r4
10002196:	3001      	adds	r0, #1
10002198:	d3f3      	bcc.n	10002182 <y64_x32+0xb6>
1000219a:	e7f1      	b.n	10002180 <y64_x32+0xb4>

1000219c <last0>:
1000219c:	2709      	movs	r7, #9
1000219e:	1b7f      	subs	r7, r7, r5
100021a0:	40fe      	lsrs	r6, r7
100021a2:	4664      	mov	r4, ip
100021a4:	b2a2      	uxth	r2, r4
100021a6:	4372      	muls	r2, r6
100021a8:	1a80      	subs	r0, r0, r2
100021aa:	d200      	bcs.n	100021ae <last0+0x12>
100021ac:	3901      	subs	r1, #1
100021ae:	0c22      	lsrs	r2, r4, #16
100021b0:	4372      	muls	r2, r6
100021b2:	0c13      	lsrs	r3, r2, #16
100021b4:	0412      	lsls	r2, r2, #16
100021b6:	1a82      	subs	r2, r0, r2
100021b8:	4199      	sbcs	r1, r3
100021ba:	000b      	movs	r3, r1
100021bc:	4670      	mov	r0, lr
100021be:	3504      	adds	r5, #4
100021c0:	3713      	adds	r7, #19
100021c2:	0001      	movs	r1, r0
100021c4:	40f9      	lsrs	r1, r7
100021c6:	40a8      	lsls	r0, r5
100021c8:	1980      	adds	r0, r0, r6
100021ca:	d300      	bcc.n	100021ce <last0+0x32>
100021cc:	3101      	adds	r1, #1
100021ce:	2b00      	cmp	r3, #0
100021d0:	d102      	bne.n	100021d8 <last0+0x3c>
100021d2:	42a2      	cmp	r2, r4
100021d4:	d20a      	bcs.n	100021ec <last0+0x50>
100021d6:	bdf0      	pop	{r4, r5, r6, r7, pc}
100021d8:	3001      	adds	r0, #1
100021da:	d300      	bcc.n	100021de <last0+0x42>
100021dc:	3101      	adds	r1, #1
100021de:	1b12      	subs	r2, r2, r4
100021e0:	d2fa      	bcs.n	100021d8 <last0+0x3c>
100021e2:	3b01      	subs	r3, #1
100021e4:	d1f8      	bne.n	100021d8 <last0+0x3c>
100021e6:	42a2      	cmp	r2, r4
100021e8:	d200      	bcs.n	100021ec <last0+0x50>
100021ea:	bdf0      	pop	{r4, r5, r6, r7, pc}
100021ec:	3001      	adds	r0, #1
100021ee:	d300      	bcc.n	100021f2 <last0+0x56>
100021f0:	3101      	adds	r1, #1
100021f2:	1b12      	subs	r2, r2, r4
100021f4:	e7f7      	b.n	100021e6 <last0+0x4a>

100021f6 <y64_x48>:
100021f6:	b5f0      	push	{r4, r5, r6, r7, lr}
100021f8:	0c1c      	lsrs	r4, r3, #16
100021fa:	d000      	beq.n	100021fe <y64_x48+0x8>
100021fc:	e080      	b.n	10002300 <y64_x64>
100021fe:	b40c      	push	{r2, r3}
10002200:	2500      	movs	r5, #0
10002202:	0a1c      	lsrs	r4, r3, #8
10002204:	d104      	bne.n	10002210 <y64_x48+0x1a>
10002206:	021b      	lsls	r3, r3, #8
10002208:	0e16      	lsrs	r6, r2, #24
1000220a:	4333      	orrs	r3, r6
1000220c:	0212      	lsls	r2, r2, #8
1000220e:	3508      	adds	r5, #8
10002210:	0b1c      	lsrs	r4, r3, #12
10002212:	d104      	bne.n	1000221e <y64_x48+0x28>
10002214:	011b      	lsls	r3, r3, #4
10002216:	0f16      	lsrs	r6, r2, #28
10002218:	4333      	orrs	r3, r6
1000221a:	0112      	lsls	r2, r2, #4
1000221c:	3504      	adds	r5, #4
1000221e:	0b9c      	lsrs	r4, r3, #14
10002220:	d104      	bne.n	1000222c <y64_x48+0x36>
10002222:	009b      	lsls	r3, r3, #2
10002224:	0f96      	lsrs	r6, r2, #30
10002226:	4333      	orrs	r3, r6
10002228:	0092      	lsls	r2, r2, #2
1000222a:	3502      	adds	r5, #2
1000222c:	0bdc      	lsrs	r4, r3, #15
1000222e:	d102      	bne.n	10002236 <y64_x48+0x40>
10002230:	1892      	adds	r2, r2, r2
10002232:	415b      	adcs	r3, r3
10002234:	3501      	adds	r5, #1
10002236:	001c      	movs	r4, r3
10002238:	1897      	adds	r7, r2, r2
1000223a:	4164      	adcs	r4, r4
1000223c:	3401      	adds	r4, #1
1000223e:	4f46      	ldr	r7, [pc, #280]	@ (10002358 <y64_x64+0x58>)
10002240:	667c      	str	r4, [r7, #100]	@ 0x64
10002242:	4c46      	ldr	r4, [pc, #280]	@ (1000235c <y64_x64+0x5c>)
10002244:	663c      	str	r4, [r7, #96]	@ 0x60
10002246:	0c0e      	lsrs	r6, r1, #16
10002248:	e7ff      	b.n	1000224a <y64_x48+0x54>
1000224a:	e7ff      	b.n	1000224c <y64_x48+0x56>
1000224c:	e7ff      	b.n	1000224e <y64_x48+0x58>
1000224e:	46c0      	nop			@ (mov r8, r8)
10002250:	6f3c      	ldr	r4, [r7, #112]	@ 0x70
10002252:	4366      	muls	r6, r4
10002254:	0c36      	lsrs	r6, r6, #16
10002256:	0377      	lsls	r7, r6, #13
10002258:	46be      	mov	lr, r7
1000225a:	b297      	uxth	r7, r2
1000225c:	4377      	muls	r7, r6
1000225e:	1bc0      	subs	r0, r0, r7
10002260:	d200      	bcs.n	10002264 <y64_x48+0x6e>
10002262:	3901      	subs	r1, #1
10002264:	1bc0      	subs	r0, r0, r7
10002266:	d200      	bcs.n	1000226a <y64_x48+0x74>
10002268:	3901      	subs	r1, #1
1000226a:	b29f      	uxth	r7, r3
1000226c:	4377      	muls	r7, r6
1000226e:	1bc9      	subs	r1, r1, r7
10002270:	1bc9      	subs	r1, r1, r7
10002272:	0c17      	lsrs	r7, r2, #16
10002274:	4377      	muls	r7, r6
10002276:	047e      	lsls	r6, r7, #17
10002278:	0bff      	lsrs	r7, r7, #15
1000227a:	1b80      	subs	r0, r0, r6
1000227c:	41b9      	sbcs	r1, r7
1000227e:	08ce      	lsrs	r6, r1, #3
10002280:	4366      	muls	r6, r4
10002282:	0c36      	lsrs	r6, r6, #16
10002284:	2d0c      	cmp	r5, #12
10002286:	db33      	blt.n	100022f0 <last1>
10002288:	44b6      	add	lr, r6
1000228a:	0b12      	lsrs	r2, r2, #12
1000228c:	051f      	lsls	r7, r3, #20
1000228e:	433a      	orrs	r2, r7
10002290:	0b1b      	lsrs	r3, r3, #12
10002292:	b297      	uxth	r7, r2
10002294:	4377      	muls	r7, r6
10002296:	1bc0      	subs	r0, r0, r7
10002298:	d200      	bcs.n	1000229c <y64_x48+0xa6>
1000229a:	3901      	subs	r1, #1
1000229c:	b29f      	uxth	r7, r3
1000229e:	4377      	muls	r7, r6
100022a0:	1bc9      	subs	r1, r1, r7
100022a2:	0c17      	lsrs	r7, r2, #16
100022a4:	4377      	muls	r7, r6
100022a6:	043e      	lsls	r6, r7, #16
100022a8:	0c3f      	lsrs	r7, r7, #16
100022aa:	1b80      	subs	r0, r0, r6
100022ac:	41b9      	sbcs	r1, r7
100022ae:	0d86      	lsrs	r6, r0, #22
100022b0:	028f      	lsls	r7, r1, #10
100022b2:	433e      	orrs	r6, r7
100022b4:	4366      	muls	r6, r4
100022b6:	2729      	movs	r7, #41	@ 0x29
100022b8:	1b7f      	subs	r7, r7, r5
100022ba:	40fe      	lsrs	r6, r7
100022bc:	3d0c      	subs	r5, #12
100022be:	4677      	mov	r7, lr
100022c0:	40af      	lsls	r7, r5
100022c2:	19bf      	adds	r7, r7, r6
100022c4:	bc30      	pop	{r4, r5}
100022c6:	b2a2      	uxth	r2, r4
100022c8:	b2ab      	uxth	r3, r5
100022ca:	4372      	muls	r2, r6
100022cc:	4373      	muls	r3, r6
100022ce:	1a80      	subs	r0, r0, r2
100022d0:	4199      	sbcs	r1, r3
100022d2:	0c22      	lsrs	r2, r4, #16
100022d4:	4372      	muls	r2, r6
100022d6:	0c13      	lsrs	r3, r2, #16
100022d8:	0412      	lsls	r2, r2, #16
100022da:	1a80      	subs	r0, r0, r2
100022dc:	4199      	sbcs	r1, r3
100022de:	0002      	movs	r2, r0
100022e0:	000b      	movs	r3, r1
100022e2:	3701      	adds	r7, #1
100022e4:	1b00      	subs	r0, r0, r4
100022e6:	41a9      	sbcs	r1, r5
100022e8:	d2f9      	bcs.n	100022de <y64_x48+0xe8>
100022ea:	1e78      	subs	r0, r7, #1
100022ec:	2100      	movs	r1, #0
100022ee:	bdf0      	pop	{r4, r5, r6, r7, pc}

100022f0 <last1>:
100022f0:	270c      	movs	r7, #12
100022f2:	1b7f      	subs	r7, r7, r5
100022f4:	40fe      	lsrs	r6, r7
100022f6:	4677      	mov	r7, lr
100022f8:	0b7f      	lsrs	r7, r7, #13
100022fa:	40af      	lsls	r7, r5
100022fc:	19ff      	adds	r7, r7, r7
100022fe:	e7e0      	b.n	100022c2 <y64_x48+0xcc>

10002300 <y64_x64>:
10002300:	2400      	movs	r4, #0
10002302:	1c5d      	adds	r5, r3, #1
10002304:	d007      	beq.n	10002316 <y64_x64+0x16>
10002306:	4f14      	ldr	r7, [pc, #80]	@ (10002358 <y64_x64+0x58>)
10002308:	667d      	str	r5, [r7, #100]	@ 0x64
1000230a:	6639      	str	r1, [r7, #96]	@ 0x60
1000230c:	e7ff      	b.n	1000230e <y64_x64+0xe>
1000230e:	e7ff      	b.n	10002310 <y64_x64+0x10>
10002310:	e7ff      	b.n	10002312 <y64_x64+0x12>
10002312:	e7ff      	b.n	10002314 <y64_x64+0x14>
10002314:	6f3c      	ldr	r4, [r7, #112]	@ 0x70
10002316:	b295      	uxth	r5, r2
10002318:	b29e      	uxth	r6, r3
1000231a:	4365      	muls	r5, r4
1000231c:	4366      	muls	r6, r4
1000231e:	1b40      	subs	r0, r0, r5
10002320:	41b1      	sbcs	r1, r6
10002322:	0c15      	lsrs	r5, r2, #16
10002324:	0c1e      	lsrs	r6, r3, #16
10002326:	4365      	muls	r5, r4
10002328:	4366      	muls	r6, r4
1000232a:	0436      	lsls	r6, r6, #16
1000232c:	0c2f      	lsrs	r7, r5, #16
1000232e:	433e      	orrs	r6, r7
10002330:	042d      	lsls	r5, r5, #16
10002332:	1b40      	subs	r0, r0, r5
10002334:	41b1      	sbcs	r1, r6
10002336:	4299      	cmp	r1, r3
10002338:	d204      	bcs.n	10002344 <y64_x64+0x44>
1000233a:	0002      	movs	r2, r0
1000233c:	000b      	movs	r3, r1
1000233e:	0020      	movs	r0, r4
10002340:	2100      	movs	r1, #0
10002342:	bdf0      	pop	{r4, r5, r6, r7, pc}
10002344:	d101      	bne.n	1000234a <y64_x64+0x4a>
10002346:	4290      	cmp	r0, r2
10002348:	d3f7      	bcc.n	1000233a <y64_x64+0x3a>
1000234a:	1a80      	subs	r0, r0, r2
1000234c:	4199      	sbcs	r1, r3
1000234e:	3401      	adds	r4, #1
10002350:	4299      	cmp	r1, r3
10002352:	d3f2      	bcc.n	1000233a <y64_x64+0x3a>
10002354:	e7f6      	b.n	10002344 <y64_x64+0x44>
10002356:	0000      	.short	0x0000
10002358:	d0000000 	.word	0xd0000000
1000235c:	ffffffff 	.word	0xffffffff

10002360 <__wrap___aeabi_drsub>:
10002360:	4048      	eors	r0, r1
10002362:	4041      	eors	r1, r0
10002364:	4048      	eors	r0, r1

10002366 <__wrap___aeabi_dsub>:
10002366:	b418      	push	{r3, r4}
10002368:	4b1b      	ldr	r3, [pc, #108]	@ (100023d8 <__wrap___aeabi_dmul+0x12>)
1000236a:	685b      	ldr	r3, [r3, #4]
1000236c:	46fc      	mov	ip, pc
1000236e:	9301      	str	r3, [sp, #4]
10002370:	bd08      	pop	{r3, pc}
10002372:	df04      	.short	0xdf04
10002374:	10002d63 	.word	0x10002d63

10002378 <__wrap___aeabi_dadd>:
10002378:	b418      	push	{r3, r4}
1000237a:	4b17      	ldr	r3, [pc, #92]	@ (100023d8 <__wrap___aeabi_dmul+0x12>)
1000237c:	681b      	ldr	r3, [r3, #0]
1000237e:	46fc      	mov	ip, pc
10002380:	9301      	str	r3, [sp, #4]
10002382:	bd08      	pop	{r3, pc}
10002384:	2d6ddf00 	.word	0x2d6ddf00
10002388:	1000      	.short	0x1000

1000238a <__wrap___aeabi_ddiv>:
1000238a:	4694      	mov	ip, r2
1000238c:	4a13      	ldr	r2, [pc, #76]	@ (100023dc <__wrap___aeabi_dmul+0x16>)
1000238e:	6f92      	ldr	r2, [r2, #120]	@ 0x78
10002390:	0892      	lsrs	r2, r2, #2
10002392:	d209      	bcs.n	100023a8 <ddiv_save_state>
10002394:	4662      	mov	r2, ip

10002396 <ddiv_shim_call>:
10002396:	b418      	push	{r3, r4}
10002398:	4b0f      	ldr	r3, [pc, #60]	@ (100023d8 <__wrap___aeabi_dmul+0x12>)
1000239a:	68db      	ldr	r3, [r3, #12]
1000239c:	46fc      	mov	ip, pc
1000239e:	9301      	str	r3, [sp, #4]
100023a0:	bd08      	pop	{r3, pc}
100023a2:	df0c      	.short	0xdf0c
100023a4:	10003025 	.word	0x10003025

100023a8 <ddiv_save_state>:
100023a8:	4a0c      	ldr	r2, [pc, #48]	@ (100023dc <__wrap___aeabi_dmul+0x16>)
100023aa:	b5f0      	push	{r4, r5, r6, r7, lr}
100023ac:	6e14      	ldr	r4, [r2, #96]	@ 0x60
100023ae:	6e55      	ldr	r5, [r2, #100]	@ 0x64
100023b0:	6f57      	ldr	r7, [r2, #116]	@ 0x74
100023b2:	6f16      	ldr	r6, [r2, #112]	@ 0x70
100023b4:	4662      	mov	r2, ip
100023b6:	f7ff ffee 	bl	10002396 <ddiv_shim_call>
100023ba:	4a08      	ldr	r2, [pc, #32]	@ (100023dc <__wrap___aeabi_dmul+0x16>)
100023bc:	6614      	str	r4, [r2, #96]	@ 0x60
100023be:	6655      	str	r5, [r2, #100]	@ 0x64
100023c0:	6757      	str	r7, [r2, #116]	@ 0x74
100023c2:	6716      	str	r6, [r2, #112]	@ 0x70
100023c4:	bdf0      	pop	{r4, r5, r6, r7, pc}

100023c6 <__wrap___aeabi_dmul>:
100023c6:	b418      	push	{r3, r4}
100023c8:	4b03      	ldr	r3, [pc, #12]	@ (100023d8 <__wrap___aeabi_dmul+0x12>)
100023ca:	689b      	ldr	r3, [r3, #8]
100023cc:	46fc      	mov	ip, pc
100023ce:	9301      	str	r3, [sp, #4]
100023d0:	bd08      	pop	{r3, pc}
100023d2:	df08      	.short	0xdf08
100023d4:	10002ec9 	.word	0x10002ec9
100023d8:	200019cc 	.word	0x200019cc
100023dc:	d0000000 	.word	0xd0000000

100023e0 <__wrap___aeabi_cdrcmple>:
100023e0:	b5ff      	push	{r0, r1, r2, r3, r4, r5, r6, r7, lr}
100023e2:	4050      	eors	r0, r2
100023e4:	4042      	eors	r2, r0
100023e6:	4050      	eors	r0, r2
100023e8:	4059      	eors	r1, r3
100023ea:	404b      	eors	r3, r1
100023ec:	4059      	eors	r1, r3
100023ee:	e000      	b.n	100023f2 <__aeabi_dfcmple_guts>

100023f0 <__wrap___aeabi_cdcmpeq>:
100023f0:	b5ff      	push	{r0, r1, r2, r3, r4, r5, r6, r7, lr}

100023f2 <__aeabi_dfcmple_guts>:
100023f2:	4f15      	ldr	r7, [pc, #84]	@ (10002448 <__aeabi_dfcmple_guts+0x56>)
100023f4:	004c      	lsls	r4, r1, #1
100023f6:	0d64      	lsrs	r4, r4, #21
100023f8:	d003      	beq.n	10002402 <__aeabi_dfcmple_guts+0x10>
100023fa:	42bc      	cmp	r4, r7
100023fc:	d104      	bne.n	10002408 <__aeabi_dfcmple_guts+0x16>
100023fe:	030c      	lsls	r4, r1, #12
10002400:	d814      	bhi.n	1000242c <__aeabi_dfcmple_guts+0x3a>
10002402:	2000      	movs	r0, #0
10002404:	0d09      	lsrs	r1, r1, #20
10002406:	0509      	lsls	r1, r1, #20
10002408:	005c      	lsls	r4, r3, #1
1000240a:	0d64      	lsrs	r4, r4, #21
1000240c:	d003      	beq.n	10002416 <__aeabi_dfcmple_guts+0x24>
1000240e:	42bc      	cmp	r4, r7
10002410:	d104      	bne.n	1000241c <__aeabi_dfcmple_guts+0x2a>
10002412:	031c      	lsls	r4, r3, #12
10002414:	d80a      	bhi.n	1000242c <__aeabi_dfcmple_guts+0x3a>
10002416:	2200      	movs	r2, #0
10002418:	0d1b      	lsrs	r3, r3, #20
1000241a:	051b      	lsls	r3, r3, #20
1000241c:	2601      	movs	r6, #1
1000241e:	404b      	eors	r3, r1
10002420:	d409      	bmi.n	10002436 <__aeabi_dfcmple_guts+0x44>
10002422:	404b      	eors	r3, r1
10002424:	d503      	bpl.n	1000242e <__aeabi_dfcmple_guts+0x3c>
10002426:	428b      	cmp	r3, r1
10002428:	d100      	bne.n	1000242c <__aeabi_dfcmple_guts+0x3a>
1000242a:	4282      	cmp	r2, r0
1000242c:	bdff      	pop	{r0, r1, r2, r3, r4, r5, r6, r7, pc}
1000242e:	4299      	cmp	r1, r3
10002430:	d1fc      	bne.n	1000242c <__aeabi_dfcmple_guts+0x3a>
10002432:	4290      	cmp	r0, r2
10002434:	bdff      	pop	{r0, r1, r2, r3, r4, r5, r6, r7, pc}
10002436:	430b      	orrs	r3, r1
10002438:	18db      	adds	r3, r3, r3
1000243a:	4303      	orrs	r3, r0
1000243c:	4313      	orrs	r3, r2
1000243e:	d0f5      	beq.n	1000242c <__aeabi_dfcmple_guts+0x3a>
10002440:	43c9      	mvns	r1, r1
10002442:	1849      	adds	r1, r1, r1
10002444:	bdff      	pop	{r0, r1, r2, r3, r4, r5, r6, r7, pc}
10002446:	0000      	.short	0x0000
10002448:	000007ff 	.word	0x000007ff

1000244c <__wrap___aeabi_dcmpeq>:
1000244c:	b500      	push	{lr}
1000244e:	f7ff ffcf 	bl	100023f0 <__wrap___aeabi_cdcmpeq>
10002452:	d001      	beq.n	10002458 <__wrap___aeabi_dcmpeq+0xc>
10002454:	2000      	movs	r0, #0
10002456:	bd00      	pop	{pc}
10002458:	2001      	movs	r0, #1
1000245a:	bd00      	pop	{pc}

1000245c <__wrap___aeabi_dcmplt>:
1000245c:	b500      	push	{lr}
1000245e:	f7ff ffc7 	bl	100023f0 <__wrap___aeabi_cdcmpeq>
10002462:	4180      	sbcs	r0, r0
10002464:	bd00      	pop	{pc}
10002466:	46c0      	nop			@ (mov r8, r8)

10002468 <__wrap___aeabi_dcmple>:
10002468:	b500      	push	{lr}
1000246a:	f7ff ffc1 	bl	100023f0 <__wrap___aeabi_cdcmpeq>
1000246e:	d901      	bls.n	10002474 <__wrap___aeabi_dcmple+0xc>
10002470:	2000      	movs	r0, #0
10002472:	bd00      	pop	{pc}
10002474:	2001      	movs	r0, #1
10002476:	bd00      	pop	{pc}

10002478 <__wrap___aeabi_dcmpge>:
10002478:	b500      	push	{lr}
1000247a:	f7ff ffb1 	bl	100023e0 <__wrap___aeabi_cdrcmple>
1000247e:	d901      	bls.n	10002484 <__wrap___aeabi_dcmpge+0xc>
10002480:	2000      	movs	r0, #0
10002482:	bd00      	pop	{pc}
10002484:	2001      	movs	r0, #1
10002486:	bd00      	pop	{pc}

10002488 <__wrap___aeabi_dcmpgt>:
10002488:	b500      	push	{lr}
1000248a:	f7ff ffa9 	bl	100023e0 <__wrap___aeabi_cdrcmple>
1000248e:	4180      	sbcs	r0, r0
10002490:	bd00      	pop	{pc}

10002492 <__wrap___aeabi_dcmpun>:
10002492:	2001      	movs	r0, #1
10002494:	0540      	lsls	r0, r0, #21
10002496:	004a      	lsls	r2, r1, #1
10002498:	1812      	adds	r2, r2, r0
1000249a:	d804      	bhi.n	100024a6 <__wrap___aeabi_dcmpun+0x14>
1000249c:	005a      	lsls	r2, r3, #1
1000249e:	1812      	adds	r2, r2, r0
100024a0:	d801      	bhi.n	100024a6 <__wrap___aeabi_dcmpun+0x14>
100024a2:	2000      	movs	r0, #0
100024a4:	4770      	bx	lr
100024a6:	2001      	movs	r0, #1
100024a8:	4770      	bx	lr
	...

100024ac <__wrap___aeabi_ui2d>:
100024ac:	2100      	movs	r1, #0
100024ae:	2800      	cmp	r0, #0
100024b0:	d105      	bne.n	100024be <__wrap___aeabi_i2d+0xa>
100024b2:	4770      	bx	lr

100024b4 <__wrap___aeabi_i2d>:
100024b4:	17c1      	asrs	r1, r0, #31
100024b6:	4048      	eors	r0, r1
100024b8:	1a40      	subs	r0, r0, r1
100024ba:	d0fa      	beq.n	100024b2 <__wrap___aeabi_ui2d+0x6>
100024bc:	07c9      	lsls	r1, r1, #31
100024be:	b513      	push	{r0, r1, r4, lr}
100024c0:	4b06      	ldr	r3, [pc, #24]	@ (100024dc <__wrap___aeabi_i2d+0x28>)
100024c2:	681b      	ldr	r3, [r3, #0]
100024c4:	4798      	blx	r3
100024c6:	bc0c      	pop	{r2, r3}
100024c8:	1c44      	adds	r4, r0, #1
100024ca:	40a2      	lsls	r2, r4
100024cc:	0510      	lsls	r0, r2, #20
100024ce:	0b12      	lsrs	r2, r2, #12
100024d0:	4903      	ldr	r1, [pc, #12]	@ (100024e0 <__wrap___aeabi_i2d+0x2c>)
100024d2:	1b09      	subs	r1, r1, r4
100024d4:	0509      	lsls	r1, r1, #20
100024d6:	4319      	orrs	r1, r3
100024d8:	4311      	orrs	r1, r2
100024da:	bd10      	pop	{r4, pc}
100024dc:	20001ad4 	.word	0x20001ad4
100024e0:	0000041f 	.word	0x0000041f

100024e4 <__wrap___aeabi_d2iz>:
100024e4:	b510      	push	{r4, lr}
100024e6:	004c      	lsls	r4, r1, #1
100024e8:	0d62      	lsrs	r2, r4, #21
100024ea:	2380      	movs	r3, #128	@ 0x80
100024ec:	18d2      	adds	r2, r2, r3
100024ee:	00db      	lsls	r3, r3, #3
100024f0:	1ad2      	subs	r2, r2, r3
100024f2:	055b      	lsls	r3, r3, #21
100024f4:	2a7e      	cmp	r2, #126	@ 0x7e
100024f6:	dd10      	ble.n	1000251a <__wrap___aeabi_d2iz+0x36>
100024f8:	3a9e      	subs	r2, #158	@ 0x9e
100024fa:	da13      	bge.n	10002524 <__wrap___aeabi_d2iz+0x40>
100024fc:	17cc      	asrs	r4, r1, #31
100024fe:	0309      	lsls	r1, r1, #12
10002500:	0849      	lsrs	r1, r1, #1
10002502:	4319      	orrs	r1, r3
10002504:	4252      	negs	r2, r2
10002506:	40d1      	lsrs	r1, r2
10002508:	0064      	lsls	r4, r4, #1
1000250a:	3401      	adds	r4, #1
1000250c:	3215      	adds	r2, #21
1000250e:	2a20      	cmp	r2, #32
10002510:	da05      	bge.n	1000251e <__wrap___aeabi_d2iz+0x3a>
10002512:	40d0      	lsrs	r0, r2
10002514:	4308      	orrs	r0, r1
10002516:	4360      	muls	r0, r4
10002518:	bd10      	pop	{r4, pc}
1000251a:	2000      	movs	r0, #0
1000251c:	bd10      	pop	{r4, pc}
1000251e:	4608      	mov	r0, r1
10002520:	4360      	muls	r0, r4
10002522:	bd10      	pop	{r4, pc}
10002524:	0fc8      	lsrs	r0, r1, #31
10002526:	18c0      	adds	r0, r0, r3
10002528:	3801      	subs	r0, #1
1000252a:	bd10      	pop	{r4, pc}

1000252c <__wrap___aeabi_d2uiz>:
1000252c:	b418      	push	{r3, r4}
1000252e:	4b04      	ldr	r3, [pc, #16]	@ (10002540 <__wrap___aeabi_d2uiz+0x14>)
10002530:	6a5b      	ldr	r3, [r3, #36]	@ 0x24
10002532:	46fc      	mov	ip, pc
10002534:	9301      	str	r3, [sp, #4]
10002536:	bd08      	pop	{r3, pc}
10002538:	31d5df24 	.word	0x31d5df24
1000253c:	00001000 	.word	0x00001000
10002540:	200019cc 	.word	0x200019cc

10002544 <__wrap_exp>:
10002544:	b418      	push	{r3, r4}
10002546:	4b04      	ldr	r3, [pc, #16]	@ (10002558 <__wrap_exp+0x14>)
10002548:	6cdb      	ldr	r3, [r3, #76]	@ 0x4c
1000254a:	46fc      	mov	ip, pc
1000254c:	9301      	str	r3, [sp, #4]
1000254e:	bd08      	pop	{r3, pc}
10002550:	33a5df4c 	.word	0x33a5df4c
10002554:	00001000 	.word	0x00001000
10002558:	200019cc 	.word	0x200019cc

1000255c <__wrap_log>:
1000255c:	b418      	push	{r3, r4}
1000255e:	4b04      	ldr	r3, [pc, #16]	@ (10002570 <__wrap_log+0x14>)
10002560:	6d1b      	ldr	r3, [r3, #80]	@ 0x50
10002562:	46fc      	mov	ip, pc
10002564:	9301      	str	r3, [sp, #4]
10002566:	bd08      	pop	{r3, pc}
10002568:	3441df50 	.word	0x3441df50
1000256c:	00001000 	.word	0x00001000
10002570:	200019cc 	.word	0x200019cc

10002574 <__aeabi_double_init>:
10002574:	b570      	push	{r4, r5, r6, lr}
10002576:	2313      	movs	r3, #19
10002578:	781c      	ldrb	r4, [r3, #0]
1000257a:	2c01      	cmp	r4, #1
1000257c:	d012      	beq.n	100025a4 <__aeabi_double_init+0x30>
1000257e:	2c01      	cmp	r4, #1
10002580:	dc12      	bgt.n	100025a8 <__aeabi_double_init+0x34>
10002582:	4b21      	ldr	r3, [pc, #132]	@ (10002608 <__aeabi_double_init+0x94>)
10002584:	4a21      	ldr	r2, [pc, #132]	@ (1000260c <__aeabi_double_init+0x98>)
10002586:	6493      	str	r3, [r2, #72]	@ 0x48
10002588:	4821      	ldr	r0, [pc, #132]	@ (10002610 <__aeabi_double_init+0x9c>)
1000258a:	f7ff fb37 	bl	10001bfc <rom_func_lookup>
1000258e:	4b21      	ldr	r3, [pc, #132]	@ (10002614 <__aeabi_double_init+0xa0>)
10002590:	6018      	str	r0, [r3, #0]
10002592:	bd70      	pop	{r4, r5, r6, pc}
10002594:	491c      	ldr	r1, [pc, #112]	@ (10002608 <__aeabi_double_init+0x94>)
10002596:	4a1d      	ldr	r2, [pc, #116]	@ (1000260c <__aeabi_double_init+0x98>)
10002598:	0098      	lsls	r0, r3, #2
1000259a:	5081      	str	r1, [r0, r2]
1000259c:	3301      	adds	r3, #1
1000259e:	2b1f      	cmp	r3, #31
100025a0:	d9f8      	bls.n	10002594 <__aeabi_double_init+0x20>
100025a2:	e7ec      	b.n	1000257e <__aeabi_double_init+0xa>
100025a4:	2300      	movs	r3, #0
100025a6:	e7fa      	b.n	1000259e <__aeabi_double_init+0x2a>
100025a8:	481b      	ldr	r0, [pc, #108]	@ (10002618 <__aeabi_double_init+0xa4>)
100025aa:	f7ff fb2f 	bl	10001c0c <rom_data_lookup>
100025ae:	0005      	movs	r5, r0
100025b0:	481a      	ldr	r0, [pc, #104]	@ (1000261c <__aeabi_double_init+0xa8>)
100025b2:	f7ff fb2b 	bl	10001c0c <rom_data_lookup>
100025b6:	3802      	subs	r0, #2
100025b8:	7803      	ldrb	r3, [r0, #0]
100025ba:	009b      	lsls	r3, r3, #2
100025bc:	2b7f      	cmp	r3, #127	@ 0x7f
100025be:	dd09      	ble.n	100025d4 <__aeabi_double_init+0x60>
100025c0:	4812      	ldr	r0, [pc, #72]	@ (1000260c <__aeabi_double_init+0x98>)
100025c2:	2280      	movs	r2, #128	@ 0x80
100025c4:	0029      	movs	r1, r5
100025c6:	f001 f951 	bl	1000386c <__wrap___aeabi_memcpy>
100025ca:	2c02      	cmp	r4, #2
100025cc:	d008      	beq.n	100025e0 <__aeabi_double_init+0x6c>
100025ce:	2c02      	cmp	r4, #2
100025d0:	dcda      	bgt.n	10002588 <__aeabi_double_init+0x14>
100025d2:	e7d6      	b.n	10002582 <__aeabi_double_init+0xe>
100025d4:	4b12      	ldr	r3, [pc, #72]	@ (10002620 <__aeabi_double_init+0xac>)
100025d6:	4a13      	ldr	r2, [pc, #76]	@ (10002624 <__aeabi_double_init+0xb0>)
100025d8:	4813      	ldr	r0, [pc, #76]	@ (10002628 <__aeabi_double_init+0xb4>)
100025da:	2133      	movs	r1, #51	@ 0x33
100025dc:	f002 fa2e 	bl	10004a3c <__assert_func>
100025e0:	4b12      	ldr	r3, [pc, #72]	@ (1000262c <__aeabi_double_init+0xb8>)
100025e2:	881a      	ldrh	r2, [r3, #0]
100025e4:	23b5      	movs	r3, #181	@ 0xb5
100025e6:	021b      	lsls	r3, r3, #8
100025e8:	429a      	cmp	r2, r3
100025ea:	d109      	bne.n	10002600 <__aeabi_double_init+0x8c>
100025ec:	4b10      	ldr	r3, [pc, #64]	@ (10002630 <__aeabi_double_init+0xbc>)
100025ee:	881a      	ldrh	r2, [r3, #0]
100025f0:	4b10      	ldr	r3, [pc, #64]	@ (10002634 <__aeabi_double_init+0xc0>)
100025f2:	429a      	cmp	r2, r3
100025f4:	d104      	bne.n	10002600 <__aeabi_double_init+0x8c>
100025f6:	4b10      	ldr	r3, [pc, #64]	@ (10002638 <__aeabi_double_init+0xc4>)
100025f8:	881a      	ldrh	r2, [r3, #0]
100025fa:	4b10      	ldr	r3, [pc, #64]	@ (1000263c <__aeabi_double_init+0xc8>)
100025fc:	429a      	cmp	r2, r3
100025fe:	d0e6      	beq.n	100025ce <__aeabi_double_init+0x5a>
10002600:	2000      	movs	r0, #0
10002602:	f7fe f9cd 	bl	100009a0 <panic>
10002606:	46c0      	nop			@ (mov r8, r8)
10002608:	10002d29 	.word	0x10002d29
1000260c:	200019cc 	.word	0x200019cc
10002610:	0000334c 	.word	0x0000334c
10002614:	20001ad4 	.word	0x20001ad4
10002618:	00004453 	.word	0x00004453
1000261c:	00004653 	.word	0x00004653
10002620:	100085d8 	.word	0x100085d8
10002624:	10008da8 	.word	0x10008da8
10002628:	1000861c 	.word	0x1000861c
1000262c:	00003854 	.word	0x00003854
10002630:	000038d8 	.word	0x000038d8
10002634:	00004649 	.word	0x00004649
10002638:	0000389c 	.word	0x0000389c
1000263c:	00004659 	.word	0x00004659

10002640 <dldexp>:
10002640:	b530      	push	{r4, r5, lr}
10002642:	0d0b      	lsrs	r3, r1, #20
10002644:	055b      	lsls	r3, r3, #21
10002646:	0d5c      	lsrs	r4, r3, #21
10002648:	2b00      	cmp	r3, #0
1000264a:	d014      	beq.n	10002676 <dldexp+0x36>
1000264c:	4b0d      	ldr	r3, [pc, #52]	@ (10002684 <dldexp+0x44>)
1000264e:	429c      	cmp	r4, r3
10002650:	d011      	beq.n	10002676 <dldexp+0x36>
10002652:	1914      	adds	r4, r2, r4
10002654:	2c00      	cmp	r4, #0
10002656:	dd09      	ble.n	1000266c <dldexp+0x2c>
10002658:	4b0b      	ldr	r3, [pc, #44]	@ (10002688 <dldexp+0x48>)
1000265a:	429c      	cmp	r4, r3
1000265c:	dd0c      	ble.n	10002678 <dldexp+0x38>
1000265e:	0fc9      	lsrs	r1, r1, #31
10002660:	07c9      	lsls	r1, r1, #31
10002662:	2400      	movs	r4, #0
10002664:	4809      	ldr	r0, [pc, #36]	@ (1000268c <dldexp+0x4c>)
10002666:	4308      	orrs	r0, r1
10002668:	0005      	movs	r5, r0
1000266a:	e002      	b.n	10002672 <dldexp+0x32>
1000266c:	2400      	movs	r4, #0
1000266e:	0fc9      	lsrs	r1, r1, #31
10002670:	07cd      	lsls	r5, r1, #31
10002672:	0020      	movs	r0, r4
10002674:	0029      	movs	r1, r5
10002676:	bd30      	pop	{r4, r5, pc}
10002678:	2400      	movs	r4, #0
1000267a:	0515      	lsls	r5, r2, #20
1000267c:	1824      	adds	r4, r4, r0
1000267e:	414d      	adcs	r5, r1
10002680:	e7f7      	b.n	10002672 <dldexp+0x32>
10002682:	46c0      	nop			@ (mov r8, r8)
10002684:	000007ff 	.word	0x000007ff
10002688:	000007fe 	.word	0x000007fe
1000268c:	7ff00000 	.word	0x7ff00000

10002690 <disint>:
10002690:	b530      	push	{r4, r5, lr}
10002692:	0d0b      	lsrs	r3, r1, #20
10002694:	055b      	lsls	r3, r3, #21
10002696:	0d5a      	lsrs	r2, r3, #21
10002698:	2b00      	cmp	r3, #0
1000269a:	d01f      	beq.n	100026dc <disint+0x4c>
1000269c:	4b13      	ldr	r3, [pc, #76]	@ (100026ec <disint+0x5c>)
1000269e:	18d2      	adds	r2, r2, r3
100026a0:	d41e      	bmi.n	100026e0 <disint+0x50>
100026a2:	2334      	movs	r3, #52	@ 0x34
100026a4:	1a9b      	subs	r3, r3, r2
100026a6:	2b00      	cmp	r3, #0
100026a8:	dd1c      	ble.n	100026e4 <disint+0x54>
100026aa:	001c      	movs	r4, r3
100026ac:	3c20      	subs	r4, #32
100026ae:	d40c      	bmi.n	100026ca <disint+0x3a>
100026b0:	2201      	movs	r2, #1
100026b2:	4252      	negs	r2, r2
100026b4:	40a2      	lsls	r2, r4
100026b6:	2401      	movs	r4, #1
100026b8:	4264      	negs	r4, r4
100026ba:	409c      	lsls	r4, r3
100026bc:	0003      	movs	r3, r0
100026be:	43a3      	bics	r3, r4
100026c0:	4391      	bics	r1, r2
100026c2:	430b      	orrs	r3, r1
100026c4:	d110      	bne.n	100026e8 <disint+0x58>
100026c6:	2001      	movs	r0, #1
100026c8:	e009      	b.n	100026de <disint+0x4e>
100026ca:	2420      	movs	r4, #32
100026cc:	1ae4      	subs	r4, r4, r3
100026ce:	2201      	movs	r2, #1
100026d0:	4252      	negs	r2, r2
100026d2:	0015      	movs	r5, r2
100026d4:	40e5      	lsrs	r5, r4
100026d6:	409a      	lsls	r2, r3
100026d8:	432a      	orrs	r2, r5
100026da:	e7ec      	b.n	100026b6 <disint+0x26>
100026dc:	2001      	movs	r0, #1
100026de:	bd30      	pop	{r4, r5, pc}
100026e0:	2000      	movs	r0, #0
100026e2:	e7fc      	b.n	100026de <disint+0x4e>
100026e4:	2001      	movs	r0, #1
100026e6:	e7fa      	b.n	100026de <disint+0x4e>
100026e8:	2000      	movs	r0, #0
100026ea:	e7f8      	b.n	100026de <disint+0x4e>
100026ec:	fffffc01 	.word	0xfffffc01

100026f0 <disoddint>:
100026f0:	b530      	push	{r4, r5, lr}
100026f2:	0d0b      	lsrs	r3, r1, #20
100026f4:	055b      	lsls	r3, r3, #21
100026f6:	0d5b      	lsrs	r3, r3, #21
100026f8:	4a1b      	ldr	r2, [pc, #108]	@ (10002768 <disoddint+0x78>)
100026fa:	189b      	adds	r3, r3, r2
100026fc:	d42c      	bmi.n	10002758 <disoddint+0x68>
100026fe:	2234      	movs	r2, #52	@ 0x34
10002700:	1ad3      	subs	r3, r2, r3
10002702:	d42b      	bmi.n	1000275c <disoddint+0x6c>
10002704:	001c      	movs	r4, r3
10002706:	3c20      	subs	r4, #32
10002708:	d416      	bmi.n	10002738 <disoddint+0x48>
1000270a:	3a35      	subs	r2, #53	@ 0x35
1000270c:	40a2      	lsls	r2, r4
1000270e:	2401      	movs	r4, #1
10002710:	4264      	negs	r4, r4
10002712:	409c      	lsls	r4, r3
10002714:	0005      	movs	r5, r0
10002716:	43a5      	bics	r5, r4
10002718:	002c      	movs	r4, r5
1000271a:	000d      	movs	r5, r1
1000271c:	4395      	bics	r5, r2
1000271e:	002a      	movs	r2, r5
10002720:	4322      	orrs	r2, r4
10002722:	d11d      	bne.n	10002760 <disoddint+0x70>
10002724:	2b34      	cmp	r3, #52	@ 0x34
10002726:	d01d      	beq.n	10002764 <disoddint+0x74>
10002728:	001a      	movs	r2, r3
1000272a:	3a20      	subs	r2, #32
1000272c:	d40d      	bmi.n	1000274a <disoddint+0x5a>
1000272e:	0008      	movs	r0, r1
10002730:	40d0      	lsrs	r0, r2
10002732:	2301      	movs	r3, #1
10002734:	4018      	ands	r0, r3
10002736:	bd30      	pop	{r4, r5, pc}
10002738:	2420      	movs	r4, #32
1000273a:	1ae4      	subs	r4, r4, r3
1000273c:	2201      	movs	r2, #1
1000273e:	4252      	negs	r2, r2
10002740:	0015      	movs	r5, r2
10002742:	40e5      	lsrs	r5, r4
10002744:	409a      	lsls	r2, r3
10002746:	432a      	orrs	r2, r5
10002748:	e7e1      	b.n	1000270e <disoddint+0x1e>
1000274a:	2220      	movs	r2, #32
1000274c:	1ad2      	subs	r2, r2, r3
1000274e:	000c      	movs	r4, r1
10002750:	4094      	lsls	r4, r2
10002752:	40d8      	lsrs	r0, r3
10002754:	4320      	orrs	r0, r4
10002756:	e7ec      	b.n	10002732 <disoddint+0x42>
10002758:	2000      	movs	r0, #0
1000275a:	e7ec      	b.n	10002736 <disoddint+0x46>
1000275c:	2000      	movs	r0, #0
1000275e:	e7ea      	b.n	10002736 <disoddint+0x46>
10002760:	2000      	movs	r0, #0
10002762:	e7e8      	b.n	10002736 <disoddint+0x46>
10002764:	2001      	movs	r0, #1
10002766:	e7e6      	b.n	10002736 <disoddint+0x46>
10002768:	fffffc01 	.word	0xfffffc01

1000276c <dispo2>:
1000276c:	0002      	movs	r2, r0
1000276e:	000b      	movs	r3, r1
10002770:	0d09      	lsrs	r1, r1, #20
10002772:	0549      	lsls	r1, r1, #21
10002774:	0d48      	lsrs	r0, r1, #21
10002776:	2900      	cmp	r1, #0
10002778:	d007      	beq.n	1000278a <dispo2+0x1e>
1000277a:	4905      	ldr	r1, [pc, #20]	@ (10002790 <dispo2+0x24>)
1000277c:	4288      	cmp	r0, r1
1000277e:	d005      	beq.n	1000278c <dispo2+0x20>
10002780:	0318      	lsls	r0, r3, #12
10002782:	0b00      	lsrs	r0, r0, #12
10002784:	4310      	orrs	r0, r2
10002786:	4243      	negs	r3, r0
10002788:	4158      	adcs	r0, r3
1000278a:	4770      	bx	lr
1000278c:	2000      	movs	r0, #0
1000278e:	e7fc      	b.n	1000278a <dispo2+0x1e>
10002790:	000007ff 	.word	0x000007ff

10002794 <dpow_int2>:
10002794:	b570      	push	{r4, r5, r6, lr}
10002796:	0004      	movs	r4, r0
10002798:	000d      	movs	r5, r1
1000279a:	0016      	movs	r6, r2
1000279c:	2a01      	cmp	r2, #1
1000279e:	d00e      	beq.n	100027be <dpow_int2+0x2a>
100027a0:	0fd2      	lsrs	r2, r2, #31
100027a2:	1992      	adds	r2, r2, r6
100027a4:	1052      	asrs	r2, r2, #1
100027a6:	f7ff fff5 	bl	10002794 <dpow_int2>
100027aa:	0002      	movs	r2, r0
100027ac:	000b      	movs	r3, r1
100027ae:	f7ff fe0a 	bl	100023c6 <__wrap___aeabi_dmul>
100027b2:	07f6      	lsls	r6, r6, #31
100027b4:	d503      	bpl.n	100027be <dpow_int2+0x2a>
100027b6:	0022      	movs	r2, r4
100027b8:	002b      	movs	r3, r5
100027ba:	f7ff fe04 	bl	100023c6 <__wrap___aeabi_dmul>
100027be:	bd70      	pop	{r4, r5, r6, pc}

100027c0 <dpowint_1>:
100027c0:	b510      	push	{r4, lr}
100027c2:	1e14      	subs	r4, r2, #0
100027c4:	db03      	blt.n	100027ce <dpowint_1+0xe>
100027c6:	0022      	movs	r2, r4
100027c8:	f7ff ffe4 	bl	10002794 <dpow_int2>
100027cc:	bd10      	pop	{r4, pc}
100027ce:	0002      	movs	r2, r0
100027d0:	000b      	movs	r3, r1
100027d2:	2000      	movs	r0, #0
100027d4:	4902      	ldr	r1, [pc, #8]	@ (100027e0 <dpowint_1+0x20>)
100027d6:	f7ff fdd8 	bl	1000238a <__wrap___aeabi_ddiv>
100027da:	4264      	negs	r4, r4
100027dc:	e7f3      	b.n	100027c6 <dpowint_1+0x6>
100027de:	46c0      	nop			@ (mov r8, r8)
100027e0:	3ff00000 	.word	0x3ff00000

100027e4 <dpow_1>:
100027e4:	b5f0      	push	{r4, r5, r6, r7, lr}
100027e6:	46d6      	mov	lr, sl
100027e8:	464f      	mov	r7, r9
100027ea:	4646      	mov	r6, r8
100027ec:	b5c0      	push	{r6, r7, lr}
100027ee:	b088      	sub	sp, #32
100027f0:	0014      	movs	r4, r2
100027f2:	001d      	movs	r5, r3
100027f4:	0d0e      	lsrs	r6, r1, #20
100027f6:	0576      	lsls	r6, r6, #21
100027f8:	0d76      	lsrs	r6, r6, #21
100027fa:	4b67      	ldr	r3, [pc, #412]	@ (10002998 <dpow_1+0x1b4>)
100027fc:	18f7      	adds	r7, r6, r3
100027fe:	4a67      	ldr	r2, [pc, #412]	@ (1000299c <dpow_1+0x1b8>)
10002800:	1b92      	subs	r2, r2, r6
10002802:	f7ff ff1d 	bl	10002640 <dldexp>
10002806:	f7ff fea9 	bl	1000255c <__wrap_log>
1000280a:	4a65      	ldr	r2, [pc, #404]	@ (100029a0 <dpow_1+0x1bc>)
1000280c:	4b65      	ldr	r3, [pc, #404]	@ (100029a4 <dpow_1+0x1c0>)
1000280e:	f7ff fdbc 	bl	1000238a <__wrap___aeabi_ddiv>
10002812:	2200      	movs	r2, #0
10002814:	4b64      	ldr	r3, [pc, #400]	@ (100029a8 <dpow_1+0x1c4>)
10002816:	9000      	str	r0, [sp, #0]
10002818:	9101      	str	r1, [sp, #4]
1000281a:	f7ff fe35 	bl	10002488 <__wrap___aeabi_dcmpgt>
1000281e:	2800      	cmp	r0, #0
10002820:	d009      	beq.n	10002836 <dpow_1+0x52>
10002822:	2200      	movs	r2, #0
10002824:	4b61      	ldr	r3, [pc, #388]	@ (100029ac <dpow_1+0x1c8>)
10002826:	9800      	ldr	r0, [sp, #0]
10002828:	9901      	ldr	r1, [sp, #4]
1000282a:	f7ff fd9c 	bl	10002366 <__wrap___aeabi_dsub>
1000282e:	9000      	str	r0, [sp, #0]
10002830:	9101      	str	r1, [sp, #4]
10002832:	4b5f      	ldr	r3, [pc, #380]	@ (100029b0 <dpow_1+0x1cc>)
10002834:	18f7      	adds	r7, r6, r3
10002836:	2f00      	cmp	r7, #0
10002838:	d011      	beq.n	1000285e <dpow_1+0x7a>
1000283a:	2200      	movs	r2, #0
1000283c:	4b5d      	ldr	r3, [pc, #372]	@ (100029b4 <dpow_1+0x1d0>)
1000283e:	0020      	movs	r0, r4
10002840:	0029      	movs	r1, r5
10002842:	f7ff fe19 	bl	10002478 <__wrap___aeabi_dcmpge>
10002846:	2800      	cmp	r0, #0
10002848:	d015      	beq.n	10002876 <dpow_1+0x92>
1000284a:	2f00      	cmp	r7, #0
1000284c:	db10      	blt.n	10002870 <dpow_1+0x8c>
1000284e:	2000      	movs	r0, #0
10002850:	4959      	ldr	r1, [pc, #356]	@ (100029b8 <dpow_1+0x1d4>)
10002852:	b008      	add	sp, #32
10002854:	bce0      	pop	{r5, r6, r7}
10002856:	46ba      	mov	sl, r7
10002858:	46b1      	mov	r9, r6
1000285a:	46a8      	mov	r8, r5
1000285c:	bdf0      	pop	{r4, r5, r6, r7, pc}
1000285e:	0022      	movs	r2, r4
10002860:	002b      	movs	r3, r5
10002862:	9800      	ldr	r0, [sp, #0]
10002864:	9901      	ldr	r1, [sp, #4]
10002866:	f7ff fdae 	bl	100023c6 <__wrap___aeabi_dmul>
1000286a:	f000 f965 	bl	10002b38 <__wrap_exp2>
1000286e:	e7f0      	b.n	10002852 <dpow_1+0x6e>
10002870:	2000      	movs	r0, #0
10002872:	2100      	movs	r1, #0
10002874:	e7ed      	b.n	10002852 <dpow_1+0x6e>
10002876:	2200      	movs	r2, #0
10002878:	4b50      	ldr	r3, [pc, #320]	@ (100029bc <dpow_1+0x1d8>)
1000287a:	0020      	movs	r0, r4
1000287c:	0029      	movs	r1, r5
1000287e:	f7ff fdf3 	bl	10002468 <__wrap___aeabi_dcmple>
10002882:	2800      	cmp	r0, #0
10002884:	d007      	beq.n	10002896 <dpow_1+0xb2>
10002886:	2f00      	cmp	r7, #0
10002888:	db02      	blt.n	10002890 <dpow_1+0xac>
1000288a:	2000      	movs	r0, #0
1000288c:	2100      	movs	r1, #0
1000288e:	e7e0      	b.n	10002852 <dpow_1+0x6e>
10002890:	2000      	movs	r0, #0
10002892:	4949      	ldr	r1, [pc, #292]	@ (100029b8 <dpow_1+0x1d4>)
10002894:	e7dd      	b.n	10002852 <dpow_1+0x6e>
10002896:	0020      	movs	r0, r4
10002898:	0029      	movs	r1, r5
1000289a:	f000 f901 	bl	10002aa0 <__wrap_round>
1000289e:	9004      	str	r0, [sp, #16]
100028a0:	9105      	str	r1, [sp, #20]
100028a2:	0002      	movs	r2, r0
100028a4:	000b      	movs	r3, r1
100028a6:	0020      	movs	r0, r4
100028a8:	0029      	movs	r1, r5
100028aa:	f7ff fd5c 	bl	10002366 <__wrap___aeabi_dsub>
100028ae:	0003      	movs	r3, r0
100028b0:	000c      	movs	r4, r1
100028b2:	221a      	movs	r2, #26
100028b4:	9302      	str	r3, [sp, #8]
100028b6:	9403      	str	r4, [sp, #12]
100028b8:	f000 f8ee 	bl	10002a98 <__wrap_ldexp>
100028bc:	f000 f8f0 	bl	10002aa0 <__wrap_round>
100028c0:	221a      	movs	r2, #26
100028c2:	4252      	negs	r2, r2
100028c4:	f7ff febc 	bl	10002640 <dldexp>
100028c8:	0004      	movs	r4, r0
100028ca:	000d      	movs	r5, r1
100028cc:	0002      	movs	r2, r0
100028ce:	000b      	movs	r3, r1
100028d0:	9802      	ldr	r0, [sp, #8]
100028d2:	9903      	ldr	r1, [sp, #12]
100028d4:	f7ff fd47 	bl	10002366 <__wrap___aeabi_dsub>
100028d8:	9006      	str	r0, [sp, #24]
100028da:	9107      	str	r1, [sp, #28]
100028dc:	9804      	ldr	r0, [sp, #16]
100028de:	9905      	ldr	r1, [sp, #20]
100028e0:	f7ff fe00 	bl	100024e4 <__wrap___aeabi_d2iz>
100028e4:	4681      	mov	r9, r0
100028e6:	0001      	movs	r1, r0
100028e8:	4379      	muls	r1, r7
100028ea:	468a      	mov	sl, r1
100028ec:	0038      	movs	r0, r7
100028ee:	f7ff fde1 	bl	100024b4 <__wrap___aeabi_i2d>
100028f2:	0022      	movs	r2, r4
100028f4:	002b      	movs	r3, r5
100028f6:	9004      	str	r0, [sp, #16]
100028f8:	9105      	str	r1, [sp, #20]
100028fa:	f7ff fd64 	bl	100023c6 <__wrap___aeabi_dmul>
100028fe:	0006      	movs	r6, r0
10002900:	000f      	movs	r7, r1
10002902:	f000 f8cd 	bl	10002aa0 <__wrap_round>
10002906:	0004      	movs	r4, r0
10002908:	000d      	movs	r5, r1
1000290a:	f7ff fdeb 	bl	100024e4 <__wrap___aeabi_d2iz>
1000290e:	4680      	mov	r8, r0
10002910:	44d0      	add	r8, sl
10002912:	0022      	movs	r2, r4
10002914:	002b      	movs	r3, r5
10002916:	0030      	movs	r0, r6
10002918:	0039      	movs	r1, r7
1000291a:	f7ff fd24 	bl	10002366 <__wrap___aeabi_dsub>
1000291e:	0004      	movs	r4, r0
10002920:	000d      	movs	r5, r1
10002922:	9a06      	ldr	r2, [sp, #24]
10002924:	9b07      	ldr	r3, [sp, #28]
10002926:	9804      	ldr	r0, [sp, #16]
10002928:	9905      	ldr	r1, [sp, #20]
1000292a:	f7ff fd4c 	bl	100023c6 <__wrap___aeabi_dmul>
1000292e:	0002      	movs	r2, r0
10002930:	000b      	movs	r3, r1
10002932:	0020      	movs	r0, r4
10002934:	0029      	movs	r1, r5
10002936:	f7ff fd1f 	bl	10002378 <__wrap___aeabi_dadd>
1000293a:	9004      	str	r0, [sp, #16]
1000293c:	9105      	str	r1, [sp, #20]
1000293e:	4648      	mov	r0, r9
10002940:	f7ff fdb8 	bl	100024b4 <__wrap___aeabi_i2d>
10002944:	9a00      	ldr	r2, [sp, #0]
10002946:	9b01      	ldr	r3, [sp, #4]
10002948:	f7ff fd3d 	bl	100023c6 <__wrap___aeabi_dmul>
1000294c:	0004      	movs	r4, r0
1000294e:	000d      	movs	r5, r1
10002950:	f000 f8a6 	bl	10002aa0 <__wrap_round>
10002954:	0006      	movs	r6, r0
10002956:	000f      	movs	r7, r1
10002958:	f7ff fdc4 	bl	100024e4 <__wrap___aeabi_d2iz>
1000295c:	4480      	add	r8, r0
1000295e:	0032      	movs	r2, r6
10002960:	003b      	movs	r3, r7
10002962:	0020      	movs	r0, r4
10002964:	0029      	movs	r1, r5
10002966:	f7ff fcfe 	bl	10002366 <__wrap___aeabi_dsub>
1000296a:	9a04      	ldr	r2, [sp, #16]
1000296c:	9b05      	ldr	r3, [sp, #20]
1000296e:	f7ff fd03 	bl	10002378 <__wrap___aeabi_dadd>
10002972:	0004      	movs	r4, r0
10002974:	000d      	movs	r5, r1
10002976:	9a02      	ldr	r2, [sp, #8]
10002978:	9b03      	ldr	r3, [sp, #12]
1000297a:	9800      	ldr	r0, [sp, #0]
1000297c:	9901      	ldr	r1, [sp, #4]
1000297e:	f7ff fd22 	bl	100023c6 <__wrap___aeabi_dmul>
10002982:	0022      	movs	r2, r4
10002984:	002b      	movs	r3, r5
10002986:	f7ff fcf7 	bl	10002378 <__wrap___aeabi_dadd>
1000298a:	f000 f8d5 	bl	10002b38 <__wrap_exp2>
1000298e:	4642      	mov	r2, r8
10002990:	f7ff fe56 	bl	10002640 <dldexp>
10002994:	e75d      	b.n	10002852 <dpow_1+0x6e>
10002996:	46c0      	nop			@ (mov r8, r8)
10002998:	fffffc01 	.word	0xfffffc01
1000299c:	000003ff 	.word	0x000003ff
100029a0:	fefa39ef 	.word	0xfefa39ef
100029a4:	3fe62e42 	.word	0x3fe62e42
100029a8:	3fe00000 	.word	0x3fe00000
100029ac:	3ff00000 	.word	0x3ff00000
100029b0:	fffffc02 	.word	0xfffffc02
100029b4:	40b00000 	.word	0x40b00000
100029b8:	7ff00000 	.word	0x7ff00000
100029bc:	c0b00000 	.word	0xc0b00000

100029c0 <dpow_0>:
100029c0:	b5f0      	push	{r4, r5, r6, r7, lr}
100029c2:	46c6      	mov	lr, r8
100029c4:	b500      	push	{lr}
100029c6:	b082      	sub	sp, #8
100029c8:	0004      	movs	r4, r0
100029ca:	000d      	movs	r5, r1
100029cc:	0016      	movs	r6, r2
100029ce:	001f      	movs	r7, r3
100029d0:	9001      	str	r0, [sp, #4]
100029d2:	2900      	cmp	r1, #0
100029d4:	da1d      	bge.n	10002a12 <dpow_0+0x52>
100029d6:	0010      	movs	r0, r2
100029d8:	0019      	movs	r1, r3
100029da:	f7ff fe89 	bl	100026f0 <disoddint>
100029de:	2800      	cmp	r0, #0
100029e0:	d00e      	beq.n	10002a00 <dpow_0+0x40>
100029e2:	0020      	movs	r0, r4
100029e4:	2380      	movs	r3, #128	@ 0x80
100029e6:	061b      	lsls	r3, r3, #24
100029e8:	18e9      	adds	r1, r5, r3
100029ea:	0032      	movs	r2, r6
100029ec:	003b      	movs	r3, r7
100029ee:	f7ff ffe7 	bl	100029c0 <dpow_0>
100029f2:	2480      	movs	r4, #128	@ 0x80
100029f4:	0624      	lsls	r4, r4, #24
100029f6:	1909      	adds	r1, r1, r4
100029f8:	b002      	add	sp, #8
100029fa:	bc80      	pop	{r7}
100029fc:	46b8      	mov	r8, r7
100029fe:	bdf0      	pop	{r4, r5, r6, r7, pc}
10002a00:	9801      	ldr	r0, [sp, #4]
10002a02:	2380      	movs	r3, #128	@ 0x80
10002a04:	061b      	lsls	r3, r3, #24
10002a06:	18e9      	adds	r1, r5, r3
10002a08:	0032      	movs	r2, r6
10002a0a:	003b      	movs	r3, r7
10002a0c:	f7ff ffd8 	bl	100029c0 <dpow_0>
10002a10:	e7f2      	b.n	100029f8 <dpow_0+0x38>
10002a12:	0010      	movs	r0, r2
10002a14:	0019      	movs	r1, r3
10002a16:	f7ff fd65 	bl	100024e4 <__wrap___aeabi_d2iz>
10002a1a:	4680      	mov	r8, r0
10002a1c:	0020      	movs	r0, r4
10002a1e:	0029      	movs	r1, r5
10002a20:	f7ff fea4 	bl	1000276c <dispo2>
10002a24:	2800      	cmp	r0, #0
10002a26:	d10c      	bne.n	10002a42 <dpow_0+0x82>
10002a28:	4643      	mov	r3, r8
10002a2a:	2b00      	cmp	r3, #0
10002a2c:	d028      	beq.n	10002a80 <dpow_0+0xc0>
10002a2e:	3320      	adds	r3, #32
10002a30:	2b40      	cmp	r3, #64	@ 0x40
10002a32:	d91f      	bls.n	10002a74 <dpow_0+0xb4>
10002a34:	0032      	movs	r2, r6
10002a36:	003b      	movs	r3, r7
10002a38:	0020      	movs	r0, r4
10002a3a:	0029      	movs	r1, r5
10002a3c:	f7ff fed2 	bl	100027e4 <dpow_1>
10002a40:	e7da      	b.n	100029f8 <dpow_0+0x38>
10002a42:	0d2a      	lsrs	r2, r5, #20
10002a44:	0552      	lsls	r2, r2, #21
10002a46:	0d52      	lsrs	r2, r2, #21
10002a48:	4b0f      	ldr	r3, [pc, #60]	@ (10002a88 <dpow_0+0xc8>)
10002a4a:	469c      	mov	ip, r3
10002a4c:	4462      	add	r2, ip
10002a4e:	2380      	movs	r3, #128	@ 0x80
10002a50:	011b      	lsls	r3, r3, #4
10002a52:	4598      	cmp	r8, r3
10002a54:	da05      	bge.n	10002a62 <dpow_0+0xa2>
10002a56:	4b0d      	ldr	r3, [pc, #52]	@ (10002a8c <dpow_0+0xcc>)
10002a58:	4598      	cmp	r8, r3
10002a5a:	da04      	bge.n	10002a66 <dpow_0+0xa6>
10002a5c:	4b0b      	ldr	r3, [pc, #44]	@ (10002a8c <dpow_0+0xcc>)
10002a5e:	4698      	mov	r8, r3
10002a60:	e001      	b.n	10002a66 <dpow_0+0xa6>
10002a62:	4b0b      	ldr	r3, [pc, #44]	@ (10002a90 <dpow_0+0xd0>)
10002a64:	4698      	mov	r8, r3
10002a66:	4643      	mov	r3, r8
10002a68:	435a      	muls	r2, r3
10002a6a:	2000      	movs	r0, #0
10002a6c:	4909      	ldr	r1, [pc, #36]	@ (10002a94 <dpow_0+0xd4>)
10002a6e:	f7ff fde7 	bl	10002640 <dldexp>
10002a72:	e7c1      	b.n	100029f8 <dpow_0+0x38>
10002a74:	4642      	mov	r2, r8
10002a76:	0020      	movs	r0, r4
10002a78:	0029      	movs	r1, r5
10002a7a:	f7ff fea1 	bl	100027c0 <dpowint_1>
10002a7e:	e7bb      	b.n	100029f8 <dpow_0+0x38>
10002a80:	2000      	movs	r0, #0
10002a82:	4904      	ldr	r1, [pc, #16]	@ (10002a94 <dpow_0+0xd4>)
10002a84:	e7b8      	b.n	100029f8 <dpow_0+0x38>
10002a86:	46c0      	nop			@ (mov r8, r8)
10002a88:	fffffc01 	.word	0xfffffc01
10002a8c:	fffff800 	.word	0xfffff800
10002a90:	000007ff 	.word	0x000007ff
10002a94:	3ff00000 	.word	0x3ff00000

10002a98 <__wrap_ldexp>:
10002a98:	b510      	push	{r4, lr}
10002a9a:	f7ff fdd1 	bl	10002640 <dldexp>
10002a9e:	bd10      	pop	{r4, pc}

10002aa0 <__wrap_round>:
10002aa0:	b570      	push	{r4, r5, r6, lr}
10002aa2:	0d0b      	lsrs	r3, r1, #20
10002aa4:	055b      	lsls	r3, r3, #21
10002aa6:	0d5b      	lsrs	r3, r3, #21
10002aa8:	4a21      	ldr	r2, [pc, #132]	@ (10002b30 <__wrap_round+0x90>)
10002aaa:	4694      	mov	ip, r2
10002aac:	4463      	add	r3, ip
10002aae:	1c5a      	adds	r2, r3, #1
10002ab0:	db24      	blt.n	10002afc <__wrap_round+0x5c>
10002ab2:	1c5a      	adds	r2, r3, #1
10002ab4:	d028      	beq.n	10002b08 <__wrap_round+0x68>
10002ab6:	2234      	movs	r2, #52	@ 0x34
10002ab8:	1ad2      	subs	r2, r2, r3
10002aba:	2a00      	cmp	r2, #0
10002abc:	dd1d      	ble.n	10002afa <__wrap_round+0x5a>
10002abe:	2433      	movs	r4, #51	@ 0x33
10002ac0:	1ae4      	subs	r4, r4, r3
10002ac2:	0025      	movs	r5, r4
10002ac4:	3d20      	subs	r5, #32
10002ac6:	d426      	bmi.n	10002b16 <__wrap_round+0x76>
10002ac8:	2601      	movs	r6, #1
10002aca:	40ae      	lsls	r6, r5
10002acc:	0033      	movs	r3, r6
10002ace:	2501      	movs	r5, #1
10002ad0:	40a5      	lsls	r5, r4
10002ad2:	002a      	movs	r2, r5
10002ad4:	1812      	adds	r2, r2, r0
10002ad6:	414b      	adcs	r3, r1
10002ad8:	0025      	movs	r5, r4
10002ada:	3d20      	subs	r5, #32
10002adc:	d421      	bmi.n	10002b22 <__wrap_round+0x82>
10002ade:	2602      	movs	r6, #2
10002ae0:	40ae      	lsls	r6, r5
10002ae2:	0031      	movs	r1, r6
10002ae4:	2502      	movs	r5, #2
10002ae6:	40a5      	lsls	r5, r4
10002ae8:	0028      	movs	r0, r5
10002aea:	2500      	movs	r5, #0
10002aec:	4244      	negs	r4, r0
10002aee:	418d      	sbcs	r5, r1
10002af0:	0016      	movs	r6, r2
10002af2:	4026      	ands	r6, r4
10002af4:	0030      	movs	r0, r6
10002af6:	402b      	ands	r3, r5
10002af8:	0019      	movs	r1, r3
10002afa:	bd70      	pop	{r4, r5, r6, pc}
10002afc:	2200      	movs	r2, #0
10002afe:	0fc9      	lsrs	r1, r1, #31
10002b00:	07cb      	lsls	r3, r1, #31
10002b02:	0010      	movs	r0, r2
10002b04:	0019      	movs	r1, r3
10002b06:	e7f8      	b.n	10002afa <__wrap_round+0x5a>
10002b08:	0fcb      	lsrs	r3, r1, #31
10002b0a:	07db      	lsls	r3, r3, #31
10002b0c:	2000      	movs	r0, #0
10002b0e:	4a09      	ldr	r2, [pc, #36]	@ (10002b34 <__wrap_round+0x94>)
10002b10:	431a      	orrs	r2, r3
10002b12:	0011      	movs	r1, r2
10002b14:	e7f1      	b.n	10002afa <__wrap_round+0x5a>
10002b16:	2520      	movs	r5, #32
10002b18:	1b2d      	subs	r5, r5, r4
10002b1a:	2601      	movs	r6, #1
10002b1c:	40ee      	lsrs	r6, r5
10002b1e:	0033      	movs	r3, r6
10002b20:	e7d5      	b.n	10002ace <__wrap_round+0x2e>
10002b22:	2520      	movs	r5, #32
10002b24:	1b2d      	subs	r5, r5, r4
10002b26:	2602      	movs	r6, #2
10002b28:	40ee      	lsrs	r6, r5
10002b2a:	0031      	movs	r1, r6
10002b2c:	e7da      	b.n	10002ae4 <__wrap_round+0x44>
10002b2e:	46c0      	nop			@ (mov r8, r8)
10002b30:	fffffc01 	.word	0xfffffc01
10002b34:	3ff00000 	.word	0x3ff00000

10002b38 <__wrap_exp2>:
10002b38:	b570      	push	{r4, r5, r6, lr}
10002b3a:	0004      	movs	r4, r0
10002b3c:	000d      	movs	r5, r1
10002b3e:	0d0a      	lsrs	r2, r1, #20
10002b40:	4b19      	ldr	r3, [pc, #100]	@ (10002ba8 <__wrap_exp2+0x70>)
10002b42:	429a      	cmp	r2, r3
10002b44:	d029      	beq.n	10002b9a <__wrap_exp2+0x62>
10002b46:	2200      	movs	r2, #0
10002b48:	4b18      	ldr	r3, [pc, #96]	@ (10002bac <__wrap_exp2+0x74>)
10002b4a:	f7ff fc8d 	bl	10002468 <__wrap___aeabi_dcmple>
10002b4e:	2800      	cmp	r0, #0
10002b50:	d126      	bne.n	10002ba0 <__wrap_exp2+0x68>
10002b52:	2200      	movs	r2, #0
10002b54:	4b16      	ldr	r3, [pc, #88]	@ (10002bb0 <__wrap_exp2+0x78>)
10002b56:	0020      	movs	r0, r4
10002b58:	0029      	movs	r1, r5
10002b5a:	f7ff fc8d 	bl	10002478 <__wrap___aeabi_dcmpge>
10002b5e:	2800      	cmp	r0, #0
10002b60:	d002      	beq.n	10002b68 <__wrap_exp2+0x30>
10002b62:	2000      	movs	r0, #0
10002b64:	4913      	ldr	r1, [pc, #76]	@ (10002bb4 <__wrap_exp2+0x7c>)
10002b66:	e01d      	b.n	10002ba4 <__wrap_exp2+0x6c>
10002b68:	0020      	movs	r0, r4
10002b6a:	0029      	movs	r1, r5
10002b6c:	f7ff ff98 	bl	10002aa0 <__wrap_round>
10002b70:	f7ff fcb8 	bl	100024e4 <__wrap___aeabi_d2iz>
10002b74:	0006      	movs	r6, r0
10002b76:	f7ff fc9d 	bl	100024b4 <__wrap___aeabi_i2d>
10002b7a:	0002      	movs	r2, r0
10002b7c:	000b      	movs	r3, r1
10002b7e:	0020      	movs	r0, r4
10002b80:	0029      	movs	r1, r5
10002b82:	f7ff fbf0 	bl	10002366 <__wrap___aeabi_dsub>
10002b86:	4a0c      	ldr	r2, [pc, #48]	@ (10002bb8 <__wrap_exp2+0x80>)
10002b88:	4b0c      	ldr	r3, [pc, #48]	@ (10002bbc <__wrap_exp2+0x84>)
10002b8a:	f7ff fc1c 	bl	100023c6 <__wrap___aeabi_dmul>
10002b8e:	f7ff fcd9 	bl	10002544 <__wrap_exp>
10002b92:	0032      	movs	r2, r6
10002b94:	f7ff fd54 	bl	10002640 <dldexp>
10002b98:	e004      	b.n	10002ba4 <__wrap_exp2+0x6c>
10002b9a:	2000      	movs	r0, #0
10002b9c:	2100      	movs	r1, #0
10002b9e:	e001      	b.n	10002ba4 <__wrap_exp2+0x6c>
10002ba0:	2000      	movs	r0, #0
10002ba2:	2100      	movs	r1, #0
10002ba4:	bd70      	pop	{r4, r5, r6, pc}
10002ba6:	46c0      	nop			@ (mov r8, r8)
10002ba8:	00000fff 	.word	0x00000fff
10002bac:	c0b00000 	.word	0xc0b00000
10002bb0:	40b00000 	.word	0x40b00000
10002bb4:	7ff00000 	.word	0x7ff00000
10002bb8:	fefa39ef 	.word	0xfefa39ef
10002bbc:	3fe62e42 	.word	0x3fe62e42

10002bc0 <__wrap_pow>:
10002bc0:	b5f8      	push	{r3, r4, r5, r6, r7, lr}
10002bc2:	46ce      	mov	lr, r9
10002bc4:	4647      	mov	r7, r8
10002bc6:	b580      	push	{r7, lr}
10002bc8:	0006      	movs	r6, r0
10002bca:	000f      	movs	r7, r1
10002bcc:	0014      	movs	r4, r2
10002bce:	001d      	movs	r5, r3
10002bd0:	2200      	movs	r2, #0
10002bd2:	4b4e      	ldr	r3, [pc, #312]	@ (10002d0c <__wrap_pow+0x14c>)
10002bd4:	f7ff fc3a 	bl	1000244c <__wrap___aeabi_dcmpeq>
10002bd8:	2800      	cmp	r0, #0
10002bda:	d121      	bne.n	10002c20 <__wrap_pow+0x60>
10002bdc:	0d2b      	lsrs	r3, r5, #20
10002bde:	4698      	mov	r8, r3
10002be0:	055b      	lsls	r3, r3, #21
10002be2:	0d5a      	lsrs	r2, r3, #21
10002be4:	4691      	mov	r9, r2
10002be6:	2b00      	cmp	r3, #0
10002be8:	d01a      	beq.n	10002c20 <__wrap_pow+0x60>
10002bea:	2200      	movs	r2, #0
10002bec:	4b48      	ldr	r3, [pc, #288]	@ (10002d10 <__wrap_pow+0x150>)
10002bee:	0030      	movs	r0, r6
10002bf0:	0039      	movs	r1, r7
10002bf2:	f7ff fc2b 	bl	1000244c <__wrap___aeabi_dcmpeq>
10002bf6:	2800      	cmp	r0, #0
10002bf8:	d002      	beq.n	10002c00 <__wrap_pow+0x40>
10002bfa:	4b46      	ldr	r3, [pc, #280]	@ (10002d14 <__wrap_pow+0x154>)
10002bfc:	4599      	cmp	r9, r3
10002bfe:	d06d      	beq.n	10002cdc <__wrap_pow+0x11c>
10002c00:	0d3a      	lsrs	r2, r7, #20
10002c02:	0553      	lsls	r3, r2, #21
10002c04:	0d59      	lsrs	r1, r3, #21
10002c06:	2b00      	cmp	r3, #0
10002c08:	d11d      	bne.n	10002c46 <__wrap_pow+0x86>
10002c0a:	2d00      	cmp	r5, #0
10002c0c:	db0e      	blt.n	10002c2c <__wrap_pow+0x6c>
10002c0e:	0020      	movs	r0, r4
10002c10:	0029      	movs	r1, r5
10002c12:	f7ff fd6d 	bl	100026f0 <disoddint>
10002c16:	2800      	cmp	r0, #0
10002c18:	d063      	beq.n	10002ce2 <__wrap_pow+0x122>
10002c1a:	0030      	movs	r0, r6
10002c1c:	0039      	movs	r1, r7
10002c1e:	e001      	b.n	10002c24 <__wrap_pow+0x64>
10002c20:	2000      	movs	r0, #0
10002c22:	493a      	ldr	r1, [pc, #232]	@ (10002d0c <__wrap_pow+0x14c>)
10002c24:	bcc0      	pop	{r6, r7}
10002c26:	46b9      	mov	r9, r7
10002c28:	46b0      	mov	r8, r6
10002c2a:	bdf8      	pop	{r3, r4, r5, r6, r7, pc}
10002c2c:	0020      	movs	r0, r4
10002c2e:	0029      	movs	r1, r5
10002c30:	f7ff fd5e 	bl	100026f0 <disoddint>
10002c34:	2800      	cmp	r0, #0
10002c36:	d057      	beq.n	10002ce8 <__wrap_pow+0x128>
10002c38:	0ffb      	lsrs	r3, r7, #31
10002c3a:	07db      	lsls	r3, r3, #31
10002c3c:	2000      	movs	r0, #0
10002c3e:	4a36      	ldr	r2, [pc, #216]	@ (10002d18 <__wrap_pow+0x158>)
10002c40:	431a      	orrs	r2, r3
10002c42:	0011      	movs	r1, r2
10002c44:	e7ee      	b.n	10002c24 <__wrap_pow+0x64>
10002c46:	4b33      	ldr	r3, [pc, #204]	@ (10002d14 <__wrap_pow+0x154>)
10002c48:	429a      	cmp	r2, r3
10002c4a:	d013      	beq.n	10002c74 <__wrap_pow+0xb4>
10002c4c:	4b33      	ldr	r3, [pc, #204]	@ (10002d1c <__wrap_pow+0x15c>)
10002c4e:	429a      	cmp	r2, r3
10002c50:	d015      	beq.n	10002c7e <__wrap_pow+0xbe>
10002c52:	4b30      	ldr	r3, [pc, #192]	@ (10002d14 <__wrap_pow+0x154>)
10002c54:	4598      	cmp	r8, r3
10002c56:	d027      	beq.n	10002ca8 <__wrap_pow+0xe8>
10002c58:	4b30      	ldr	r3, [pc, #192]	@ (10002d1c <__wrap_pow+0x15c>)
10002c5a:	4598      	cmp	r8, r3
10002c5c:	d02a      	beq.n	10002cb4 <__wrap_pow+0xf4>
10002c5e:	0020      	movs	r0, r4
10002c60:	0029      	movs	r1, r5
10002c62:	f7ff fd15 	bl	10002690 <disint>
10002c66:	2800      	cmp	r0, #0
10002c68:	d12a      	bne.n	10002cc0 <__wrap_pow+0x100>
10002c6a:	2f00      	cmp	r7, #0
10002c6c:	da2f      	bge.n	10002cce <__wrap_pow+0x10e>
10002c6e:	2000      	movs	r0, #0
10002c70:	4929      	ldr	r1, [pc, #164]	@ (10002d18 <__wrap_pow+0x158>)
10002c72:	e7d7      	b.n	10002c24 <__wrap_pow+0x64>
10002c74:	2d00      	cmp	r5, #0
10002c76:	da3a      	bge.n	10002cee <__wrap_pow+0x12e>
10002c78:	2000      	movs	r0, #0
10002c7a:	2100      	movs	r1, #0
10002c7c:	e7d2      	b.n	10002c24 <__wrap_pow+0x64>
10002c7e:	2d00      	cmp	r5, #0
10002c80:	db08      	blt.n	10002c94 <__wrap_pow+0xd4>
10002c82:	0020      	movs	r0, r4
10002c84:	0029      	movs	r1, r5
10002c86:	f7ff fd33 	bl	100026f0 <disoddint>
10002c8a:	2800      	cmp	r0, #0
10002c8c:	d032      	beq.n	10002cf4 <__wrap_pow+0x134>
10002c8e:	2000      	movs	r0, #0
10002c90:	4923      	ldr	r1, [pc, #140]	@ (10002d20 <__wrap_pow+0x160>)
10002c92:	e7c7      	b.n	10002c24 <__wrap_pow+0x64>
10002c94:	0020      	movs	r0, r4
10002c96:	0029      	movs	r1, r5
10002c98:	f7ff fd2a 	bl	100026f0 <disoddint>
10002c9c:	2800      	cmp	r0, #0
10002c9e:	d02c      	beq.n	10002cfa <__wrap_pow+0x13a>
10002ca0:	2000      	movs	r0, #0
10002ca2:	2180      	movs	r1, #128	@ 0x80
10002ca4:	0609      	lsls	r1, r1, #24
10002ca6:	e7bd      	b.n	10002c24 <__wrap_pow+0x64>
10002ca8:	4b1e      	ldr	r3, [pc, #120]	@ (10002d24 <__wrap_pow+0x164>)
10002caa:	4299      	cmp	r1, r3
10002cac:	dc28      	bgt.n	10002d00 <__wrap_pow+0x140>
10002cae:	2000      	movs	r0, #0
10002cb0:	2100      	movs	r1, #0
10002cb2:	e7b7      	b.n	10002c24 <__wrap_pow+0x64>
10002cb4:	4b1b      	ldr	r3, [pc, #108]	@ (10002d24 <__wrap_pow+0x164>)
10002cb6:	4299      	cmp	r1, r3
10002cb8:	dc25      	bgt.n	10002d06 <__wrap_pow+0x146>
10002cba:	2000      	movs	r0, #0
10002cbc:	4916      	ldr	r1, [pc, #88]	@ (10002d18 <__wrap_pow+0x158>)
10002cbe:	e7b1      	b.n	10002c24 <__wrap_pow+0x64>
10002cc0:	0022      	movs	r2, r4
10002cc2:	002b      	movs	r3, r5
10002cc4:	0030      	movs	r0, r6
10002cc6:	0039      	movs	r1, r7
10002cc8:	f7ff fe7a 	bl	100029c0 <dpow_0>
10002ccc:	e7aa      	b.n	10002c24 <__wrap_pow+0x64>
10002cce:	0022      	movs	r2, r4
10002cd0:	002b      	movs	r3, r5
10002cd2:	0030      	movs	r0, r6
10002cd4:	0039      	movs	r1, r7
10002cd6:	f7ff fd85 	bl	100027e4 <dpow_1>
10002cda:	e7a3      	b.n	10002c24 <__wrap_pow+0x64>
10002cdc:	2000      	movs	r0, #0
10002cde:	490b      	ldr	r1, [pc, #44]	@ (10002d0c <__wrap_pow+0x14c>)
10002ce0:	e7a0      	b.n	10002c24 <__wrap_pow+0x64>
10002ce2:	2000      	movs	r0, #0
10002ce4:	2100      	movs	r1, #0
10002ce6:	e79d      	b.n	10002c24 <__wrap_pow+0x64>
10002ce8:	2000      	movs	r0, #0
10002cea:	490b      	ldr	r1, [pc, #44]	@ (10002d18 <__wrap_pow+0x158>)
10002cec:	e79a      	b.n	10002c24 <__wrap_pow+0x64>
10002cee:	2000      	movs	r0, #0
10002cf0:	4909      	ldr	r1, [pc, #36]	@ (10002d18 <__wrap_pow+0x158>)
10002cf2:	e797      	b.n	10002c24 <__wrap_pow+0x64>
10002cf4:	2000      	movs	r0, #0
10002cf6:	4908      	ldr	r1, [pc, #32]	@ (10002d18 <__wrap_pow+0x158>)
10002cf8:	e794      	b.n	10002c24 <__wrap_pow+0x64>
10002cfa:	2000      	movs	r0, #0
10002cfc:	2100      	movs	r1, #0
10002cfe:	e791      	b.n	10002c24 <__wrap_pow+0x64>
10002d00:	2000      	movs	r0, #0
10002d02:	4905      	ldr	r1, [pc, #20]	@ (10002d18 <__wrap_pow+0x158>)
10002d04:	e78e      	b.n	10002c24 <__wrap_pow+0x64>
10002d06:	2000      	movs	r0, #0
10002d08:	2100      	movs	r1, #0
10002d0a:	e78b      	b.n	10002c24 <__wrap_pow+0x64>
10002d0c:	3ff00000 	.word	0x3ff00000
10002d10:	bff00000 	.word	0xbff00000
10002d14:	000007ff 	.word	0x000007ff
10002d18:	7ff00000 	.word	0x7ff00000
10002d1c:	00000fff 	.word	0x00000fff
10002d20:	fff00000 	.word	0xfff00000
10002d24:	000003fe 	.word	0x000003fe

10002d28 <double_table_shim_on_use_helper>:
10002d28:	b507      	push	{r0, r1, r2, lr}
10002d2a:	4660      	mov	r0, ip
10002d2c:	2800      	cmp	r0, #0
10002d2e:	d100      	bne.n	10002d32 <double_table_shim_on_use_helper+0xa>
10002d30:	be00      	bkpt	0x0000
10002d32:	8801      	ldrh	r1, [r0, #0]
10002d34:	0a0a      	lsrs	r2, r1, #8
10002d36:	3002      	adds	r0, #2
10002d38:	2adf      	cmp	r2, #223	@ 0xdf
10002d3a:	d1fa      	bne.n	10002d32 <double_table_shim_on_use_helper+0xa>
10002d3c:	b2c9      	uxtb	r1, r1
10002d3e:	0882      	lsrs	r2, r0, #2
10002d40:	d304      	bcc.n	10002d4c <double_table_shim_on_use_helper+0x24>
10002d42:	8802      	ldrh	r2, [r0, #0]
10002d44:	8840      	ldrh	r0, [r0, #2]
10002d46:	0400      	lsls	r0, r0, #16
10002d48:	4310      	orrs	r0, r2
10002d4a:	e000      	b.n	10002d4e <double_table_shim_on_use_helper+0x26>
10002d4c:	6800      	ldr	r0, [r0, #0]
10002d4e:	4a02      	ldr	r2, [pc, #8]	@ (10002d58 <double_table_shim_on_use_helper+0x30>)
10002d50:	5050      	str	r0, [r2, r1]
10002d52:	9003      	str	r0, [sp, #12]
10002d54:	bd07      	pop	{r0, r1, r2, pc}
10002d56:	0000      	.short	0x0000
10002d58:	200019cc 	.word	0x200019cc

10002d5c <drsub_shim>:
10002d5c:	b40f      	push	{r0, r1, r2, r3}
10002d5e:	bc03      	pop	{r0, r1}
10002d60:	bc0c      	pop	{r2, r3}

10002d62 <dsub_shim>:
10002d62:	b5f0      	push	{r4, r5, r6, r7, lr}
10002d64:	2401      	movs	r4, #1
10002d66:	07e4      	lsls	r4, r4, #31
10002d68:	4063      	eors	r3, r4
10002d6a:	e000      	b.n	10002d6e <da_entry>

10002d6c <dadd_shim>:
10002d6c:	b5f0      	push	{r4, r5, r6, r7, lr}

10002d6e <da_entry>:
10002d6e:	0d0c      	lsrs	r4, r1, #20
10002d70:	0fcf      	lsrs	r7, r1, #31
10002d72:	1e66      	subs	r6, r4, #1
10002d74:	0536      	lsls	r6, r6, #20
10002d76:	1b89      	subs	r1, r1, r6
10002d78:	0564      	lsls	r4, r4, #21
10002d7a:	d303      	bcc.n	10002d84 <l8_1>
10002d7c:	43c9      	mvns	r1, r1
10002d7e:	4240      	negs	r0, r0
10002d80:	d300      	bcc.n	10002d84 <l8_1>
10002d82:	3101      	adds	r1, #1

10002d84 <l8_1>:
10002d84:	0d64      	lsrs	r4, r4, #21
10002d86:	d003      	beq.n	10002d90 <l8_2>
10002d88:	1c66      	adds	r6, r4, #1
10002d8a:	0af6      	lsrs	r6, r6, #11
10002d8c:	d007      	beq.n	10002d9e <l8_3>
10002d8e:	1be4      	subs	r4, r4, r7

10002d90 <l8_2>:
10002d90:	2000      	movs	r0, #0
10002d92:	007f      	lsls	r7, r7, #1
10002d94:	1c79      	adds	r1, r7, #1
10002d96:	0789      	lsls	r1, r1, #30
10002d98:	1289      	asrs	r1, r1, #10
10002d9a:	3c80      	subs	r4, #128	@ 0x80
10002d9c:	0324      	lsls	r4, r4, #12

10002d9e <l8_3>:
10002d9e:	0d1d      	lsrs	r5, r3, #20
10002da0:	0fdf      	lsrs	r7, r3, #31
10002da2:	1e6e      	subs	r6, r5, #1
10002da4:	0536      	lsls	r6, r6, #20
10002da6:	1b9b      	subs	r3, r3, r6
10002da8:	056d      	lsls	r5, r5, #21
10002daa:	d303      	bcc.n	10002db4 <l9_1>
10002dac:	43db      	mvns	r3, r3
10002dae:	4252      	negs	r2, r2
10002db0:	d300      	bcc.n	10002db4 <l9_1>
10002db2:	3301      	adds	r3, #1

10002db4 <l9_1>:
10002db4:	0d6d      	lsrs	r5, r5, #21
10002db6:	d003      	beq.n	10002dc0 <l9_2>
10002db8:	1c6e      	adds	r6, r5, #1
10002dba:	0af6      	lsrs	r6, r6, #11
10002dbc:	d007      	beq.n	10002dce <l9_3>
10002dbe:	1bed      	subs	r5, r5, r7

10002dc0 <l9_2>:
10002dc0:	2200      	movs	r2, #0
10002dc2:	007f      	lsls	r7, r7, #1
10002dc4:	1c7b      	adds	r3, r7, #1
10002dc6:	079b      	lsls	r3, r3, #30
10002dc8:	129b      	asrs	r3, r3, #10
10002dca:	3d80      	subs	r5, #128	@ 0x80
10002dcc:	032d      	lsls	r5, r5, #12

10002dce <l9_3>:
10002dce:	1b2f      	subs	r7, r5, r4
10002dd0:	1b66      	subs	r6, r4, r5
10002dd2:	d458      	bmi.n	10002e86 <da_ygtx>
10002dd4:	46a4      	mov	ip, r4
10002dd6:	2e20      	cmp	r6, #32
10002dd8:	da46      	bge.n	10002e68 <da_xrgty>
10002dda:	3720      	adds	r7, #32
10002ddc:	0014      	movs	r4, r2
10002dde:	40bc      	lsls	r4, r7

10002de0 <da_xgty0>:
10002de0:	001d      	movs	r5, r3
10002de2:	40bd      	lsls	r5, r7
10002de4:	40f2      	lsrs	r2, r6
10002de6:	4133      	asrs	r3, r6
10002de8:	432a      	orrs	r2, r5

10002dea <da_add>:
10002dea:	1880      	adds	r0, r0, r2
10002dec:	4159      	adcs	r1, r3

10002dee <da_pack>:
10002dee:	0fcb      	lsrs	r3, r1, #31
10002df0:	d005      	beq.n	10002dfe <da_pack+0x10>
10002df2:	43c9      	mvns	r1, r1
10002df4:	43c0      	mvns	r0, r0
10002df6:	2200      	movs	r2, #0
10002df8:	4264      	negs	r4, r4
10002dfa:	4150      	adcs	r0, r2
10002dfc:	4151      	adcs	r1, r2
10002dfe:	4662      	mov	r2, ip
10002e00:	0d4d      	lsrs	r5, r1, #21
10002e02:	d128      	bne.n	10002e56 <da_0>
10002e04:	0d0d      	lsrs	r5, r1, #20
10002e06:	d107      	bne.n	10002e18 <da_1>
10002e08:	2800      	cmp	r0, #0
10002e0a:	d01f      	beq.n	10002e4c <da_5>

10002e0c <da_2>:
10002e0c:	1924      	adds	r4, r4, r4
10002e0e:	4140      	adcs	r0, r0
10002e10:	4149      	adcs	r1, r1
10002e12:	3a01      	subs	r2, #1
10002e14:	0d0d      	lsrs	r5, r1, #20
10002e16:	d0f9      	beq.n	10002e0c <da_2>

10002e18 <da_1>:
10002e18:	0064      	lsls	r4, r4, #1
10002e1a:	d306      	bcc.n	10002e2a <da_3>

10002e1c <da_4>:
10002e1c:	3001      	adds	r0, #1
10002e1e:	d300      	bcc.n	10002e22 <da_4+0x6>
10002e20:	3101      	adds	r1, #1
10002e22:	2c00      	cmp	r4, #0
10002e24:	d101      	bne.n	10002e2a <da_3>
10002e26:	0840      	lsrs	r0, r0, #1
10002e28:	0040      	lsls	r0, r0, #1

10002e2a <da_3>:
10002e2a:	3a01      	subs	r2, #1
10002e2c:	d40b      	bmi.n	10002e46 <da_6>
10002e2e:	1c94      	adds	r4, r2, #2
10002e30:	0ae4      	lsrs	r4, r4, #11
10002e32:	d104      	bne.n	10002e3e <da_7>
10002e34:	0512      	lsls	r2, r2, #20
10002e36:	4411      	add	r1, r2
10002e38:	07db      	lsls	r3, r3, #31
10002e3a:	4419      	add	r1, r3
10002e3c:	bdf0      	pop	{r4, r5, r6, r7, pc}

10002e3e <da_7>:
10002e3e:	07d9      	lsls	r1, r3, #31
10002e40:	4b20      	ldr	r3, [pc, #128]	@ (10002ec4 <da_xmgty+0x4>)
10002e42:	4319      	orrs	r1, r3
10002e44:	e000      	b.n	10002e48 <da_6+0x2>

10002e46 <da_6>:
10002e46:	07d9      	lsls	r1, r3, #31
10002e48:	2000      	movs	r0, #0
10002e4a:	bdf0      	pop	{r4, r5, r6, r7, pc}

10002e4c <da_5>:
10002e4c:	2900      	cmp	r1, #0
10002e4e:	d1dd      	bne.n	10002e0c <da_2>
10002e50:	2c00      	cmp	r4, #0
10002e52:	d1db      	bne.n	10002e0c <da_2>
10002e54:	bdf0      	pop	{r4, r5, r6, r7, pc}

10002e56 <da_0>:
10002e56:	3201      	adds	r2, #1
10002e58:	07c6      	lsls	r6, r0, #31
10002e5a:	0840      	lsrs	r0, r0, #1
10002e5c:	07cd      	lsls	r5, r1, #31
10002e5e:	4328      	orrs	r0, r5
10002e60:	0849      	lsrs	r1, r1, #1
10002e62:	2e00      	cmp	r6, #0
10002e64:	d0e1      	beq.n	10002e2a <da_3>
10002e66:	e7d9      	b.n	10002e1c <da_4>

10002e68 <da_xrgty>:
10002e68:	2e3c      	cmp	r6, #60	@ 0x3c
10002e6a:	da29      	bge.n	10002ec0 <da_xmgty>
10002e6c:	3e20      	subs	r6, #32
10002e6e:	3740      	adds	r7, #64	@ 0x40
10002e70:	0014      	movs	r4, r2
10002e72:	40bc      	lsls	r4, r7
10002e74:	d000      	beq.n	10002e78 <da_xrgty+0x10>
10002e76:	2401      	movs	r4, #1
10002e78:	40f2      	lsrs	r2, r6
10002e7a:	4314      	orrs	r4, r2
10002e7c:	001a      	movs	r2, r3
10002e7e:	40bb      	lsls	r3, r7
10002e80:	431c      	orrs	r4, r3
10002e82:	17d3      	asrs	r3, r2, #31
10002e84:	e7ac      	b.n	10002de0 <da_xgty0>

10002e86 <da_ygtx>:
10002e86:	46ac      	mov	ip, r5
10002e88:	2f20      	cmp	r7, #32
10002e8a:	da08      	bge.n	10002e9e <da_yrgtx>
10002e8c:	3620      	adds	r6, #32
10002e8e:	0004      	movs	r4, r0
10002e90:	40b4      	lsls	r4, r6

10002e92 <da_ygtx0>:
10002e92:	000d      	movs	r5, r1
10002e94:	40b5      	lsls	r5, r6
10002e96:	40f8      	lsrs	r0, r7
10002e98:	4139      	asrs	r1, r7
10002e9a:	4328      	orrs	r0, r5
10002e9c:	e7a5      	b.n	10002dea <da_add>

10002e9e <da_yrgtx>:
10002e9e:	2f3c      	cmp	r7, #60	@ 0x3c
10002ea0:	da0c      	bge.n	10002ebc <da_ymgtx>
10002ea2:	3f20      	subs	r7, #32
10002ea4:	3640      	adds	r6, #64	@ 0x40
10002ea6:	0004      	movs	r4, r0
10002ea8:	40b4      	lsls	r4, r6
10002eaa:	d000      	beq.n	10002eae <da_yrgtx+0x10>
10002eac:	2401      	movs	r4, #1
10002eae:	40f8      	lsrs	r0, r7
10002eb0:	4304      	orrs	r4, r0
10002eb2:	0008      	movs	r0, r1
10002eb4:	40b1      	lsls	r1, r6
10002eb6:	430c      	orrs	r4, r1
10002eb8:	17c1      	asrs	r1, r0, #31
10002eba:	e7ea      	b.n	10002e92 <da_ygtx0>

10002ebc <da_ymgtx>:
10002ebc:	0010      	movs	r0, r2
10002ebe:	0019      	movs	r1, r3

10002ec0 <da_xmgty>:
10002ec0:	2400      	movs	r4, #0
10002ec2:	e794      	b.n	10002dee <da_pack>
10002ec4:	7ff00000 	.word	0x7ff00000

10002ec8 <dmul_shim>:
10002ec8:	b5f0      	push	{r4, r5, r6, r7, lr}
10002eca:	0d0c      	lsrs	r4, r1, #20
10002ecc:	1e66      	subs	r6, r4, #1
10002ece:	0536      	lsls	r6, r6, #20
10002ed0:	1b89      	subs	r1, r1, r6
10002ed2:	0ae6      	lsrs	r6, r4, #11
10002ed4:	0564      	lsls	r4, r4, #21
10002ed6:	0d64      	lsrs	r4, r4, #21
10002ed8:	d002      	beq.n	10002ee0 <l12_1>
10002eda:	1c65      	adds	r5, r4, #1
10002edc:	0aed      	lsrs	r5, r5, #11
10002ede:	d004      	beq.n	10002eea <l12_2>

10002ee0 <l12_1>:
10002ee0:	2000      	movs	r0, #0
10002ee2:	2101      	movs	r1, #1
10002ee4:	0509      	lsls	r1, r1, #20
10002ee6:	3c80      	subs	r4, #128	@ 0x80
10002ee8:	0324      	lsls	r4, r4, #12

10002eea <l12_2>:
10002eea:	46a4      	mov	ip, r4
10002eec:	0d1c      	lsrs	r4, r3, #20
10002eee:	1e67      	subs	r7, r4, #1
10002ef0:	053f      	lsls	r7, r7, #20
10002ef2:	1bdb      	subs	r3, r3, r7
10002ef4:	0ae7      	lsrs	r7, r4, #11
10002ef6:	0564      	lsls	r4, r4, #21
10002ef8:	0d64      	lsrs	r4, r4, #21
10002efa:	d002      	beq.n	10002f02 <l13_1>
10002efc:	1c65      	adds	r5, r4, #1
10002efe:	0aed      	lsrs	r5, r5, #11
10002f00:	d004      	beq.n	10002f0c <l13_2>

10002f02 <l13_1>:
10002f02:	2200      	movs	r2, #0
10002f04:	2301      	movs	r3, #1
10002f06:	051b      	lsls	r3, r3, #20
10002f08:	3c80      	subs	r4, #128	@ 0x80
10002f0a:	0324      	lsls	r4, r4, #12

10002f0c <l13_2>:
10002f0c:	4077      	eors	r7, r6
10002f0e:	4464      	add	r4, ip
10002f10:	b497      	push	{r0, r1, r2, r4, r7}
10002f12:	b284      	uxth	r4, r0
10002f14:	b296      	uxth	r6, r2
10002f16:	4374      	muls	r4, r6
10002f18:	0c07      	lsrs	r7, r0, #16
10002f1a:	437e      	muls	r6, r7
10002f1c:	0c15      	lsrs	r5, r2, #16
10002f1e:	436f      	muls	r7, r5
10002f20:	b280      	uxth	r0, r0
10002f22:	4368      	muls	r0, r5
10002f24:	1836      	adds	r6, r6, r0
10002f26:	d302      	bcc.n	10002f2e <l14_1>
10002f28:	2001      	movs	r0, #1
10002f2a:	0400      	lsls	r0, r0, #16
10002f2c:	183f      	adds	r7, r7, r0

10002f2e <l14_1>:
10002f2e:	0430      	lsls	r0, r6, #16
10002f30:	0c35      	lsrs	r5, r6, #16
10002f32:	1900      	adds	r0, r0, r4
10002f34:	417d      	adcs	r5, r7
10002f36:	4684      	mov	ip, r0
10002f38:	b288      	uxth	r0, r1
10002f3a:	b29a      	uxth	r2, r3
10002f3c:	4350      	muls	r0, r2
10002f3e:	0c0c      	lsrs	r4, r1, #16
10002f40:	4362      	muls	r2, r4
10002f42:	0c1f      	lsrs	r7, r3, #16
10002f44:	437c      	muls	r4, r7
10002f46:	b28e      	uxth	r6, r1
10002f48:	437e      	muls	r6, r7
10002f4a:	1992      	adds	r2, r2, r6
10002f4c:	d302      	bcc.n	10002f54 <l15_1>
10002f4e:	2601      	movs	r6, #1
10002f50:	0436      	lsls	r6, r6, #16
10002f52:	19a4      	adds	r4, r4, r6

10002f54 <l15_1>:
10002f54:	0416      	lsls	r6, r2, #16
10002f56:	0c17      	lsrs	r7, r2, #16
10002f58:	1836      	adds	r6, r6, r0
10002f5a:	4167      	adcs	r7, r4
10002f5c:	bc01      	pop	{r0}
10002f5e:	b281      	uxth	r1, r0
10002f60:	b29a      	uxth	r2, r3
10002f62:	4351      	muls	r1, r2
10002f64:	0c04      	lsrs	r4, r0, #16
10002f66:	4362      	muls	r2, r4
10002f68:	0c1b      	lsrs	r3, r3, #16
10002f6a:	435c      	muls	r4, r3
10002f6c:	b280      	uxth	r0, r0
10002f6e:	4358      	muls	r0, r3
10002f70:	1812      	adds	r2, r2, r0
10002f72:	d302      	bcc.n	10002f7a <l16_1>
10002f74:	2001      	movs	r0, #1
10002f76:	0400      	lsls	r0, r0, #16
10002f78:	1824      	adds	r4, r4, r0

10002f7a <l16_1>:
10002f7a:	0410      	lsls	r0, r2, #16
10002f7c:	0c13      	lsrs	r3, r2, #16
10002f7e:	1840      	adds	r0, r0, r1
10002f80:	4163      	adcs	r3, r4
10002f82:	182d      	adds	r5, r5, r0
10002f84:	415e      	adcs	r6, r3
10002f86:	2000      	movs	r0, #0
10002f88:	4147      	adcs	r7, r0
10002f8a:	bc06      	pop	{r1, r2}
10002f8c:	b288      	uxth	r0, r1
10002f8e:	b293      	uxth	r3, r2
10002f90:	4358      	muls	r0, r3
10002f92:	0c0c      	lsrs	r4, r1, #16
10002f94:	4363      	muls	r3, r4
10002f96:	0c12      	lsrs	r2, r2, #16
10002f98:	4354      	muls	r4, r2
10002f9a:	b289      	uxth	r1, r1
10002f9c:	4351      	muls	r1, r2
10002f9e:	185b      	adds	r3, r3, r1
10002fa0:	d302      	bcc.n	10002fa8 <l17_1>
10002fa2:	2101      	movs	r1, #1
10002fa4:	0409      	lsls	r1, r1, #16
10002fa6:	1864      	adds	r4, r4, r1

10002fa8 <l17_1>:
10002fa8:	0419      	lsls	r1, r3, #16
10002faa:	0c1a      	lsrs	r2, r3, #16
10002fac:	1809      	adds	r1, r1, r0
10002fae:	4162      	adcs	r2, r4
10002fb0:	186d      	adds	r5, r5, r1
10002fb2:	4156      	adcs	r6, r2
10002fb4:	2000      	movs	r0, #0
10002fb6:	4147      	adcs	r7, r0
10002fb8:	bc18      	pop	{r3, r4}
10002fba:	02f9      	lsls	r1, r7, #11
10002fbc:	0d72      	lsrs	r2, r6, #21
10002fbe:	4311      	orrs	r1, r2
10002fc0:	02f0      	lsls	r0, r6, #11
10002fc2:	0d6a      	lsrs	r2, r5, #21
10002fc4:	4310      	orrs	r0, r2
10002fc6:	02ed      	lsls	r5, r5, #11
10002fc8:	0d0a      	lsrs	r2, r1, #20
10002fca:	d103      	bne.n	10002fd4 <l17_1+0x2c>
10002fcc:	196d      	adds	r5, r5, r5
10002fce:	4140      	adcs	r0, r0
10002fd0:	4149      	adcs	r1, r1
10002fd2:	3b01      	subs	r3, #1
10002fd4:	4e12      	ldr	r6, [pc, #72]	@ (10003020 <dm_1+0xa>)
10002fd6:	1b9b      	subs	r3, r3, r6
10002fd8:	0076      	lsls	r6, r6, #1
10002fda:	42b3      	cmp	r3, r6
10002fdc:	d20e      	bcs.n	10002ffc <dm_0>
10002fde:	006d      	lsls	r5, r5, #1
10002fe0:	d307      	bcc.n	10002ff2 <l17_1+0x4a>
10002fe2:	3001      	adds	r0, #1
10002fe4:	2600      	movs	r6, #0
10002fe6:	4171      	adcs	r1, r6
10002fe8:	4666      	mov	r6, ip
10002fea:	4335      	orrs	r5, r6
10002fec:	d101      	bne.n	10002ff2 <l17_1+0x4a>
10002fee:	0840      	lsrs	r0, r0, #1
10002ff0:	0040      	lsls	r0, r0, #1
10002ff2:	051b      	lsls	r3, r3, #20
10002ff4:	18c9      	adds	r1, r1, r3

10002ff6 <dm_2>:
10002ff6:	07e4      	lsls	r4, r4, #31
10002ff8:	4421      	add	r1, r4
10002ffa:	bdf0      	pop	{r4, r5, r6, r7, pc}

10002ffc <dm_0>:
10002ffc:	da0b      	bge.n	10003016 <dm_1>
10002ffe:	3301      	adds	r3, #1
10003000:	d106      	bne.n	10003010 <dm_0+0x14>
10003002:	3001      	adds	r0, #1
10003004:	d104      	bne.n	10003010 <dm_0+0x14>
10003006:	3101      	adds	r1, #1
10003008:	0d4f      	lsrs	r7, r1, #21
1000300a:	d001      	beq.n	10003010 <dm_0+0x14>
1000300c:	0849      	lsrs	r1, r1, #1
1000300e:	e7f2      	b.n	10002ff6 <dm_2>
10003010:	07e1      	lsls	r1, r4, #31
10003012:	2000      	movs	r0, #0
10003014:	bdf0      	pop	{r4, r5, r6, r7, pc}

10003016 <dm_1>:
10003016:	3601      	adds	r6, #1
10003018:	0531      	lsls	r1, r6, #20
1000301a:	2000      	movs	r0, #0
1000301c:	e7eb      	b.n	10002ff6 <dm_2>
1000301e:	0000      	.short	0x0000
10003020:	000003ff 	.word	0x000003ff

10003024 <ddiv_shim>:
10003024:	b5f0      	push	{r4, r5, r6, r7, lr}

10003026 <ddiv0>:
10003026:	0d1c      	lsrs	r4, r3, #20
10003028:	1e67      	subs	r7, r4, #1
1000302a:	053f      	lsls	r7, r7, #20
1000302c:	1bdb      	subs	r3, r3, r7
1000302e:	0ae7      	lsrs	r7, r4, #11
10003030:	0564      	lsls	r4, r4, #21
10003032:	0d64      	lsrs	r4, r4, #21
10003034:	d002      	beq.n	1000303c <l20_1>
10003036:	1c66      	adds	r6, r4, #1
10003038:	0af6      	lsrs	r6, r6, #11
1000303a:	d004      	beq.n	10003046 <l20_2>

1000303c <l20_1>:
1000303c:	2200      	movs	r2, #0
1000303e:	2301      	movs	r3, #1
10003040:	051b      	lsls	r3, r3, #20
10003042:	3c80      	subs	r4, #128	@ 0x80
10003044:	0324      	lsls	r4, r4, #12

10003046 <l20_2>:
10003046:	25d0      	movs	r5, #208	@ 0xd0
10003048:	062d      	lsls	r5, r5, #24
1000304a:	2600      	movs	r6, #0
1000304c:	43f6      	mvns	r6, r6
1000304e:	662e      	str	r6, [r5, #96]	@ 0x60
10003050:	091e      	lsrs	r6, r3, #4
10003052:	666e      	str	r6, [r5, #100]	@ 0x64
10003054:	0fce      	lsrs	r6, r1, #31
10003056:	19f6      	adds	r6, r6, r7
10003058:	46b4      	mov	ip, r6
1000305a:	0049      	lsls	r1, r1, #1
1000305c:	0d4f      	lsrs	r7, r1, #21
1000305e:	d002      	beq.n	10003066 <l20_2+0x20>
10003060:	1c7e      	adds	r6, r7, #1
10003062:	0af6      	lsrs	r6, r6, #11
10003064:	d003      	beq.n	1000306e <l20_2+0x28>
10003066:	2000      	movs	r0, #0
10003068:	2100      	movs	r1, #0
1000306a:	3f40      	subs	r7, #64	@ 0x40
1000306c:	033f      	lsls	r7, r7, #12
1000306e:	1b3e      	subs	r6, r7, r4
10003070:	00b6      	lsls	r6, r6, #2
10003072:	44b4      	add	ip, r6
10003074:	3f01      	subs	r7, #1
10003076:	057f      	lsls	r7, r7, #21
10003078:	1bc9      	subs	r1, r1, r7
1000307a:	0849      	lsrs	r1, r1, #1
1000307c:	6f2e      	ldr	r6, [r5, #112]	@ 0x70
1000307e:	3601      	adds	r6, #1
10003080:	0876      	lsrs	r6, r6, #1
10003082:	029c      	lsls	r4, r3, #10
10003084:	0d95      	lsrs	r5, r2, #22
10003086:	4325      	orrs	r5, r4
10003088:	4375      	muls	r5, r6
1000308a:	13ed      	asrs	r5, r5, #15
1000308c:	4375      	muls	r5, r6
1000308e:	13ad      	asrs	r5, r5, #14
10003090:	3501      	adds	r5, #1
10003092:	106d      	asrs	r5, r5, #1
10003094:	03f6      	lsls	r6, r6, #15
10003096:	1b76      	subs	r6, r6, r5
10003098:	b40c      	push	{r2, r3}
1000309a:	02cc      	lsls	r4, r1, #11
1000309c:	0d45      	lsrs	r5, r0, #21
1000309e:	432c      	orrs	r4, r5
100030a0:	b2a2      	uxth	r2, r4
100030a2:	b2b3      	uxth	r3, r6
100030a4:	435a      	muls	r2, r3
100030a6:	0c27      	lsrs	r7, r4, #16
100030a8:	437b      	muls	r3, r7
100030aa:	0c35      	lsrs	r5, r6, #16
100030ac:	436f      	muls	r7, r5
100030ae:	b2a4      	uxth	r4, r4
100030b0:	436c      	muls	r4, r5
100030b2:	191b      	adds	r3, r3, r4
100030b4:	d302      	bcc.n	100030bc <l21_1>
100030b6:	2401      	movs	r4, #1
100030b8:	0424      	lsls	r4, r4, #16
100030ba:	193f      	adds	r7, r7, r4

100030bc <l21_1>:
100030bc:	041c      	lsls	r4, r3, #16
100030be:	0c1d      	lsrs	r5, r3, #16
100030c0:	18a4      	adds	r4, r4, r2
100030c2:	417d      	adcs	r5, r7
100030c4:	1924      	adds	r4, r4, r4
100030c6:	416d      	adcs	r5, r5
100030c8:	9a00      	ldr	r2, [sp, #0]
100030ca:	b291      	uxth	r1, r2
100030cc:	b2ac      	uxth	r4, r5
100030ce:	4361      	muls	r1, r4
100030d0:	0c17      	lsrs	r7, r2, #16
100030d2:	437c      	muls	r4, r7
100030d4:	0c2b      	lsrs	r3, r5, #16
100030d6:	435f      	muls	r7, r3
100030d8:	b292      	uxth	r2, r2
100030da:	435a      	muls	r2, r3
100030dc:	18a4      	adds	r4, r4, r2
100030de:	d302      	bcc.n	100030e6 <l22_1>
100030e0:	2201      	movs	r2, #1
100030e2:	0412      	lsls	r2, r2, #16
100030e4:	18bf      	adds	r7, r7, r2

100030e6 <l22_1>:
100030e6:	0422      	lsls	r2, r4, #16
100030e8:	0c23      	lsrs	r3, r4, #16
100030ea:	1852      	adds	r2, r2, r1
100030ec:	417b      	adcs	r3, r7
100030ee:	9c01      	ldr	r4, [sp, #4]
100030f0:	436c      	muls	r4, r5
100030f2:	191b      	adds	r3, r3, r4
100030f4:	0e52      	lsrs	r2, r2, #25
100030f6:	01d9      	lsls	r1, r3, #7
100030f8:	430a      	orrs	r2, r1
100030fa:	0144      	lsls	r4, r0, #5
100030fc:	1aa0      	subs	r0, r4, r2
100030fe:	b281      	uxth	r1, r0
10003100:	b2b2      	uxth	r2, r6
10003102:	4351      	muls	r1, r2
10003104:	1403      	asrs	r3, r0, #16
10003106:	435a      	muls	r2, r3
10003108:	0c36      	lsrs	r6, r6, #16
1000310a:	4373      	muls	r3, r6
1000310c:	b287      	uxth	r7, r0
1000310e:	4377      	muls	r7, r6
10003110:	17d6      	asrs	r6, r2, #31
10003112:	19d2      	adds	r2, r2, r7
10003114:	2700      	movs	r7, #0
10003116:	417e      	adcs	r6, r7
10003118:	0436      	lsls	r6, r6, #16
1000311a:	199b      	adds	r3, r3, r6
1000311c:	0417      	lsls	r7, r2, #16
1000311e:	0c16      	lsrs	r6, r2, #16
10003120:	187f      	adds	r7, r7, r1
10003122:	415e      	adcs	r6, r3
10003124:	1673      	asrs	r3, r6, #25
10003126:	18ed      	adds	r5, r5, r3
10003128:	01f3      	lsls	r3, r6, #7
1000312a:	2600      	movs	r6, #0
1000312c:	3380      	adds	r3, #128	@ 0x80
1000312e:	4175      	adcs	r5, r6
10003130:	0fa9      	lsrs	r1, r5, #30
10003132:	d106      	bne.n	10003142 <dd_0>
10003134:	0064      	lsls	r4, r4, #1
10003136:	0a69      	lsrs	r1, r5, #9
10003138:	05e8      	lsls	r0, r5, #23
1000313a:	0a5b      	lsrs	r3, r3, #9
1000313c:	4318      	orrs	r0, r3
1000313e:	d209      	bcs.n	10003154 <dd_1>
10003140:	e02f      	b.n	100031a2 <dd_2>

10003142 <dd_0>:
10003142:	2204      	movs	r2, #4
10003144:	4494      	add	ip, r2
10003146:	3380      	adds	r3, #128	@ 0x80
10003148:	4175      	adcs	r5, r6
1000314a:	0aa9      	lsrs	r1, r5, #10
1000314c:	05a8      	lsls	r0, r5, #22
1000314e:	0a9b      	lsrs	r3, r3, #10
10003150:	4318      	orrs	r0, r3
10003152:	d326      	bcc.n	100031a2 <dd_2>

10003154 <dd_1>:
10003154:	4140      	adcs	r0, r0
10003156:	4149      	adcs	r1, r1
10003158:	0424      	lsls	r4, r4, #16
1000315a:	9a00      	ldr	r2, [sp, #0]
1000315c:	9b01      	ldr	r3, [sp, #4]
1000315e:	000d      	movs	r5, r1
10003160:	4355      	muls	r5, r2
10003162:	1b64      	subs	r4, r4, r5
10003164:	4343      	muls	r3, r0
10003166:	1ae4      	subs	r4, r4, r3
10003168:	b295      	uxth	r5, r2
1000316a:	b286      	uxth	r6, r0
1000316c:	4375      	muls	r5, r6
1000316e:	0c17      	lsrs	r7, r2, #16
10003170:	437e      	muls	r6, r7
10003172:	0c03      	lsrs	r3, r0, #16
10003174:	435f      	muls	r7, r3
10003176:	b292      	uxth	r2, r2
10003178:	435a      	muls	r2, r3
1000317a:	18b6      	adds	r6, r6, r2
1000317c:	d302      	bcc.n	10003184 <l24_1>
1000317e:	2201      	movs	r2, #1
10003180:	0412      	lsls	r2, r2, #16
10003182:	18bf      	adds	r7, r7, r2

10003184 <l24_1>:
10003184:	0432      	lsls	r2, r6, #16
10003186:	0c33      	lsrs	r3, r6, #16
10003188:	1952      	adds	r2, r2, r5
1000318a:	417b      	adcs	r3, r7
1000318c:	4252      	negs	r2, r2
1000318e:	419c      	sbcs	r4, r3
10003190:	2c00      	cmp	r4, #0
10003192:	d402      	bmi.n	1000319a <l24_1+0x16>
10003194:	2200      	movs	r2, #0
10003196:	3001      	adds	r0, #1
10003198:	4151      	adcs	r1, r2
1000319a:	0840      	lsrs	r0, r0, #1
1000319c:	07ca      	lsls	r2, r1, #31
1000319e:	4310      	orrs	r0, r2
100031a0:	0849      	lsrs	r1, r1, #1

100031a2 <dd_2>:
100031a2:	b002      	add	sp, #8
100031a4:	4662      	mov	r2, ip
100031a6:	07d7      	lsls	r7, r2, #31
100031a8:	1092      	asrs	r2, r2, #2
100031aa:	4b08      	ldr	r3, [pc, #32]	@ (100031cc <dd_4+0x6>)
100031ac:	18d2      	adds	r2, r2, r3
100031ae:	4b08      	ldr	r3, [pc, #32]	@ (100031d0 <dd_4+0xa>)
100031b0:	429a      	cmp	r2, r3
100031b2:	d203      	bcs.n	100031bc <dd_3>
100031b4:	0512      	lsls	r2, r2, #20
100031b6:	1889      	adds	r1, r1, r2

100031b8 <dd_5>:
100031b8:	19c9      	adds	r1, r1, r7
100031ba:	bdf0      	pop	{r4, r5, r6, r7, pc}

100031bc <dd_3>:
100031bc:	2000      	movs	r0, #0
100031be:	2a00      	cmp	r2, #0
100031c0:	dc01      	bgt.n	100031c6 <dd_4>
100031c2:	0039      	movs	r1, r7
100031c4:	bdf0      	pop	{r4, r5, r6, r7, pc}

100031c6 <dd_4>:
100031c6:	3301      	adds	r3, #1
100031c8:	0519      	lsls	r1, r3, #20
100031ca:	e7f5      	b.n	100031b8 <dd_5>
100031cc:	000003fd 	.word	0x000003fd
100031d0:	000007fe 	.word	0x000007fe

100031d4 <double2uint_shim>:
100031d4:	2200      	movs	r2, #0

100031d6 <double2ufix_shim>:
100031d6:	b500      	push	{lr}
100031d8:	3220      	adds	r2, #32
100031da:	f000 f804 	bl	100031e6 <double2ufix64_shim>
100031de:	0008      	movs	r0, r1
100031e0:	bd00      	pop	{pc}
	...

100031e4 <double2uint64_shim>:
100031e4:	2200      	movs	r2, #0

100031e6 <double2ufix64_shim>:
100031e6:	150b      	asrs	r3, r1, #20
100031e8:	d40a      	bmi.n	10003200 <ret_dzero>

100031ea <d2fix>:
100031ea:	b510      	push	{r4, lr}
100031ec:	4694      	mov	ip, r2
100031ee:	f000 f879 	bl	100032e4 <dunpacks>
100031f2:	1414      	asrs	r4, r2, #16
100031f4:	3401      	adds	r4, #1
100031f6:	da00      	bge.n	100031fa <d2fix+0x10>
100031f8:	2100      	movs	r1, #0
100031fa:	17cb      	asrs	r3, r1, #31
100031fc:	4c14      	ldr	r4, [pc, #80]	@ (10003250 <d2fix_a+0x4a>)
100031fe:	4720      	bx	r4

10003200 <ret_dzero>:
10003200:	2000      	movs	r0, #0
10003202:	2100      	movs	r1, #0
10003204:	4770      	bx	lr

10003206 <d2fix_a>:
10003206:	4462      	add	r2, ip
10003208:	3a34      	subs	r2, #52	@ 0x34
1000320a:	d40c      	bmi.n	10003226 <d2fix_a+0x20>
1000320c:	2a0c      	cmp	r2, #12
1000320e:	da07      	bge.n	10003220 <d2fix_a+0x1a>
10003210:	0004      	movs	r4, r0
10003212:	4091      	lsls	r1, r2
10003214:	4090      	lsls	r0, r2
10003216:	4252      	negs	r2, r2
10003218:	3220      	adds	r2, #32
1000321a:	40d4      	lsrs	r4, r2
1000321c:	4321      	orrs	r1, r4
1000321e:	bd10      	pop	{r4, pc}
10003220:	43d8      	mvns	r0, r3
10003222:	43d9      	mvns	r1, r3
10003224:	bd10      	pop	{r4, pc}
10003226:	3220      	adds	r2, #32
10003228:	d407      	bmi.n	1000323a <d2fix_a+0x34>
1000322a:	460c      	mov	r4, r1
1000322c:	4094      	lsls	r4, r2
1000322e:	4252      	negs	r2, r2
10003230:	3220      	adds	r2, #32
10003232:	4111      	asrs	r1, r2
10003234:	40d0      	lsrs	r0, r2
10003236:	4320      	orrs	r0, r4
10003238:	bd10      	pop	{r4, pc}
1000323a:	0008      	movs	r0, r1
1000323c:	17c9      	asrs	r1, r1, #31
1000323e:	3220      	adds	r2, #32
10003240:	d403      	bmi.n	1000324a <d2fix_a+0x44>
10003242:	4252      	negs	r2, r2
10003244:	3220      	adds	r2, #32
10003246:	4110      	asrs	r0, r2
10003248:	bd10      	pop	{r4, pc}
1000324a:	0018      	movs	r0, r3
1000324c:	0019      	movs	r1, r3
1000324e:	bd10      	pop	{r4, pc}
10003250:	10003207 	.word	0x10003207

10003254 <uint2double_shim>:
10003254:	2100      	movs	r1, #0

10003256 <ufix2double_shim>:
10003256:	000a      	movs	r2, r1
10003258:	2100      	movs	r1, #0
1000325a:	e004      	b.n	10003266 <ufix642double_shim>

1000325c <int2double_shim>:
1000325c:	2100      	movs	r1, #0

1000325e <fix2double_shim>:
1000325e:	000a      	movs	r2, r1
10003260:	17c1      	asrs	r1, r0, #31
10003262:	e004      	b.n	1000326e <fix642double_shim>

10003264 <uint642double_shim>:
10003264:	2200      	movs	r2, #0

10003266 <ufix642double_shim>:
10003266:	2300      	movs	r3, #0
10003268:	e006      	b.n	10003278 <uf2d>
1000326a:	46c0      	nop			@ (mov r8, r8)

1000326c <int642double_shim>:
1000326c:	2200      	movs	r2, #0

1000326e <fix642double_shim>:
1000326e:	17cb      	asrs	r3, r1, #31
10003270:	4058      	eors	r0, r3
10003272:	4059      	eors	r1, r3
10003274:	1ac0      	subs	r0, r0, r3
10003276:	4199      	sbcs	r1, r3

10003278 <uf2d>:
10003278:	b530      	push	{r4, r5, lr}
1000327a:	4c18      	ldr	r4, [pc, #96]	@ (100032dc <uf2d+0x64>)
1000327c:	1aa2      	subs	r2, r4, r2
1000327e:	2900      	cmp	r1, #0
10003280:	d103      	bne.n	1000328a <uf2d+0x12>
10003282:	0001      	movs	r1, r0
10003284:	d010      	beq.n	100032a8 <uf2d+0x30>
10003286:	2000      	movs	r0, #0
10003288:	3a20      	subs	r2, #32
1000328a:	154c      	asrs	r4, r1, #21
1000328c:	d112      	bne.n	100032b4 <uf2d+0x3c>
1000328e:	d204      	bcs.n	1000329a <uf2d+0x22>
10003290:	3a01      	subs	r2, #1
10003292:	1800      	adds	r0, r0, r0
10003294:	4149      	adcs	r1, r1
10003296:	0d4c      	lsrs	r4, r1, #21
10003298:	d3fa      	bcc.n	10003290 <uf2d+0x18>
1000329a:	4c11      	ldr	r4, [pc, #68]	@ (100032e0 <uf2d+0x68>)
1000329c:	42a2      	cmp	r2, r4
1000329e:	d204      	bcs.n	100032aa <uf2d+0x32>
100032a0:	0512      	lsls	r2, r2, #20
100032a2:	1889      	adds	r1, r1, r2
100032a4:	07db      	lsls	r3, r3, #31
100032a6:	18c9      	adds	r1, r1, r3
100032a8:	bd30      	pop	{r4, r5, pc}
100032aa:	43d2      	mvns	r2, r2
100032ac:	0d52      	lsrs	r2, r2, #21
100032ae:	2000      	movs	r0, #0
100032b0:	2100      	movs	r1, #0
100032b2:	e7f5      	b.n	100032a0 <uf2d+0x28>
100032b4:	d403      	bmi.n	100032be <uf2d+0x46>
100032b6:	3a01      	subs	r2, #1
100032b8:	1800      	adds	r0, r0, r0
100032ba:	4149      	adcs	r1, r1
100032bc:	d5fb      	bpl.n	100032b6 <uf2d+0x3e>
100032be:	320b      	adds	r2, #11
100032c0:	0544      	lsls	r4, r0, #21
100032c2:	0ac0      	lsrs	r0, r0, #11
100032c4:	054d      	lsls	r5, r1, #21
100032c6:	4328      	orrs	r0, r5
100032c8:	0ac9      	lsrs	r1, r1, #11
100032ca:	0064      	lsls	r4, r4, #1
100032cc:	d003      	beq.n	100032d6 <uf2d+0x5e>
100032ce:	2400      	movs	r4, #0
100032d0:	4160      	adcs	r0, r4
100032d2:	4161      	adcs	r1, r4
100032d4:	e7e1      	b.n	1000329a <uf2d+0x22>
100032d6:	d3e0      	bcc.n	1000329a <uf2d+0x22>
100032d8:	0844      	lsrs	r4, r0, #1
100032da:	e7f8      	b.n	100032ce <uf2d+0x56>
100032dc:	00000432 	.word	0x00000432
100032e0:	000007fe 	.word	0x000007fe

100032e4 <dunpacks>:
100032e4:	0d0a      	lsrs	r2, r1, #20
100032e6:	0fcc      	lsrs	r4, r1, #31
100032e8:	1e53      	subs	r3, r2, #1
100032ea:	051b      	lsls	r3, r3, #20
100032ec:	1ac9      	subs	r1, r1, r3
100032ee:	0552      	lsls	r2, r2, #21
100032f0:	d303      	bcc.n	100032fa <l60_1>
100032f2:	43c9      	mvns	r1, r1
100032f4:	4240      	negs	r0, r0
100032f6:	d300      	bcc.n	100032fa <l60_1>
100032f8:	3101      	adds	r1, #1

100032fa <l60_1>:
100032fa:	0d52      	lsrs	r2, r2, #21
100032fc:	d003      	beq.n	10003306 <l60_2>
100032fe:	1c53      	adds	r3, r2, #1
10003300:	0adb      	lsrs	r3, r3, #11
10003302:	d007      	beq.n	10003314 <l60_3>
10003304:	1b12      	subs	r2, r2, r4

10003306 <l60_2>:
10003306:	2000      	movs	r0, #0
10003308:	0064      	lsls	r4, r4, #1
1000330a:	1c61      	adds	r1, r4, #1
1000330c:	0789      	lsls	r1, r1, #30
1000330e:	1289      	asrs	r1, r1, #10
10003310:	3a80      	subs	r2, #128	@ 0x80
10003312:	0312      	lsls	r2, r2, #12

10003314 <l60_3>:
10003314:	4b01      	ldr	r3, [pc, #4]	@ (1000331c <l60_3+0x8>)
10003316:	1ad2      	subs	r2, r2, r3
10003318:	4770      	bx	lr
1000331a:	0000      	.short	0x0000
1000331c:	000003ff 	.word	0x000003ff

10003320 <dreduce>:
10003320:	3202      	adds	r2, #2
10003322:	d425      	bmi.n	10003370 <dreduce+0x50>
10003324:	2a0c      	cmp	r2, #12
10003326:	da1c      	bge.n	10003362 <dreduce+0x42>
10003328:	2511      	movs	r5, #17
1000332a:	1aad      	subs	r5, r5, r2
1000332c:	000b      	movs	r3, r1
1000332e:	412b      	asrs	r3, r5
10003330:	3208      	adds	r2, #8
10003332:	3507      	adds	r5, #7
10003334:	0006      	movs	r6, r0
10003336:	40ee      	lsrs	r6, r5
10003338:	4090      	lsls	r0, r2
1000333a:	4091      	lsls	r1, r2
1000333c:	4331      	orrs	r1, r6
1000333e:	ccf0      	ldmia	r4, {r4, r5, r6, r7}
10003340:	4363      	muls	r3, r4
10003342:	151a      	asrs	r2, r3, #20
10003344:	2300      	movs	r3, #0
10003346:	415a      	adcs	r2, r3
10003348:	4355      	muls	r5, r2
1000334a:	4356      	muls	r6, r2
1000334c:	4357      	muls	r7, r2
1000334e:	02bf      	lsls	r7, r7, #10
10003350:	12f4      	asrs	r4, r6, #11
10003352:	0576      	lsls	r6, r6, #21
10003354:	1976      	adds	r6, r6, r5
10003356:	4167      	adcs	r7, r4
10003358:	17ed      	asrs	r5, r5, #31
1000335a:	197f      	adds	r7, r7, r5
1000335c:	1b80      	subs	r0, r0, r6
1000335e:	41b9      	sbcs	r1, r7
10003360:	4770      	bx	lr
10003362:	220c      	movs	r2, #12
10003364:	2000      	movs	r0, #0
10003366:	17c9      	asrs	r1, r1, #31
10003368:	0049      	lsls	r1, r1, #1
1000336a:	3101      	adds	r1, #1
1000336c:	0509      	lsls	r1, r1, #20
1000336e:	e7db      	b.n	10003328 <dreduce+0x8>
10003370:	0209      	lsls	r1, r1, #8
10003372:	0e03      	lsrs	r3, r0, #24
10003374:	4319      	orrs	r1, r3
10003376:	0200      	lsls	r0, r0, #8
10003378:	4253      	negs	r3, r2
1000337a:	3220      	adds	r2, #32
1000337c:	d408      	bmi.n	10003390 <dreduce+0x70>
1000337e:	000c      	movs	r4, r1
10003380:	4119      	asrs	r1, r3
10003382:	4094      	lsls	r4, r2
10003384:	40d8      	lsrs	r0, r3
10003386:	4320      	orrs	r0, r4
10003388:	2200      	movs	r2, #0
1000338a:	4150      	adcs	r0, r2
1000338c:	4151      	adcs	r1, r2
1000338e:	4770      	bx	lr
10003390:	0008      	movs	r0, r1
10003392:	17c9      	asrs	r1, r1, #31
10003394:	3b20      	subs	r3, #32
10003396:	3220      	adds	r2, #32
10003398:	d5f1      	bpl.n	1000337e <dreduce+0x5e>
1000339a:	2000      	movs	r0, #0
1000339c:	2100      	movs	r1, #0
1000339e:	2200      	movs	r2, #0
100033a0:	4770      	bx	lr
	...

100033a4 <dexp_shim>:
100033a4:	b5f0      	push	{r4, r5, r6, r7, lr}
100033a6:	f7ff ff9d 	bl	100032e4 <dunpacks>
100033aa:	a454      	add	r4, pc, #336	@ (adr r4, 100034fc <dreddata1>)
100033ac:	f7ff ffb8 	bl	10003320 <dreduce>
100033b0:	2900      	cmp	r1, #0
100033b2:	da04      	bge.n	100033be <dexp_shim+0x1a>
100033b4:	4c20      	ldr	r4, [pc, #128]	@ (10003438 <dexp_shim+0x94>)
100033b6:	4d21      	ldr	r5, [pc, #132]	@ (1000343c <dexp_shim+0x98>)
100033b8:	1900      	adds	r0, r0, r4
100033ba:	4169      	adcs	r1, r5
100033bc:	3a01      	subs	r2, #1
100033be:	b404      	push	{r2}
100033c0:	2701      	movs	r7, #1
100033c2:	a652      	add	r6, pc, #328	@ (adr r6, 1000350c <dtab_exp>)
100033c4:	2200      	movs	r2, #0
100033c6:	2301      	movs	r3, #1
100033c8:	079b      	lsls	r3, r3, #30
100033ca:	ce30      	ldmia	r6!, {r4, r5}
100033cc:	46b4      	mov	ip, r6
100033ce:	1b00      	subs	r0, r0, r4
100033d0:	41a9      	sbcs	r1, r5
100033d2:	d40b      	bmi.n	100033ec <dexp_shim+0x48>
100033d4:	427e      	negs	r6, r7
100033d6:	3620      	adds	r6, #32
100033d8:	001d      	movs	r5, r3
100033da:	413d      	asrs	r5, r7
100033dc:	001c      	movs	r4, r3
100033de:	40b4      	lsls	r4, r6
100033e0:	0016      	movs	r6, r2
100033e2:	40fe      	lsrs	r6, r7
100033e4:	4334      	orrs	r4, r6
100033e6:	4162      	adcs	r2, r4
100033e8:	416b      	adcs	r3, r5
100033ea:	e001      	b.n	100033f0 <dexp_shim+0x4c>
100033ec:	1900      	adds	r0, r0, r4
100033ee:	4169      	adcs	r1, r5
100033f0:	4666      	mov	r6, ip
100033f2:	3701      	adds	r7, #1
100033f4:	2f21      	cmp	r7, #33	@ 0x21
100033f6:	d1e8      	bne.n	100033ca <dexp_shim+0x26>
100033f8:	b285      	uxth	r5, r0
100033fa:	b29e      	uxth	r6, r3
100033fc:	4375      	muls	r5, r6
100033fe:	1407      	asrs	r7, r0, #16
10003400:	437e      	muls	r6, r7
10003402:	0c19      	lsrs	r1, r3, #16
10003404:	434f      	muls	r7, r1
10003406:	b284      	uxth	r4, r0
10003408:	434c      	muls	r4, r1
1000340a:	17f1      	asrs	r1, r6, #31
1000340c:	1936      	adds	r6, r6, r4
1000340e:	2400      	movs	r4, #0
10003410:	4161      	adcs	r1, r4
10003412:	0409      	lsls	r1, r1, #16
10003414:	187f      	adds	r7, r7, r1
10003416:	0434      	lsls	r4, r6, #16
10003418:	0c31      	lsrs	r1, r6, #16
1000341a:	1964      	adds	r4, r4, r5
1000341c:	4179      	adcs	r1, r7
1000341e:	0fa4      	lsrs	r4, r4, #30
10003420:	0088      	lsls	r0, r1, #2
10003422:	4320      	orrs	r0, r4
10003424:	1789      	asrs	r1, r1, #30
10003426:	1880      	adds	r0, r0, r2
10003428:	4159      	adcs	r1, r3
1000342a:	bc04      	pop	{r2}
1000342c:	4252      	negs	r2, r2
1000342e:	323e      	adds	r2, #62	@ 0x3e
10003430:	f7ff ff1d 	bl	1000326e <fix642double_shim>
10003434:	bdf0      	pop	{r4, r5, r6, r7, pc}
10003436:	0000      	.short	0x0000
10003438:	f473de6b 	.word	0xf473de6b
1000343c:	2c5c85fd 	.word	0x2c5c85fd

10003440 <dln_shim>:
10003440:	b5f0      	push	{r4, r5, r6, r7, lr}
10003442:	004f      	lsls	r7, r1, #1
10003444:	d250      	bcs.n	100034e8 <dln_shim+0xa8>
10003446:	157f      	asrs	r7, r7, #21
10003448:	d04e      	beq.n	100034e8 <dln_shim+0xa8>
1000344a:	3701      	adds	r7, #1
1000344c:	d04f      	beq.n	100034ee <dln_shim+0xae>
1000344e:	f7ff ff49 	bl	100032e4 <dunpacks>
10003452:	b404      	push	{r2}
10003454:	0249      	lsls	r1, r1, #9
10003456:	0dc2      	lsrs	r2, r0, #23
10003458:	4311      	orrs	r1, r2
1000345a:	0240      	lsls	r0, r0, #9
1000345c:	2701      	movs	r7, #1
1000345e:	a62b      	add	r6, pc, #172	@ (adr r6, 1000350c <dtab_exp>)
10003460:	46b4      	mov	ip, r6
10003462:	2200      	movs	r2, #0
10003464:	2300      	movs	r3, #0
10003466:	427e      	negs	r6, r7
10003468:	3620      	adds	r6, #32
1000346a:	000d      	movs	r5, r1
1000346c:	413d      	asrs	r5, r7
1000346e:	000c      	movs	r4, r1
10003470:	40b4      	lsls	r4, r6
10003472:	0006      	movs	r6, r0
10003474:	40fe      	lsrs	r6, r7
10003476:	4334      	orrs	r4, r6
10003478:	4144      	adcs	r4, r0
1000347a:	414d      	adcs	r5, r1
1000347c:	0fae      	lsrs	r6, r5, #30
1000347e:	d105      	bne.n	1000348c <dln_shim+0x4c>
10003480:	0020      	movs	r0, r4
10003482:	0029      	movs	r1, r5
10003484:	4666      	mov	r6, ip
10003486:	ce30      	ldmia	r6!, {r4, r5}
10003488:	1b12      	subs	r2, r2, r4
1000348a:	41ab      	sbcs	r3, r5
1000348c:	2408      	movs	r4, #8
1000348e:	44a4      	add	ip, r4
10003490:	3701      	adds	r7, #1
10003492:	2f21      	cmp	r7, #33	@ 0x21
10003494:	d1e7      	bne.n	10003466 <dln_shim+0x26>
10003496:	0089      	lsls	r1, r1, #2
10003498:	1089      	asrs	r1, r1, #2
1000349a:	1812      	adds	r2, r2, r0
1000349c:	414b      	adcs	r3, r1
1000349e:	bc80      	pop	{r7}
100034a0:	a417      	add	r4, pc, #92	@ (adr r4, 10003500 <dreddata1_plus_4>)
100034a2:	cc13      	ldmia	r4, {r0, r1, r4}
100034a4:	3701      	adds	r7, #1
100034a6:	4378      	muls	r0, r7
100034a8:	4379      	muls	r1, r7
100034aa:	437c      	muls	r4, r7
100034ac:	054f      	lsls	r7, r1, #21
100034ae:	12c9      	asrs	r1, r1, #11
100034b0:	17cd      	asrs	r5, r1, #31
100034b2:	19c0      	adds	r0, r0, r7
100034b4:	4169      	adcs	r1, r5
100034b6:	02a7      	lsls	r7, r4, #10
100034b8:	15a4      	asrs	r4, r4, #22
100034ba:	17cd      	asrs	r5, r1, #31
100034bc:	19c9      	adds	r1, r1, r7
100034be:	416c      	adcs	r4, r5
100034c0:	17dd      	asrs	r5, r3, #31
100034c2:	1880      	adds	r0, r0, r2
100034c4:	4159      	adcs	r1, r3
100034c6:	416c      	adcs	r4, r5
100034c8:	223e      	movs	r2, #62	@ 0x3e
100034ca:	17cd      	asrs	r5, r1, #31
100034cc:	42ac      	cmp	r4, r5
100034ce:	d008      	beq.n	100034e2 <dln_shim+0xa2>
100034d0:	0900      	lsrs	r0, r0, #4
100034d2:	070e      	lsls	r6, r1, #28
100034d4:	4330      	orrs	r0, r6
100034d6:	0909      	lsrs	r1, r1, #4
100034d8:	0726      	lsls	r6, r4, #28
100034da:	4331      	orrs	r1, r6
100034dc:	1124      	asrs	r4, r4, #4
100034de:	3a04      	subs	r2, #4
100034e0:	e7f3      	b.n	100034ca <dln_shim+0x8a>
100034e2:	f7ff fec4 	bl	1000326e <fix642double_shim>
100034e6:	bdf0      	pop	{r4, r5, r6, r7, pc}
100034e8:	4902      	ldr	r1, [pc, #8]	@ (100034f4 <dln_shim+0xb4>)
100034ea:	2000      	movs	r0, #0
100034ec:	bdf0      	pop	{r4, r5, r6, r7, pc}
100034ee:	4902      	ldr	r1, [pc, #8]	@ (100034f8 <dln_shim+0xb8>)
100034f0:	2000      	movs	r0, #0
100034f2:	bdf0      	pop	{r4, r5, r6, r7, pc}
100034f4:	fff00000 	.word	0xfff00000
100034f8:	7ff00000 	.word	0x7ff00000

100034fc <dreddata1>:
100034fc:	0000b8aa 	.word	0x0000b8aa

10003500 <dreddata1_plus_4>:
10003500:	0013de6b 	.word	0x0013de6b
10003504:	000fefa3 	.word	0x000fefa3
10003508:	000b1721 	.word	0x000b1721

1000350c <dtab_exp>:
1000350c:	bf984bf3 	.word	0xbf984bf3
10003510:	19f323ec 	.word	0x19f323ec
10003514:	cd4d10d6 	.word	0xcd4d10d6
10003518:	0e47fbe3 	.word	0x0e47fbe3
1000351c:	8abcb97a 	.word	0x8abcb97a
10003520:	0789c1db 	.word	0x0789c1db
10003524:	022c54cc 	.word	0x022c54cc
10003528:	03e14618 	.word	0x03e14618
1000352c:	e7833005 	.word	0xe7833005
10003530:	01f829b0 	.word	0x01f829b0
10003534:	87e01f1e 	.word	0x87e01f1e
10003538:	00fe0545 	.word	0x00fe0545
1000353c:	ac419e24 	.word	0xac419e24
10003540:	007f80a9 	.word	0x007f80a9
10003544:	45621781 	.word	0x45621781
10003548:	003fe015 	.word	0x003fe015
1000354c:	a9ab10e6 	.word	0xa9ab10e6
10003550:	001ff802 	.word	0x001ff802
10003554:	55455888 	.word	0x55455888
10003558:	000ffe00 	.word	0x000ffe00
1000355c:	0aa9aac4 	.word	0x0aa9aac4
10003560:	0007ff80 	.word	0x0007ff80
10003564:	01554556 	.word	0x01554556
10003568:	0003ffe0 	.word	0x0003ffe0
1000356c:	002aa9ab 	.word	0x002aa9ab
10003570:	0001fff8 	.word	0x0001fff8
10003574:	00055545 	.word	0x00055545
10003578:	0000fffe 	.word	0x0000fffe
1000357c:	8000aaaa 	.word	0x8000aaaa
10003580:	00007fff 	.word	0x00007fff
10003584:	e0001555 	.word	0xe0001555
10003588:	00003fff 	.word	0x00003fff
1000358c:	f80002ab 	.word	0xf80002ab
10003590:	00001fff 	.word	0x00001fff
10003594:	fe000055 	.word	0xfe000055
10003598:	00000fff 	.word	0x00000fff
1000359c:	ff80000b 	.word	0xff80000b
100035a0:	000007ff 	.word	0x000007ff
100035a4:	ffe00001 	.word	0xffe00001
100035a8:	000003ff 	.word	0x000003ff
100035ac:	fff80000 	.word	0xfff80000
100035b0:	000001ff 	.word	0x000001ff
100035b4:	fffe0000 	.word	0xfffe0000
100035b8:	000000ff 	.word	0x000000ff
100035bc:	ffff8000 	.word	0xffff8000
100035c0:	0000007f 	.word	0x0000007f
100035c4:	ffffe000 	.word	0xffffe000
100035c8:	0000003f 	.word	0x0000003f
100035cc:	fffff800 	.word	0xfffff800
100035d0:	0000001f 	.word	0x0000001f
100035d4:	fffffe00 	.word	0xfffffe00
100035d8:	0000000f 	.word	0x0000000f
100035dc:	ffffff80 	.word	0xffffff80
100035e0:	00000007 	.word	0x00000007
100035e4:	ffffffe0 	.word	0xffffffe0
100035e8:	00000003 	.word	0x00000003
100035ec:	fffffff8 	.word	0xfffffff8
100035f0:	00000001 	.word	0x00000001
100035f4:	fffffffe 	.word	0xfffffffe
100035f8:	00000000 	.word	0x00000000
100035fc:	80000000 	.word	0x80000000
10003600:	00000000 	.word	0x00000000
10003604:	40000000 	.word	0x40000000
10003608:	00000000 	.word	0x00000000

1000360c <__wrap___aeabi_lmul>:
1000360c:	4351      	muls	r1, r2
1000360e:	4343      	muls	r3, r0
10003610:	18c9      	adds	r1, r1, r3
10003612:	468c      	mov	ip, r1
10003614:	0c11      	lsrs	r1, r2, #16
10003616:	b283      	uxth	r3, r0
10003618:	434b      	muls	r3, r1
1000361a:	b410      	push	{r4}
1000361c:	0c04      	lsrs	r4, r0, #16
1000361e:	4361      	muls	r1, r4
10003620:	b292      	uxth	r2, r2
10003622:	b280      	uxth	r0, r0
10003624:	4350      	muls	r0, r2
10003626:	4362      	muls	r2, r4
10003628:	041c      	lsls	r4, r3, #16
1000362a:	0c1b      	lsrs	r3, r3, #16
1000362c:	1900      	adds	r0, r0, r4
1000362e:	bc10      	pop	{r4}
10003630:	4159      	adcs	r1, r3
10003632:	0413      	lsls	r3, r2, #16
10003634:	0c12      	lsrs	r2, r2, #16
10003636:	18c0      	adds	r0, r0, r3
10003638:	4151      	adcs	r1, r2
1000363a:	4461      	add	r1, ip
1000363c:	4770      	bx	lr
	...

10003640 <__wrap___aeabi_frsub>:
10003640:	4048      	eors	r0, r1
10003642:	4041      	eors	r1, r0
10003644:	4048      	eors	r0, r1

10003646 <__wrap___aeabi_fsub>:
10003646:	2300      	movs	r3, #0
10003648:	469c      	mov	ip, r3
1000364a:	4b11      	ldr	r3, [pc, #68]	@ (10003690 <__wrap___aeabi_fmul+0xa>)
1000364c:	685b      	ldr	r3, [r3, #4]
1000364e:	4718      	bx	r3

10003650 <__wrap___aeabi_fadd>:
10003650:	2300      	movs	r3, #0
10003652:	469c      	mov	ip, r3
10003654:	4b0e      	ldr	r3, [pc, #56]	@ (10003690 <__wrap___aeabi_fmul+0xa>)
10003656:	681b      	ldr	r3, [r3, #0]
10003658:	4718      	bx	r3

1000365a <__wrap___aeabi_fdiv>:
1000365a:	4a0e      	ldr	r2, [pc, #56]	@ (10003694 <__wrap___aeabi_fmul+0xe>)
1000365c:	6f93      	ldr	r3, [r2, #120]	@ 0x78
1000365e:	089b      	lsrs	r3, r3, #2
10003660:	d204      	bcs.n	1000366c <fdiv_save_state>

10003662 <fdiv_shim_call>:
10003662:	2300      	movs	r3, #0
10003664:	469c      	mov	ip, r3
10003666:	4b0a      	ldr	r3, [pc, #40]	@ (10003690 <__wrap___aeabi_fmul+0xa>)
10003668:	68db      	ldr	r3, [r3, #12]
1000366a:	4718      	bx	r3

1000366c <fdiv_save_state>:
1000366c:	b5f0      	push	{r4, r5, r6, r7, lr}
1000366e:	6e14      	ldr	r4, [r2, #96]	@ 0x60
10003670:	6e55      	ldr	r5, [r2, #100]	@ 0x64
10003672:	6f57      	ldr	r7, [r2, #116]	@ 0x74
10003674:	6f16      	ldr	r6, [r2, #112]	@ 0x70
10003676:	f7ff fff4 	bl	10003662 <fdiv_shim_call>
1000367a:	4a06      	ldr	r2, [pc, #24]	@ (10003694 <__wrap___aeabi_fmul+0xe>)
1000367c:	6614      	str	r4, [r2, #96]	@ 0x60
1000367e:	6655      	str	r5, [r2, #100]	@ 0x64
10003680:	6757      	str	r7, [r2, #116]	@ 0x74
10003682:	6716      	str	r6, [r2, #112]	@ 0x70
10003684:	bdf0      	pop	{r4, r5, r6, r7, pc}

10003686 <__wrap___aeabi_fmul>:
10003686:	2300      	movs	r3, #0
10003688:	469c      	mov	ip, r3
1000368a:	4b01      	ldr	r3, [pc, #4]	@ (10003690 <__wrap___aeabi_fmul+0xa>)
1000368c:	689b      	ldr	r3, [r3, #8]
1000368e:	4718      	bx	r3
10003690:	20001ad8 	.word	0x20001ad8
10003694:	d0000000 	.word	0xd0000000

10003698 <__wrap___aeabi_i2f>:
10003698:	0fc1      	lsrs	r1, r0, #31
1000369a:	07c9      	lsls	r1, r1, #31
1000369c:	d500      	bpl.n	100036a0 <__wrap___aeabi_i2f+0x8>
1000369e:	4240      	negs	r0, r0
100036a0:	2800      	cmp	r0, #0
100036a2:	d017      	beq.n	100036d4 <__aeabi_i2f_main+0x30>

100036a4 <__aeabi_i2f_main>:
100036a4:	46f4      	mov	ip, lr
100036a6:	b403      	push	{r0, r1}
100036a8:	4b0b      	ldr	r3, [pc, #44]	@ (100036d8 <__aeabi_i2f_main+0x34>)
100036aa:	681b      	ldr	r3, [r3, #0]
100036ac:	4798      	blx	r3
100036ae:	bc06      	pop	{r1, r2}
100036b0:	4081      	lsls	r1, r0
100036b2:	389e      	subs	r0, #158	@ 0x9e
100036b4:	4240      	negs	r0, r0
100036b6:	3180      	adds	r1, #128	@ 0x80
100036b8:	d207      	bcs.n	100036ca <__aeabi_i2f_main+0x26>
100036ba:	060b      	lsls	r3, r1, #24
100036bc:	d007      	beq.n	100036ce <__aeabi_i2f_main+0x2a>
100036be:	0049      	lsls	r1, r1, #1
100036c0:	0a49      	lsrs	r1, r1, #9
100036c2:	05c0      	lsls	r0, r0, #23
100036c4:	4310      	orrs	r0, r2
100036c6:	4308      	orrs	r0, r1
100036c8:	4760      	bx	ip
100036ca:	3001      	adds	r0, #1
100036cc:	e7f8      	b.n	100036c0 <__aeabi_i2f_main+0x1c>
100036ce:	0a49      	lsrs	r1, r1, #9
100036d0:	0289      	lsls	r1, r1, #10
100036d2:	e7f5      	b.n	100036c0 <__aeabi_i2f_main+0x1c>
100036d4:	4770      	bx	lr
100036d6:	0000      	.short	0x0000
100036d8:	20001ad4 	.word	0x20001ad4

100036dc <__wrap___aeabi_f2d>:
100036dc:	4b03      	ldr	r3, [pc, #12]	@ (100036ec <__wrap___aeabi_f2d+0x10>)
100036de:	6fdb      	ldr	r3, [r3, #124]	@ 0x7c
100036e0:	46fc      	mov	ip, pc
100036e2:	4718      	bx	r3
100036e4:	3821df7c 	.word	0x3821df7c
100036e8:	00001000 	.word	0x00001000
100036ec:	20001ad8 	.word	0x20001ad8

100036f0 <__aeabi_float_init>:
100036f0:	b570      	push	{r4, r5, r6, lr}
100036f2:	2313      	movs	r3, #19
100036f4:	781e      	ldrb	r6, [r3, #0]
100036f6:	482a      	ldr	r0, [pc, #168]	@ (100037a0 <__aeabi_float_init+0xb0>)
100036f8:	f7fe fa88 	bl	10001c0c <rom_data_lookup>
100036fc:	0005      	movs	r5, r0
100036fe:	2e01      	cmp	r6, #1
10003700:	d011      	beq.n	10003726 <__aeabi_float_init+0x36>
10003702:	2e01      	cmp	r6, #1
10003704:	dd09      	ble.n	1000371a <__aeabi_float_init+0x2a>
10003706:	1eab      	subs	r3, r5, #2
10003708:	781b      	ldrb	r3, [r3, #0]
1000370a:	009b      	lsls	r3, r3, #2
1000370c:	2b7f      	cmp	r3, #127	@ 0x7f
1000370e:	dd40      	ble.n	10003792 <__aeabi_float_init+0xa2>
10003710:	4824      	ldr	r0, [pc, #144]	@ (100037a4 <__aeabi_float_init+0xb4>)
10003712:	2280      	movs	r2, #128	@ 0x80
10003714:	0029      	movs	r1, r5
10003716:	f000 f8a9 	bl	1000386c <__wrap___aeabi_memcpy>
1000371a:	4823      	ldr	r0, [pc, #140]	@ (100037a8 <__aeabi_float_init+0xb8>)
1000371c:	f7fe fa6e 	bl	10001bfc <rom_func_lookup>
10003720:	4b22      	ldr	r3, [pc, #136]	@ (100037ac <__aeabi_float_init+0xbc>)
10003722:	6018      	str	r0, [r3, #0]
10003724:	bd70      	pop	{r4, r5, r6, pc}
10003726:	481f      	ldr	r0, [pc, #124]	@ (100037a4 <__aeabi_float_init+0xb4>)
10003728:	2254      	movs	r2, #84	@ 0x54
1000372a:	0029      	movs	r1, r5
1000372c:	f000 f89e 	bl	1000386c <__wrap___aeabi_memcpy>
10003730:	4b1f      	ldr	r3, [pc, #124]	@ (100037b0 <__aeabi_float_init+0xc0>)
10003732:	881a      	ldrh	r2, [r3, #0]
10003734:	4b1f      	ldr	r3, [pc, #124]	@ (100037b4 <__aeabi_float_init+0xc4>)
10003736:	429a      	cmp	r2, r3
10003738:	d11c      	bne.n	10003774 <__aeabi_float_init+0x84>
1000373a:	23a7      	movs	r3, #167	@ 0xa7
1000373c:	019b      	lsls	r3, r3, #6
1000373e:	881a      	ldrh	r2, [r3, #0]
10003740:	4b1d      	ldr	r3, [pc, #116]	@ (100037b8 <__aeabi_float_init+0xc8>)
10003742:	429a      	cmp	r2, r3
10003744:	d116      	bne.n	10003774 <__aeabi_float_init+0x84>
10003746:	4b1d      	ldr	r3, [pc, #116]	@ (100037bc <__aeabi_float_init+0xcc>)
10003748:	881a      	ldrh	r2, [r3, #0]
1000374a:	4b1d      	ldr	r3, [pc, #116]	@ (100037c0 <__aeabi_float_init+0xd0>)
1000374c:	429a      	cmp	r2, r3
1000374e:	d111      	bne.n	10003774 <__aeabi_float_init+0x84>
10003750:	4b1c      	ldr	r3, [pc, #112]	@ (100037c4 <__aeabi_float_init+0xd4>)
10003752:	881a      	ldrh	r2, [r3, #0]
10003754:	2394      	movs	r3, #148	@ 0x94
10003756:	019b      	lsls	r3, r3, #6
10003758:	429a      	cmp	r2, r3
1000375a:	d10b      	bne.n	10003774 <__aeabi_float_init+0x84>
1000375c:	4b1a      	ldr	r3, [pc, #104]	@ (100037c8 <__aeabi_float_init+0xd8>)
1000375e:	881a      	ldrh	r2, [r3, #0]
10003760:	4b1a      	ldr	r3, [pc, #104]	@ (100037cc <__aeabi_float_init+0xdc>)
10003762:	429a      	cmp	r2, r3
10003764:	d106      	bne.n	10003774 <__aeabi_float_init+0x84>
10003766:	4b1a      	ldr	r3, [pc, #104]	@ (100037d0 <__aeabi_float_init+0xe0>)
10003768:	681a      	ldr	r2, [r3, #0]
1000376a:	4b1a      	ldr	r3, [pc, #104]	@ (100037d4 <__aeabi_float_init+0xe4>)
1000376c:	429a      	cmp	r2, r3
1000376e:	d101      	bne.n	10003774 <__aeabi_float_init+0x84>
10003770:	2315      	movs	r3, #21
10003772:	e007      	b.n	10003784 <__aeabi_float_init+0x94>
10003774:	4818      	ldr	r0, [pc, #96]	@ (100037d8 <__aeabi_float_init+0xe8>)
10003776:	f7fd f913 	bl	100009a0 <panic>
1000377a:	4c18      	ldr	r4, [pc, #96]	@ (100037dc <__aeabi_float_init+0xec>)
1000377c:	4a09      	ldr	r2, [pc, #36]	@ (100037a4 <__aeabi_float_init+0xb4>)
1000377e:	0099      	lsls	r1, r3, #2
10003780:	508c      	str	r4, [r1, r2]
10003782:	3301      	adds	r3, #1
10003784:	2b1f      	cmp	r3, #31
10003786:	d9f8      	bls.n	1000377a <__aeabi_float_init+0x8a>
10003788:	4b14      	ldr	r3, [pc, #80]	@ (100037dc <__aeabi_float_init+0xec>)
1000378a:	4a06      	ldr	r2, [pc, #24]	@ (100037a4 <__aeabi_float_init+0xb4>)
1000378c:	6213      	str	r3, [r2, #32]
1000378e:	61d3      	str	r3, [r2, #28]
10003790:	e7b7      	b.n	10003702 <__aeabi_float_init+0x12>
10003792:	4b13      	ldr	r3, [pc, #76]	@ (100037e0 <__aeabi_float_init+0xf0>)
10003794:	4a13      	ldr	r2, [pc, #76]	@ (100037e4 <__aeabi_float_init+0xf4>)
10003796:	4814      	ldr	r0, [pc, #80]	@ (100037e8 <__aeabi_float_init+0xf8>)
10003798:	2142      	movs	r1, #66	@ 0x42
1000379a:	f001 f94f 	bl	10004a3c <__assert_func>
1000379e:	46c0      	nop			@ (mov r8, r8)
100037a0:	00004653 	.word	0x00004653
100037a4:	20001ad8 	.word	0x20001ad8
100037a8:	0000334c 	.word	0x0000334c
100037ac:	20001ad4 	.word	0x20001ad4
100037b0:	000029ee 	.word	0x000029ee
100037b4:	00000fc4 	.word	0x00000fc4
100037b8:	00000dc2 	.word	0x00000dc2
100037bc:	00002b96 	.word	0x00002b96
100037c0:	0000b5c0 	.word	0x0000b5c0
100037c4:	00002b18 	.word	0x00002b18
100037c8:	00002acc 	.word	0x00002acc
100037cc:	0000b510 	.word	0x0000b510
100037d0:	00002cfc 	.word	0x00002cfc
100037d4:	6487ed51 	.word	0x6487ed51
100037d8:	1000807c 	.word	0x1000807c
100037dc:	100037ed 	.word	0x100037ed
100037e0:	10008670 	.word	0x10008670
100037e4:	10008dbc 	.word	0x10008dbc
100037e8:	100086a4 	.word	0x100086a4

100037ec <float_table_shim_on_use_helper>:
100037ec:	b507      	push	{r0, r1, r2, lr}
100037ee:	4660      	mov	r0, ip
100037f0:	2800      	cmp	r0, #0
100037f2:	d100      	bne.n	100037f6 <float_table_shim_on_use_helper+0xa>
100037f4:	be00      	bkpt	0x0000
100037f6:	8801      	ldrh	r1, [r0, #0]
100037f8:	0a0a      	lsrs	r2, r1, #8
100037fa:	3002      	adds	r0, #2
100037fc:	2adf      	cmp	r2, #223	@ 0xdf
100037fe:	d1fa      	bne.n	100037f6 <float_table_shim_on_use_helper+0xa>
10003800:	b2c9      	uxtb	r1, r1
10003802:	0882      	lsrs	r2, r0, #2
10003804:	d304      	bcc.n	10003810 <float_table_shim_on_use_helper+0x24>
10003806:	8802      	ldrh	r2, [r0, #0]
10003808:	8840      	ldrh	r0, [r0, #2]
1000380a:	0400      	lsls	r0, r0, #16
1000380c:	4310      	orrs	r0, r2
1000380e:	e000      	b.n	10003812 <float_table_shim_on_use_helper+0x26>
10003810:	6800      	ldr	r0, [r0, #0]
10003812:	4a02      	ldr	r2, [pc, #8]	@ (1000381c <float_table_shim_on_use_helper+0x30>)
10003814:	5050      	str	r0, [r2, r1]
10003816:	9003      	str	r0, [sp, #12]
10003818:	bd07      	pop	{r0, r1, r2, pc}
1000381a:	0000      	.short	0x0000
1000381c:	20001ad8 	.word	0x20001ad8

10003820 <float2double_shim>:
10003820:	0fc3      	lsrs	r3, r0, #31
10003822:	07db      	lsls	r3, r3, #31
10003824:	0041      	lsls	r1, r0, #1
10003826:	0e0a      	lsrs	r2, r1, #24
10003828:	d007      	beq.n	1000383a <float2double_shim+0x1a>
1000382a:	2aff      	cmp	r2, #255	@ 0xff
1000382c:	d008      	beq.n	10003840 <float2double_shim+0x20>
1000382e:	0909      	lsrs	r1, r1, #4
10003830:	4a05      	ldr	r2, [pc, #20]	@ (10003848 <float2double_shim+0x28>)
10003832:	1889      	adds	r1, r1, r2
10003834:	4319      	orrs	r1, r3
10003836:	0740      	lsls	r0, r0, #29
10003838:	4770      	bx	lr
1000383a:	0019      	movs	r1, r3
1000383c:	2000      	movs	r0, #0
1000383e:	4770      	bx	lr
10003840:	4902      	ldr	r1, [pc, #8]	@ (1000384c <float2double_shim+0x2c>)
10003842:	18c9      	adds	r1, r1, r3
10003844:	e7fa      	b.n	1000383c <float2double_shim+0x1c>
10003846:	0000      	.short	0x0000
10003848:	38000000 	.word	0x38000000
1000384c:	7ff00000 	.word	0x7ff00000

10003850 <__aeabi_mem_init>:
10003850:	4801      	ldr	r0, [pc, #4]	@ (10003858 <__aeabi_mem_init+0x8>)
10003852:	2104      	movs	r1, #4
10003854:	4b01      	ldr	r3, [pc, #4]	@ (1000385c <__aeabi_mem_init+0xc>)
10003856:	4718      	bx	r3
10003858:	20000c80 	.word	0x20000c80
1000385c:	10001c1d 	.word	0x10001c1d

10003860 <__wrap_memset>:
10003860:	4b01      	ldr	r3, [pc, #4]	@ (10003868 <__wrap_memset+0x8>)
10003862:	681b      	ldr	r3, [r3, #0]
10003864:	4718      	bx	r3
10003866:	0000      	.short	0x0000
10003868:	20000c80 	.word	0x20000c80

1000386c <__wrap___aeabi_memcpy>:
1000386c:	4b01      	ldr	r3, [pc, #4]	@ (10003874 <__wrap___aeabi_memcpy+0x8>)
1000386e:	685b      	ldr	r3, [r3, #4]
10003870:	4718      	bx	r3
10003872:	0000      	.short	0x0000
10003874:	20000c80 	.word	0x20000c80

10003878 <_out_null>:
10003878:	4770      	bx	lr

1000387a <_out_fct>:
1000387a:	b510      	push	{r4, lr}
1000387c:	2800      	cmp	r0, #0
1000387e:	d002      	beq.n	10003886 <_out_fct+0xc>
10003880:	680b      	ldr	r3, [r1, #0]
10003882:	6849      	ldr	r1, [r1, #4]
10003884:	4798      	blx	r3
10003886:	bd10      	pop	{r4, pc}

10003888 <_atoi>:
10003888:	0001      	movs	r1, r0
1000388a:	2000      	movs	r0, #0
1000388c:	e007      	b.n	1000389e <_atoi+0x16>
1000388e:	0083      	lsls	r3, r0, #2
10003890:	181b      	adds	r3, r3, r0
10003892:	005b      	lsls	r3, r3, #1
10003894:	1c50      	adds	r0, r2, #1
10003896:	6008      	str	r0, [r1, #0]
10003898:	7810      	ldrb	r0, [r2, #0]
1000389a:	18c0      	adds	r0, r0, r3
1000389c:	3830      	subs	r0, #48	@ 0x30
1000389e:	680a      	ldr	r2, [r1, #0]
100038a0:	7813      	ldrb	r3, [r2, #0]
100038a2:	3b30      	subs	r3, #48	@ 0x30
100038a4:	b2db      	uxtb	r3, r3
100038a6:	2b09      	cmp	r3, #9
100038a8:	d9f1      	bls.n	1000388e <_atoi+0x6>
100038aa:	4770      	bx	lr

100038ac <_out_rev>:
100038ac:	b5f0      	push	{r4, r5, r6, r7, lr}
100038ae:	46de      	mov	lr, fp
100038b0:	4657      	mov	r7, sl
100038b2:	464e      	mov	r6, r9
100038b4:	4645      	mov	r5, r8
100038b6:	b5e0      	push	{r5, r6, r7, lr}
100038b8:	b083      	sub	sp, #12
100038ba:	4693      	mov	fp, r2
100038bc:	001f      	movs	r7, r3
100038be:	9b0c      	ldr	r3, [sp, #48]	@ 0x30
100038c0:	469a      	mov	sl, r3
100038c2:	9c0d      	ldr	r4, [sp, #52]	@ 0x34
100038c4:	9b0e      	ldr	r3, [sp, #56]	@ 0x38
100038c6:	4699      	mov	r9, r3
100038c8:	9b0f      	ldr	r3, [sp, #60]	@ 0x3c
100038ca:	079b      	lsls	r3, r3, #30
100038cc:	d003      	beq.n	100038d6 <_out_rev+0x2a>
100038ce:	46b8      	mov	r8, r7
100038d0:	000f      	movs	r7, r1
100038d2:	0006      	movs	r6, r0
100038d4:	e022      	b.n	1000391c <_out_rev+0x70>
100038d6:	9201      	str	r2, [sp, #4]
100038d8:	46a3      	mov	fp, r4
100038da:	4688      	mov	r8, r1
100038dc:	464e      	mov	r6, r9
100038de:	46b9      	mov	r9, r7
100038e0:	0007      	movs	r7, r0
100038e2:	42b4      	cmp	r4, r6
100038e4:	d207      	bcs.n	100038f6 <_out_rev+0x4a>
100038e6:	1c55      	adds	r5, r2, #1
100038e8:	464b      	mov	r3, r9
100038ea:	4641      	mov	r1, r8
100038ec:	2020      	movs	r0, #32
100038ee:	47b8      	blx	r7
100038f0:	3401      	adds	r4, #1
100038f2:	002a      	movs	r2, r5
100038f4:	e7f5      	b.n	100038e2 <_out_rev+0x36>
100038f6:	003d      	movs	r5, r7
100038f8:	464f      	mov	r7, r9
100038fa:	465c      	mov	r4, fp
100038fc:	9b01      	ldr	r3, [sp, #4]
100038fe:	469b      	mov	fp, r3
10003900:	46b1      	mov	r9, r6
10003902:	4646      	mov	r6, r8
10003904:	46b8      	mov	r8, r7
10003906:	0037      	movs	r7, r6
10003908:	002e      	movs	r6, r5
1000390a:	e007      	b.n	1000391c <_out_rev+0x70>
1000390c:	3c01      	subs	r4, #1
1000390e:	1c55      	adds	r5, r2, #1
10003910:	4653      	mov	r3, sl
10003912:	5d18      	ldrb	r0, [r3, r4]
10003914:	4643      	mov	r3, r8
10003916:	0039      	movs	r1, r7
10003918:	47b0      	blx	r6
1000391a:	002a      	movs	r2, r5
1000391c:	2c00      	cmp	r4, #0
1000391e:	d1f5      	bne.n	1000390c <_out_rev+0x60>
10003920:	0035      	movs	r5, r6
10003922:	003e      	movs	r6, r7
10003924:	4647      	mov	r7, r8
10003926:	9b0f      	ldr	r3, [sp, #60]	@ 0x3c
10003928:	079b      	lsls	r3, r3, #30
1000392a:	d407      	bmi.n	1000393c <_out_rev+0x90>
1000392c:	0010      	movs	r0, r2
1000392e:	b003      	add	sp, #12
10003930:	bcf0      	pop	{r4, r5, r6, r7}
10003932:	46bb      	mov	fp, r7
10003934:	46b2      	mov	sl, r6
10003936:	46a9      	mov	r9, r5
10003938:	46a0      	mov	r8, r4
1000393a:	bdf0      	pop	{r4, r5, r6, r7, pc}
1000393c:	46b0      	mov	r8, r6
1000393e:	464e      	mov	r6, r9
10003940:	46b9      	mov	r9, r7
10003942:	002f      	movs	r7, r5
10003944:	465d      	mov	r5, fp
10003946:	1b53      	subs	r3, r2, r5
10003948:	42b3      	cmp	r3, r6
1000394a:	d2ef      	bcs.n	1000392c <_out_rev+0x80>
1000394c:	1c54      	adds	r4, r2, #1
1000394e:	464b      	mov	r3, r9
10003950:	4641      	mov	r1, r8
10003952:	2020      	movs	r0, #32
10003954:	47b8      	blx	r7
10003956:	0022      	movs	r2, r4
10003958:	e7f5      	b.n	10003946 <_out_rev+0x9a>

1000395a <_ntoa_format>:
1000395a:	b5f0      	push	{r4, r5, r6, r7, lr}
1000395c:	46ce      	mov	lr, r9
1000395e:	4647      	mov	r7, r8
10003960:	b580      	push	{r7, lr}
10003962:	b085      	sub	sp, #20
10003964:	4694      	mov	ip, r2
10003966:	4698      	mov	r8, r3
10003968:	9d0c      	ldr	r5, [sp, #48]	@ 0x30
1000396a:	9c0d      	ldr	r4, [sp, #52]	@ 0x34
1000396c:	ab0e      	add	r3, sp, #56	@ 0x38
1000396e:	781b      	ldrb	r3, [r3, #0]
10003970:	4699      	mov	r9, r3
10003972:	9a10      	ldr	r2, [sp, #64]	@ 0x40
10003974:	9b11      	ldr	r3, [sp, #68]	@ 0x44
10003976:	9e12      	ldr	r6, [sp, #72]	@ 0x48
10003978:	07b7      	lsls	r7, r6, #30
1000397a:	d41c      	bmi.n	100039b6 <_ntoa_format+0x5c>
1000397c:	2b00      	cmp	r3, #0
1000397e:	d00c      	beq.n	1000399a <_ntoa_format+0x40>
10003980:	07f7      	lsls	r7, r6, #31
10003982:	d50a      	bpl.n	1000399a <_ntoa_format+0x40>
10003984:	464f      	mov	r7, r9
10003986:	2f00      	cmp	r7, #0
10003988:	d102      	bne.n	10003990 <_ntoa_format+0x36>
1000398a:	370c      	adds	r7, #12
1000398c:	4237      	tst	r7, r6
1000398e:	d004      	beq.n	1000399a <_ntoa_format+0x40>
10003990:	3b01      	subs	r3, #1
10003992:	e002      	b.n	1000399a <_ntoa_format+0x40>
10003994:	2730      	movs	r7, #48	@ 0x30
10003996:	552f      	strb	r7, [r5, r4]
10003998:	3401      	adds	r4, #1
1000399a:	4294      	cmp	r4, r2
1000399c:	d201      	bcs.n	100039a2 <_ntoa_format+0x48>
1000399e:	2c1f      	cmp	r4, #31
100039a0:	d9f8      	bls.n	10003994 <_ntoa_format+0x3a>
100039a2:	07f7      	lsls	r7, r6, #31
100039a4:	d507      	bpl.n	100039b6 <_ntoa_format+0x5c>
100039a6:	429c      	cmp	r4, r3
100039a8:	d205      	bcs.n	100039b6 <_ntoa_format+0x5c>
100039aa:	2c1f      	cmp	r4, #31
100039ac:	d803      	bhi.n	100039b6 <_ntoa_format+0x5c>
100039ae:	2730      	movs	r7, #48	@ 0x30
100039b0:	552f      	strb	r7, [r5, r4]
100039b2:	3401      	adds	r4, #1
100039b4:	e7f5      	b.n	100039a2 <_ntoa_format+0x48>
100039b6:	06f7      	lsls	r7, r6, #27
100039b8:	d512      	bpl.n	100039e0 <_ntoa_format+0x86>
100039ba:	0577      	lsls	r7, r6, #21
100039bc:	d405      	bmi.n	100039ca <_ntoa_format+0x70>
100039be:	2c00      	cmp	r4, #0
100039c0:	d003      	beq.n	100039ca <_ntoa_format+0x70>
100039c2:	4294      	cmp	r4, r2
100039c4:	d021      	beq.n	10003a0a <_ntoa_format+0xb0>
100039c6:	429c      	cmp	r4, r3
100039c8:	d01f      	beq.n	10003a0a <_ntoa_format+0xb0>
100039ca:	9a0f      	ldr	r2, [sp, #60]	@ 0x3c
100039cc:	2a10      	cmp	r2, #16
100039ce:	d032      	beq.n	10003a36 <_ntoa_format+0xdc>
100039d0:	9a0f      	ldr	r2, [sp, #60]	@ 0x3c
100039d2:	2a02      	cmp	r2, #2
100039d4:	d037      	beq.n	10003a46 <_ntoa_format+0xec>
100039d6:	2c1f      	cmp	r4, #31
100039d8:	d80a      	bhi.n	100039f0 <_ntoa_format+0x96>
100039da:	2230      	movs	r2, #48	@ 0x30
100039dc:	552a      	strb	r2, [r5, r4]
100039de:	3401      	adds	r4, #1
100039e0:	2c1f      	cmp	r4, #31
100039e2:	d805      	bhi.n	100039f0 <_ntoa_format+0x96>
100039e4:	464a      	mov	r2, r9
100039e6:	2a00      	cmp	r2, #0
100039e8:	d033      	beq.n	10003a52 <_ntoa_format+0xf8>
100039ea:	222d      	movs	r2, #45	@ 0x2d
100039ec:	552a      	strb	r2, [r5, r4]
100039ee:	3401      	adds	r4, #1
100039f0:	9603      	str	r6, [sp, #12]
100039f2:	9302      	str	r3, [sp, #8]
100039f4:	9401      	str	r4, [sp, #4]
100039f6:	9500      	str	r5, [sp, #0]
100039f8:	4643      	mov	r3, r8
100039fa:	4662      	mov	r2, ip
100039fc:	f7ff ff56 	bl	100038ac <_out_rev>
10003a00:	b005      	add	sp, #20
10003a02:	bcc0      	pop	{r6, r7}
10003a04:	46b9      	mov	r9, r7
10003a06:	46b0      	mov	r8, r6
10003a08:	bdf0      	pop	{r4, r5, r6, r7, pc}
10003a0a:	1e62      	subs	r2, r4, #1
10003a0c:	2c01      	cmp	r4, #1
10003a0e:	d010      	beq.n	10003a32 <_ntoa_format+0xd8>
10003a10:	9f0f      	ldr	r7, [sp, #60]	@ 0x3c
10003a12:	2f10      	cmp	r7, #16
10003a14:	d00b      	beq.n	10003a2e <_ntoa_format+0xd4>
10003a16:	0014      	movs	r4, r2
10003a18:	9a0f      	ldr	r2, [sp, #60]	@ 0x3c
10003a1a:	2a10      	cmp	r2, #16
10003a1c:	d1d8      	bne.n	100039d0 <_ntoa_format+0x76>
10003a1e:	06b2      	lsls	r2, r6, #26
10003a20:	d5d6      	bpl.n	100039d0 <_ntoa_format+0x76>
10003a22:	2c1f      	cmp	r4, #31
10003a24:	d8d4      	bhi.n	100039d0 <_ntoa_format+0x76>
10003a26:	2258      	movs	r2, #88	@ 0x58
10003a28:	552a      	strb	r2, [r5, r4]
10003a2a:	3401      	adds	r4, #1
10003a2c:	e7d3      	b.n	100039d6 <_ntoa_format+0x7c>
10003a2e:	3c02      	subs	r4, #2
10003a30:	e7cb      	b.n	100039ca <_ntoa_format+0x70>
10003a32:	0014      	movs	r4, r2
10003a34:	e7c9      	b.n	100039ca <_ntoa_format+0x70>
10003a36:	06b2      	lsls	r2, r6, #26
10003a38:	d4ee      	bmi.n	10003a18 <_ntoa_format+0xbe>
10003a3a:	2c1f      	cmp	r4, #31
10003a3c:	d8ec      	bhi.n	10003a18 <_ntoa_format+0xbe>
10003a3e:	2278      	movs	r2, #120	@ 0x78
10003a40:	552a      	strb	r2, [r5, r4]
10003a42:	3401      	adds	r4, #1
10003a44:	e7c7      	b.n	100039d6 <_ntoa_format+0x7c>
10003a46:	2c1f      	cmp	r4, #31
10003a48:	d8d2      	bhi.n	100039f0 <_ntoa_format+0x96>
10003a4a:	3260      	adds	r2, #96	@ 0x60
10003a4c:	552a      	strb	r2, [r5, r4]
10003a4e:	3401      	adds	r4, #1
10003a50:	e7c1      	b.n	100039d6 <_ntoa_format+0x7c>
10003a52:	0772      	lsls	r2, r6, #29
10003a54:	d503      	bpl.n	10003a5e <_ntoa_format+0x104>
10003a56:	222b      	movs	r2, #43	@ 0x2b
10003a58:	552a      	strb	r2, [r5, r4]
10003a5a:	3401      	adds	r4, #1
10003a5c:	e7c8      	b.n	100039f0 <_ntoa_format+0x96>
10003a5e:	0732      	lsls	r2, r6, #28
10003a60:	d5c6      	bpl.n	100039f0 <_ntoa_format+0x96>
10003a62:	2220      	movs	r2, #32
10003a64:	552a      	strb	r2, [r5, r4]
10003a66:	3401      	adds	r4, #1
10003a68:	e7c2      	b.n	100039f0 <_ntoa_format+0x96>

10003a6a <_ntoa_long>:
10003a6a:	b5f0      	push	{r4, r5, r6, r7, lr}
10003a6c:	46de      	mov	lr, fp
10003a6e:	4657      	mov	r7, sl
10003a70:	464e      	mov	r6, r9
10003a72:	4645      	mov	r5, r8
10003a74:	b5e0      	push	{r5, r6, r7, lr}
10003a76:	b093      	sub	sp, #76	@ 0x4c
10003a78:	4681      	mov	r9, r0
10003a7a:	468a      	mov	sl, r1
10003a7c:	9208      	str	r2, [sp, #32]
10003a7e:	9309      	str	r3, [sp, #36]	@ 0x24
10003a80:	ab1c      	add	r3, sp, #112	@ 0x70
10003a82:	cb10      	ldmia	r3!, {r4}
10003a84:	781b      	ldrb	r3, [r3, #0]
10003a86:	469b      	mov	fp, r3
10003a88:	9d1e      	ldr	r5, [sp, #120]	@ 0x78
10003a8a:	9b21      	ldr	r3, [sp, #132]	@ 0x84
10003a8c:	4698      	mov	r8, r3
10003a8e:	2c00      	cmp	r4, #0
10003a90:	d103      	bne.n	10003a9a <_ntoa_long+0x30>
10003a92:	2310      	movs	r3, #16
10003a94:	4642      	mov	r2, r8
10003a96:	439a      	bics	r2, r3
10003a98:	4690      	mov	r8, r2
10003a9a:	2380      	movs	r3, #128	@ 0x80
10003a9c:	00db      	lsls	r3, r3, #3
10003a9e:	4646      	mov	r6, r8
10003aa0:	401e      	ands	r6, r3
10003aa2:	4642      	mov	r2, r8
10003aa4:	421a      	tst	r2, r3
10003aa6:	d012      	beq.n	10003ace <_ntoa_long+0x64>
10003aa8:	2c00      	cmp	r4, #0
10003aaa:	d022      	beq.n	10003af2 <_ntoa_long+0x88>
10003aac:	2600      	movs	r6, #0
10003aae:	e00e      	b.n	10003ace <_ntoa_long+0x64>
10003ab0:	3330      	adds	r3, #48	@ 0x30
10003ab2:	b2d9      	uxtb	r1, r3
10003ab4:	1c77      	adds	r7, r6, #1
10003ab6:	ab0a      	add	r3, sp, #40	@ 0x28
10003ab8:	5599      	strb	r1, [r3, r6]
10003aba:	0029      	movs	r1, r5
10003abc:	0020      	movs	r0, r4
10003abe:	f7fe fa17 	bl	10001ef0 <__wrap___aeabi_uidiv>
10003ac2:	42ac      	cmp	r4, r5
10003ac4:	d316      	bcc.n	10003af4 <_ntoa_long+0x8a>
10003ac6:	2f1f      	cmp	r7, #31
10003ac8:	d814      	bhi.n	10003af4 <_ntoa_long+0x8a>
10003aca:	003e      	movs	r6, r7
10003acc:	0004      	movs	r4, r0
10003ace:	0029      	movs	r1, r5
10003ad0:	0020      	movs	r0, r4
10003ad2:	f7fe fa0d 	bl	10001ef0 <__wrap___aeabi_uidiv>
10003ad6:	b2cb      	uxtb	r3, r1
10003ad8:	2b09      	cmp	r3, #9
10003ada:	d9e9      	bls.n	10003ab0 <_ntoa_long+0x46>
10003adc:	4642      	mov	r2, r8
10003ade:	0692      	lsls	r2, r2, #26
10003ae0:	d505      	bpl.n	10003aee <_ntoa_long+0x84>
10003ae2:	2141      	movs	r1, #65	@ 0x41
10003ae4:	18c9      	adds	r1, r1, r3
10003ae6:	b2c9      	uxtb	r1, r1
10003ae8:	390a      	subs	r1, #10
10003aea:	b2c9      	uxtb	r1, r1
10003aec:	e7e2      	b.n	10003ab4 <_ntoa_long+0x4a>
10003aee:	2161      	movs	r1, #97	@ 0x61
10003af0:	e7f8      	b.n	10003ae4 <_ntoa_long+0x7a>
10003af2:	0027      	movs	r7, r4
10003af4:	4643      	mov	r3, r8
10003af6:	9306      	str	r3, [sp, #24]
10003af8:	9b20      	ldr	r3, [sp, #128]	@ 0x80
10003afa:	9305      	str	r3, [sp, #20]
10003afc:	9b1f      	ldr	r3, [sp, #124]	@ 0x7c
10003afe:	9304      	str	r3, [sp, #16]
10003b00:	9503      	str	r5, [sp, #12]
10003b02:	465b      	mov	r3, fp
10003b04:	9302      	str	r3, [sp, #8]
10003b06:	9701      	str	r7, [sp, #4]
10003b08:	ab0a      	add	r3, sp, #40	@ 0x28
10003b0a:	9300      	str	r3, [sp, #0]
10003b0c:	9b09      	ldr	r3, [sp, #36]	@ 0x24
10003b0e:	9a08      	ldr	r2, [sp, #32]
10003b10:	4651      	mov	r1, sl
10003b12:	4648      	mov	r0, r9
10003b14:	f7ff ff21 	bl	1000395a <_ntoa_format>
10003b18:	b013      	add	sp, #76	@ 0x4c
10003b1a:	bcf0      	pop	{r4, r5, r6, r7}
10003b1c:	46bb      	mov	fp, r7
10003b1e:	46b2      	mov	sl, r6
10003b20:	46a9      	mov	r9, r5
10003b22:	46a0      	mov	r8, r4
10003b24:	bdf0      	pop	{r4, r5, r6, r7, pc}

10003b26 <_ntoa_long_long>:
10003b26:	b5f0      	push	{r4, r5, r6, r7, lr}
10003b28:	46de      	mov	lr, fp
10003b2a:	4657      	mov	r7, sl
10003b2c:	464e      	mov	r6, r9
10003b2e:	4645      	mov	r5, r8
10003b30:	b5e0      	push	{r5, r6, r7, lr}
10003b32:	b097      	sub	sp, #92	@ 0x5c
10003b34:	900a      	str	r0, [sp, #40]	@ 0x28
10003b36:	910b      	str	r1, [sp, #44]	@ 0x2c
10003b38:	920c      	str	r2, [sp, #48]	@ 0x30
10003b3a:	469a      	mov	sl, r3
10003b3c:	9b20      	ldr	r3, [sp, #128]	@ 0x80
10003b3e:	4699      	mov	r9, r3
10003b40:	9f21      	ldr	r7, [sp, #132]	@ 0x84
10003b42:	aa22      	add	r2, sp, #136	@ 0x88
10003b44:	7813      	ldrb	r3, [r2, #0]
10003b46:	469b      	mov	fp, r3
10003b48:	9b24      	ldr	r3, [sp, #144]	@ 0x90
10003b4a:	9309      	str	r3, [sp, #36]	@ 0x24
10003b4c:	9c25      	ldr	r4, [sp, #148]	@ 0x94
10003b4e:	9b28      	ldr	r3, [sp, #160]	@ 0xa0
10003b50:	4698      	mov	r8, r3
10003b52:	464a      	mov	r2, r9
10003b54:	433a      	orrs	r2, r7
10003b56:	d102      	bne.n	10003b5e <_ntoa_long_long+0x38>
10003b58:	3210      	adds	r2, #16
10003b5a:	4393      	bics	r3, r2
10003b5c:	4698      	mov	r8, r3
10003b5e:	2280      	movs	r2, #128	@ 0x80
10003b60:	00d2      	lsls	r2, r2, #3
10003b62:	4645      	mov	r5, r8
10003b64:	4015      	ands	r5, r2
10003b66:	4643      	mov	r3, r8
10003b68:	4213      	tst	r3, r2
10003b6a:	d00a      	beq.n	10003b82 <_ntoa_long_long+0x5c>
10003b6c:	464a      	mov	r2, r9
10003b6e:	433a      	orrs	r2, r7
10003b70:	d041      	beq.n	10003bf6 <_ntoa_long_long+0xd0>
10003b72:	2500      	movs	r5, #0
10003b74:	002e      	movs	r6, r5
10003b76:	4653      	mov	r3, sl
10003b78:	930d      	str	r3, [sp, #52]	@ 0x34
10003b7a:	464d      	mov	r5, r9
10003b7c:	9b09      	ldr	r3, [sp, #36]	@ 0x24
10003b7e:	469a      	mov	sl, r3
10003b80:	e01b      	b.n	10003bba <_ntoa_long_long+0x94>
10003b82:	002e      	movs	r6, r5
10003b84:	4653      	mov	r3, sl
10003b86:	930d      	str	r3, [sp, #52]	@ 0x34
10003b88:	464d      	mov	r5, r9
10003b8a:	9b09      	ldr	r3, [sp, #36]	@ 0x24
10003b8c:	469a      	mov	sl, r3
10003b8e:	e014      	b.n	10003bba <_ntoa_long_long+0x94>
10003b90:	3330      	adds	r3, #48	@ 0x30
10003b92:	b2da      	uxtb	r2, r3
10003b94:	1c73      	adds	r3, r6, #1
10003b96:	4699      	mov	r9, r3
10003b98:	ab0e      	add	r3, sp, #56	@ 0x38
10003b9a:	559a      	strb	r2, [r3, r6]
10003b9c:	4652      	mov	r2, sl
10003b9e:	0023      	movs	r3, r4
10003ba0:	0028      	movs	r0, r5
10003ba2:	0039      	movs	r1, r7
10003ba4:	f7fe f9e2 	bl	10001f6c <__wrap___aeabi_uldivmod>
10003ba8:	42bc      	cmp	r4, r7
10003baa:	d826      	bhi.n	10003bfa <_ntoa_long_long+0xd4>
10003bac:	d019      	beq.n	10003be2 <_ntoa_long_long+0xbc>
10003bae:	464b      	mov	r3, r9
10003bb0:	2b1f      	cmp	r3, #31
10003bb2:	d81c      	bhi.n	10003bee <_ntoa_long_long+0xc8>
10003bb4:	464e      	mov	r6, r9
10003bb6:	0005      	movs	r5, r0
10003bb8:	000f      	movs	r7, r1
10003bba:	4652      	mov	r2, sl
10003bbc:	0023      	movs	r3, r4
10003bbe:	0028      	movs	r0, r5
10003bc0:	0039      	movs	r1, r7
10003bc2:	f7fe f9d3 	bl	10001f6c <__wrap___aeabi_uldivmod>
10003bc6:	b2d3      	uxtb	r3, r2
10003bc8:	2b09      	cmp	r3, #9
10003bca:	d9e1      	bls.n	10003b90 <_ntoa_long_long+0x6a>
10003bcc:	4642      	mov	r2, r8
10003bce:	0692      	lsls	r2, r2, #26
10003bd0:	d505      	bpl.n	10003bde <_ntoa_long_long+0xb8>
10003bd2:	2241      	movs	r2, #65	@ 0x41
10003bd4:	18d2      	adds	r2, r2, r3
10003bd6:	b2d2      	uxtb	r2, r2
10003bd8:	3a0a      	subs	r2, #10
10003bda:	b2d2      	uxtb	r2, r2
10003bdc:	e7da      	b.n	10003b94 <_ntoa_long_long+0x6e>
10003bde:	2261      	movs	r2, #97	@ 0x61
10003be0:	e7f8      	b.n	10003bd4 <_ntoa_long_long+0xae>
10003be2:	45aa      	cmp	sl, r5
10003be4:	d9e3      	bls.n	10003bae <_ntoa_long_long+0x88>
10003be6:	464e      	mov	r6, r9
10003be8:	9b0d      	ldr	r3, [sp, #52]	@ 0x34
10003bea:	469a      	mov	sl, r3
10003bec:	e008      	b.n	10003c00 <_ntoa_long_long+0xda>
10003bee:	464e      	mov	r6, r9
10003bf0:	9b0d      	ldr	r3, [sp, #52]	@ 0x34
10003bf2:	469a      	mov	sl, r3
10003bf4:	e004      	b.n	10003c00 <_ntoa_long_long+0xda>
10003bf6:	2600      	movs	r6, #0
10003bf8:	e002      	b.n	10003c00 <_ntoa_long_long+0xda>
10003bfa:	464e      	mov	r6, r9
10003bfc:	9b0d      	ldr	r3, [sp, #52]	@ 0x34
10003bfe:	469a      	mov	sl, r3
10003c00:	4643      	mov	r3, r8
10003c02:	9306      	str	r3, [sp, #24]
10003c04:	9b27      	ldr	r3, [sp, #156]	@ 0x9c
10003c06:	9305      	str	r3, [sp, #20]
10003c08:	9b26      	ldr	r3, [sp, #152]	@ 0x98
10003c0a:	9304      	str	r3, [sp, #16]
10003c0c:	9b09      	ldr	r3, [sp, #36]	@ 0x24
10003c0e:	9303      	str	r3, [sp, #12]
10003c10:	465b      	mov	r3, fp
10003c12:	9302      	str	r3, [sp, #8]
10003c14:	9601      	str	r6, [sp, #4]
10003c16:	ab0e      	add	r3, sp, #56	@ 0x38
10003c18:	9300      	str	r3, [sp, #0]
10003c1a:	4653      	mov	r3, sl
10003c1c:	9a0c      	ldr	r2, [sp, #48]	@ 0x30
10003c1e:	990b      	ldr	r1, [sp, #44]	@ 0x2c
10003c20:	980a      	ldr	r0, [sp, #40]	@ 0x28
10003c22:	f7ff fe9a 	bl	1000395a <_ntoa_format>
10003c26:	b017      	add	sp, #92	@ 0x5c
10003c28:	bcf0      	pop	{r4, r5, r6, r7}
10003c2a:	46bb      	mov	fp, r7
10003c2c:	46b2      	mov	sl, r6
10003c2e:	46a9      	mov	r9, r5
10003c30:	46a0      	mov	r8, r4
10003c32:	bdf0      	pop	{r4, r5, r6, r7, pc}

10003c34 <_etoa>:
10003c34:	b5f0      	push	{r4, r5, r6, r7, lr}
10003c36:	46de      	mov	lr, fp
10003c38:	4657      	mov	r7, sl
10003c3a:	464e      	mov	r6, r9
10003c3c:	4645      	mov	r5, r8
10003c3e:	b5e0      	push	{r5, r6, r7, lr}
10003c40:	b091      	sub	sp, #68	@ 0x44
10003c42:	4680      	mov	r8, r0
10003c44:	4689      	mov	r9, r1
10003c46:	920c      	str	r2, [sp, #48]	@ 0x30
10003c48:	469a      	mov	sl, r3
10003c4a:	9c1a      	ldr	r4, [sp, #104]	@ 0x68
10003c4c:	9d1b      	ldr	r5, [sp, #108]	@ 0x6c
10003c4e:	0022      	movs	r2, r4
10003c50:	002b      	movs	r3, r5
10003c52:	0020      	movs	r0, r4
10003c54:	0029      	movs	r1, r5
10003c56:	f7fe fc1c 	bl	10002492 <__wrap___aeabi_dcmpun>
10003c5a:	2800      	cmp	r0, #0
10003c5c:	d000      	beq.n	10003c60 <_etoa+0x2c>
10003c5e:	e0ec      	b.n	10003e3a <_etoa+0x206>
10003c60:	2201      	movs	r2, #1
10003c62:	4252      	negs	r2, r2
10003c64:	4bd4      	ldr	r3, [pc, #848]	@ (10003fb8 <_etoa+0x384>)
10003c66:	0020      	movs	r0, r4
10003c68:	0029      	movs	r1, r5
10003c6a:	f7fe fc0d 	bl	10002488 <__wrap___aeabi_dcmpgt>
10003c6e:	2800      	cmp	r0, #0
10003c70:	d000      	beq.n	10003c74 <_etoa+0x40>
10003c72:	e0e2      	b.n	10003e3a <_etoa+0x206>
10003c74:	2201      	movs	r2, #1
10003c76:	4252      	negs	r2, r2
10003c78:	4bd0      	ldr	r3, [pc, #832]	@ (10003fbc <_etoa+0x388>)
10003c7a:	0020      	movs	r0, r4
10003c7c:	0029      	movs	r1, r5
10003c7e:	f7fe fbed 	bl	1000245c <__wrap___aeabi_dcmplt>
10003c82:	2800      	cmp	r0, #0
10003c84:	d000      	beq.n	10003c88 <_etoa+0x54>
10003c86:	e0d8      	b.n	10003e3a <_etoa+0x206>
10003c88:	2200      	movs	r2, #0
10003c8a:	2300      	movs	r3, #0
10003c8c:	0020      	movs	r0, r4
10003c8e:	0029      	movs	r1, r5
10003c90:	f7fe fbe4 	bl	1000245c <__wrap___aeabi_dcmplt>
10003c94:	2800      	cmp	r0, #0
10003c96:	d000      	beq.n	10003c9a <_etoa+0x66>
10003c98:	e0e4      	b.n	10003e64 <_etoa+0x230>
10003c9a:	9406      	str	r4, [sp, #24]
10003c9c:	9507      	str	r5, [sp, #28]
10003c9e:	2380      	movs	r3, #128	@ 0x80
10003ca0:	00db      	lsls	r3, r3, #3
10003ca2:	9a1e      	ldr	r2, [sp, #120]	@ 0x78
10003ca4:	401a      	ands	r2, r3
10003ca6:	920d      	str	r2, [sp, #52]	@ 0x34
10003ca8:	9a1e      	ldr	r2, [sp, #120]	@ 0x78
10003caa:	421a      	tst	r2, r3
10003cac:	d101      	bne.n	10003cb2 <_etoa+0x7e>
10003cae:	2306      	movs	r3, #6
10003cb0:	931c      	str	r3, [sp, #112]	@ 0x70
10003cb2:	9806      	ldr	r0, [sp, #24]
10003cb4:	9907      	ldr	r1, [sp, #28]
10003cb6:	0002      	movs	r2, r0
10003cb8:	000b      	movs	r3, r1
10003cba:	9208      	str	r2, [sp, #32]
10003cbc:	9309      	str	r3, [sp, #36]	@ 0x24
10003cbe:	0003      	movs	r3, r0
10003cc0:	000a      	movs	r2, r1
10003cc2:	4302      	orrs	r2, r0
10003cc4:	d100      	bne.n	10003cc8 <_etoa+0x94>
10003cc6:	e0d9      	b.n	10003e7c <_etoa+0x248>
10003cc8:	0d08      	lsrs	r0, r1, #20
10003cca:	0540      	lsls	r0, r0, #21
10003ccc:	0d40      	lsrs	r0, r0, #21
10003cce:	4ebc      	ldr	r6, [pc, #752]	@ (10003fc0 <_etoa+0x38c>)
10003cd0:	46b4      	mov	ip, r6
10003cd2:	4460      	add	r0, ip
10003cd4:	030a      	lsls	r2, r1, #12
10003cd6:	0b12      	lsrs	r2, r2, #12
10003cd8:	001e      	movs	r6, r3
10003cda:	4bba      	ldr	r3, [pc, #744]	@ (10003fc4 <_etoa+0x390>)
10003cdc:	4313      	orrs	r3, r2
10003cde:	001f      	movs	r7, r3
10003ce0:	f7fe fbe8 	bl	100024b4 <__wrap___aeabi_i2d>
10003ce4:	4ab8      	ldr	r2, [pc, #736]	@ (10003fc8 <_etoa+0x394>)
10003ce6:	4bb9      	ldr	r3, [pc, #740]	@ (10003fcc <_etoa+0x398>)
10003ce8:	f7fe fb6d 	bl	100023c6 <__wrap___aeabi_dmul>
10003cec:	4ab8      	ldr	r2, [pc, #736]	@ (10003fd0 <_etoa+0x39c>)
10003cee:	4bb9      	ldr	r3, [pc, #740]	@ (10003fd4 <_etoa+0x3a0>)
10003cf0:	f7fe fb42 	bl	10002378 <__wrap___aeabi_dadd>
10003cf4:	9008      	str	r0, [sp, #32]
10003cf6:	9109      	str	r1, [sp, #36]	@ 0x24
10003cf8:	2200      	movs	r2, #0
10003cfa:	4bb7      	ldr	r3, [pc, #732]	@ (10003fd8 <_etoa+0x3a4>)
10003cfc:	0030      	movs	r0, r6
10003cfe:	0039      	movs	r1, r7
10003d00:	f7fe fb31 	bl	10002366 <__wrap___aeabi_dsub>
10003d04:	4ab5      	ldr	r2, [pc, #724]	@ (10003fdc <_etoa+0x3a8>)
10003d06:	4bb6      	ldr	r3, [pc, #728]	@ (10003fe0 <_etoa+0x3ac>)
10003d08:	f7fe fb5d 	bl	100023c6 <__wrap___aeabi_dmul>
10003d0c:	0002      	movs	r2, r0
10003d0e:	000b      	movs	r3, r1
10003d10:	9808      	ldr	r0, [sp, #32]
10003d12:	9909      	ldr	r1, [sp, #36]	@ 0x24
10003d14:	f7fe fb30 	bl	10002378 <__wrap___aeabi_dadd>
10003d18:	f7fe fbe4 	bl	100024e4 <__wrap___aeabi_d2iz>
10003d1c:	4683      	mov	fp, r0
10003d1e:	f7fe fbc9 	bl	100024b4 <__wrap___aeabi_i2d>
10003d22:	0006      	movs	r6, r0
10003d24:	000f      	movs	r7, r1
10003d26:	4aaf      	ldr	r2, [pc, #700]	@ (10003fe4 <_etoa+0x3b0>)
10003d28:	4baf      	ldr	r3, [pc, #700]	@ (10003fe8 <_etoa+0x3b4>)
10003d2a:	f7fe fb4c 	bl	100023c6 <__wrap___aeabi_dmul>
10003d2e:	2200      	movs	r2, #0
10003d30:	4bae      	ldr	r3, [pc, #696]	@ (10003fec <_etoa+0x3b8>)
10003d32:	f7fe fb21 	bl	10002378 <__wrap___aeabi_dadd>
10003d36:	f7fe fbd5 	bl	100024e4 <__wrap___aeabi_d2iz>
10003d3a:	9008      	str	r0, [sp, #32]
10003d3c:	4aac      	ldr	r2, [pc, #688]	@ (10003ff0 <_etoa+0x3bc>)
10003d3e:	4bad      	ldr	r3, [pc, #692]	@ (10003ff4 <_etoa+0x3c0>)
10003d40:	0030      	movs	r0, r6
10003d42:	0039      	movs	r1, r7
10003d44:	f7fe fb3f 	bl	100023c6 <__wrap___aeabi_dmul>
10003d48:	0006      	movs	r6, r0
10003d4a:	000f      	movs	r7, r1
10003d4c:	9808      	ldr	r0, [sp, #32]
10003d4e:	f7fe fbb1 	bl	100024b4 <__wrap___aeabi_i2d>
10003d52:	4aa9      	ldr	r2, [pc, #676]	@ (10003ff8 <_etoa+0x3c4>)
10003d54:	4ba9      	ldr	r3, [pc, #676]	@ (10003ffc <_etoa+0x3c8>)
10003d56:	f7fe fb36 	bl	100023c6 <__wrap___aeabi_dmul>
10003d5a:	0002      	movs	r2, r0
10003d5c:	000b      	movs	r3, r1
10003d5e:	0030      	movs	r0, r6
10003d60:	0039      	movs	r1, r7
10003d62:	f7fe fb00 	bl	10002366 <__wrap___aeabi_dsub>
10003d66:	0006      	movs	r6, r0
10003d68:	000f      	movs	r7, r1
10003d6a:	0002      	movs	r2, r0
10003d6c:	000b      	movs	r3, r1
10003d6e:	f7fe fb2a 	bl	100023c6 <__wrap___aeabi_dmul>
10003d72:	900a      	str	r0, [sp, #40]	@ 0x28
10003d74:	910b      	str	r1, [sp, #44]	@ 0x2c
10003d76:	9b08      	ldr	r3, [sp, #32]
10003d78:	4aa1      	ldr	r2, [pc, #644]	@ (10004000 <_etoa+0x3cc>)
10003d7a:	4694      	mov	ip, r2
10003d7c:	4463      	add	r3, ip
10003d7e:	2100      	movs	r1, #0
10003d80:	2200      	movs	r2, #0
10003d82:	9108      	str	r1, [sp, #32]
10003d84:	9209      	str	r2, [sp, #36]	@ 0x24
10003d86:	051b      	lsls	r3, r3, #20
10003d88:	9309      	str	r3, [sp, #36]	@ 0x24
10003d8a:	2300      	movs	r3, #0
10003d8c:	9308      	str	r3, [sp, #32]
10003d8e:	0032      	movs	r2, r6
10003d90:	003b      	movs	r3, r7
10003d92:	0030      	movs	r0, r6
10003d94:	0039      	movs	r1, r7
10003d96:	f7fe faef 	bl	10002378 <__wrap___aeabi_dadd>
10003d9a:	900e      	str	r0, [sp, #56]	@ 0x38
10003d9c:	910f      	str	r1, [sp, #60]	@ 0x3c
10003d9e:	0032      	movs	r2, r6
10003da0:	003b      	movs	r3, r7
10003da2:	2000      	movs	r0, #0
10003da4:	2180      	movs	r1, #128	@ 0x80
10003da6:	05c9      	lsls	r1, r1, #23
10003da8:	f7fe fadd 	bl	10002366 <__wrap___aeabi_dsub>
10003dac:	0006      	movs	r6, r0
10003dae:	000f      	movs	r7, r1
10003db0:	2200      	movs	r2, #0
10003db2:	4b94      	ldr	r3, [pc, #592]	@ (10004004 <_etoa+0x3d0>)
10003db4:	980a      	ldr	r0, [sp, #40]	@ 0x28
10003db6:	990b      	ldr	r1, [sp, #44]	@ 0x2c
10003db8:	f7fe fae7 	bl	1000238a <__wrap___aeabi_ddiv>
10003dbc:	2200      	movs	r2, #0
10003dbe:	4b92      	ldr	r3, [pc, #584]	@ (10004008 <_etoa+0x3d4>)
10003dc0:	f7fe fada 	bl	10002378 <__wrap___aeabi_dadd>
10003dc4:	0002      	movs	r2, r0
10003dc6:	000b      	movs	r3, r1
10003dc8:	980a      	ldr	r0, [sp, #40]	@ 0x28
10003dca:	990b      	ldr	r1, [sp, #44]	@ 0x2c
10003dcc:	f7fe fadd 	bl	1000238a <__wrap___aeabi_ddiv>
10003dd0:	2200      	movs	r2, #0
10003dd2:	4b8e      	ldr	r3, [pc, #568]	@ (1000400c <_etoa+0x3d8>)
10003dd4:	f7fe fad0 	bl	10002378 <__wrap___aeabi_dadd>
10003dd8:	0002      	movs	r2, r0
10003dda:	000b      	movs	r3, r1
10003ddc:	980a      	ldr	r0, [sp, #40]	@ 0x28
10003dde:	990b      	ldr	r1, [sp, #44]	@ 0x2c
10003de0:	f7fe fad3 	bl	1000238a <__wrap___aeabi_ddiv>
10003de4:	0002      	movs	r2, r0
10003de6:	000b      	movs	r3, r1
10003de8:	0030      	movs	r0, r6
10003dea:	0039      	movs	r1, r7
10003dec:	f7fe fac4 	bl	10002378 <__wrap___aeabi_dadd>
10003df0:	0002      	movs	r2, r0
10003df2:	000b      	movs	r3, r1
10003df4:	980e      	ldr	r0, [sp, #56]	@ 0x38
10003df6:	990f      	ldr	r1, [sp, #60]	@ 0x3c
10003df8:	f7fe fac7 	bl	1000238a <__wrap___aeabi_ddiv>
10003dfc:	2200      	movs	r2, #0
10003dfe:	4b71      	ldr	r3, [pc, #452]	@ (10003fc4 <_etoa+0x390>)
10003e00:	f7fe faba 	bl	10002378 <__wrap___aeabi_dadd>
10003e04:	9a08      	ldr	r2, [sp, #32]
10003e06:	9b09      	ldr	r3, [sp, #36]	@ 0x24
10003e08:	f7fe fadd 	bl	100023c6 <__wrap___aeabi_dmul>
10003e0c:	0006      	movs	r6, r0
10003e0e:	000f      	movs	r7, r1
10003e10:	9608      	str	r6, [sp, #32]
10003e12:	9709      	str	r7, [sp, #36]	@ 0x24
10003e14:	9a06      	ldr	r2, [sp, #24]
10003e16:	9b07      	ldr	r3, [sp, #28]
10003e18:	f7fe fb36 	bl	10002488 <__wrap___aeabi_dcmpgt>
10003e1c:	2800      	cmp	r0, #0
10003e1e:	d02f      	beq.n	10003e80 <_etoa+0x24c>
10003e20:	2301      	movs	r3, #1
10003e22:	425b      	negs	r3, r3
10003e24:	469c      	mov	ip, r3
10003e26:	44e3      	add	fp, ip
10003e28:	2200      	movs	r2, #0
10003e2a:	4b77      	ldr	r3, [pc, #476]	@ (10004008 <_etoa+0x3d4>)
10003e2c:	0030      	movs	r0, r6
10003e2e:	0039      	movs	r1, r7
10003e30:	f7fe faab 	bl	1000238a <__wrap___aeabi_ddiv>
10003e34:	9008      	str	r0, [sp, #32]
10003e36:	9109      	str	r1, [sp, #36]	@ 0x24
10003e38:	e022      	b.n	10003e80 <_etoa+0x24c>
10003e3a:	9b1e      	ldr	r3, [sp, #120]	@ 0x78
10003e3c:	9304      	str	r3, [sp, #16]
10003e3e:	9b1d      	ldr	r3, [sp, #116]	@ 0x74
10003e40:	9303      	str	r3, [sp, #12]
10003e42:	9b1c      	ldr	r3, [sp, #112]	@ 0x70
10003e44:	9302      	str	r3, [sp, #8]
10003e46:	9400      	str	r4, [sp, #0]
10003e48:	9501      	str	r5, [sp, #4]
10003e4a:	4653      	mov	r3, sl
10003e4c:	9a0c      	ldr	r2, [sp, #48]	@ 0x30
10003e4e:	4649      	mov	r1, r9
10003e50:	4640      	mov	r0, r8
10003e52:	f000 f8ff 	bl	10004054 <_ftoa>
10003e56:	b011      	add	sp, #68	@ 0x44
10003e58:	bcf0      	pop	{r4, r5, r6, r7}
10003e5a:	46bb      	mov	fp, r7
10003e5c:	46b2      	mov	sl, r6
10003e5e:	46a9      	mov	r9, r5
10003e60:	46a0      	mov	r8, r4
10003e62:	bdf0      	pop	{r4, r5, r6, r7, pc}
10003e64:	2100      	movs	r1, #0
10003e66:	2200      	movs	r2, #0
10003e68:	9106      	str	r1, [sp, #24]
10003e6a:	9207      	str	r2, [sp, #28]
10003e6c:	9406      	str	r4, [sp, #24]
10003e6e:	2380      	movs	r3, #128	@ 0x80
10003e70:	061b      	lsls	r3, r3, #24
10003e72:	469c      	mov	ip, r3
10003e74:	44ac      	add	ip, r5
10003e76:	4663      	mov	r3, ip
10003e78:	9307      	str	r3, [sp, #28]
10003e7a:	e710      	b.n	10003c9e <_etoa+0x6a>
10003e7c:	2300      	movs	r3, #0
10003e7e:	469b      	mov	fp, r3
10003e80:	465b      	mov	r3, fp
10003e82:	3363      	adds	r3, #99	@ 0x63
10003e84:	2bc6      	cmp	r3, #198	@ 0xc6
10003e86:	d820      	bhi.n	10003eca <_etoa+0x296>
10003e88:	2604      	movs	r6, #4
10003e8a:	9b1e      	ldr	r3, [sp, #120]	@ 0x78
10003e8c:	051b      	lsls	r3, r3, #20
10003e8e:	d528      	bpl.n	10003ee2 <_etoa+0x2ae>
10003e90:	9a08      	ldr	r2, [sp, #32]
10003e92:	9b09      	ldr	r3, [sp, #36]	@ 0x24
10003e94:	0019      	movs	r1, r3
10003e96:	4311      	orrs	r1, r2
10003e98:	d00f      	beq.n	10003eba <_etoa+0x286>
10003e9a:	4a5d      	ldr	r2, [pc, #372]	@ (10004010 <_etoa+0x3dc>)
10003e9c:	4b5d      	ldr	r3, [pc, #372]	@ (10004014 <_etoa+0x3e0>)
10003e9e:	9806      	ldr	r0, [sp, #24]
10003ea0:	9907      	ldr	r1, [sp, #28]
10003ea2:	f7fe fae9 	bl	10002478 <__wrap___aeabi_dcmpge>
10003ea6:	2800      	cmp	r0, #0
10003ea8:	d07a      	beq.n	10003fa0 <_etoa+0x36c>
10003eaa:	2200      	movs	r2, #0
10003eac:	4b5a      	ldr	r3, [pc, #360]	@ (10004018 <_etoa+0x3e4>)
10003eae:	9806      	ldr	r0, [sp, #24]
10003eb0:	9907      	ldr	r1, [sp, #28]
10003eb2:	f7fe fad3 	bl	1000245c <__wrap___aeabi_dcmplt>
10003eb6:	2800      	cmp	r0, #0
10003eb8:	d072      	beq.n	10003fa0 <_etoa+0x36c>
10003eba:	9b1c      	ldr	r3, [sp, #112]	@ 0x70
10003ebc:	455b      	cmp	r3, fp
10003ebe:	dd06      	ble.n	10003ece <_etoa+0x29a>
10003ec0:	465a      	mov	r2, fp
10003ec2:	1a9b      	subs	r3, r3, r2
10003ec4:	3b01      	subs	r3, #1
10003ec6:	931c      	str	r3, [sp, #112]	@ 0x70
10003ec8:	e003      	b.n	10003ed2 <_etoa+0x29e>
10003eca:	2605      	movs	r6, #5
10003ecc:	e7dd      	b.n	10003e8a <_etoa+0x256>
10003ece:	2300      	movs	r3, #0
10003ed0:	931c      	str	r3, [sp, #112]	@ 0x70
10003ed2:	2380      	movs	r3, #128	@ 0x80
10003ed4:	00db      	lsls	r3, r3, #3
10003ed6:	9a1e      	ldr	r2, [sp, #120]	@ 0x78
10003ed8:	431a      	orrs	r2, r3
10003eda:	921e      	str	r2, [sp, #120]	@ 0x78
10003edc:	2600      	movs	r6, #0
10003ede:	2300      	movs	r3, #0
10003ee0:	469b      	mov	fp, r3
10003ee2:	9b1d      	ldr	r3, [sp, #116]	@ 0x74
10003ee4:	429e      	cmp	r6, r3
10003ee6:	d265      	bcs.n	10003fb4 <_etoa+0x380>
10003ee8:	1b9f      	subs	r7, r3, r6
10003eea:	2302      	movs	r3, #2
10003eec:	9a1e      	ldr	r2, [sp, #120]	@ 0x78
10003eee:	401a      	ands	r2, r3
10003ef0:	920a      	str	r2, [sp, #40]	@ 0x28
10003ef2:	9a1e      	ldr	r2, [sp, #120]	@ 0x78
10003ef4:	4213      	tst	r3, r2
10003ef6:	d002      	beq.n	10003efe <_etoa+0x2ca>
10003ef8:	2e00      	cmp	r6, #0
10003efa:	d000      	beq.n	10003efe <_etoa+0x2ca>
10003efc:	2700      	movs	r7, #0
10003efe:	465b      	mov	r3, fp
10003f00:	2b00      	cmp	r3, #0
10003f02:	d007      	beq.n	10003f14 <_etoa+0x2e0>
10003f04:	9a08      	ldr	r2, [sp, #32]
10003f06:	9b09      	ldr	r3, [sp, #36]	@ 0x24
10003f08:	9806      	ldr	r0, [sp, #24]
10003f0a:	9907      	ldr	r1, [sp, #28]
10003f0c:	f7fe fa3d 	bl	1000238a <__wrap___aeabi_ddiv>
10003f10:	9006      	str	r0, [sp, #24]
10003f12:	9107      	str	r1, [sp, #28]
10003f14:	2200      	movs	r2, #0
10003f16:	2300      	movs	r3, #0
10003f18:	0020      	movs	r0, r4
10003f1a:	0029      	movs	r1, r5
10003f1c:	f7fe fa9e 	bl	1000245c <__wrap___aeabi_dcmplt>
10003f20:	2800      	cmp	r0, #0
10003f22:	d000      	beq.n	10003f26 <_etoa+0x2f2>
10003f24:	e07c      	b.n	10004020 <_etoa+0x3ec>
10003f26:	4b3d      	ldr	r3, [pc, #244]	@ (1000401c <_etoa+0x3e8>)
10003f28:	9a1e      	ldr	r2, [sp, #120]	@ 0x78
10003f2a:	4013      	ands	r3, r2
10003f2c:	9304      	str	r3, [sp, #16]
10003f2e:	9703      	str	r7, [sp, #12]
10003f30:	9b1c      	ldr	r3, [sp, #112]	@ 0x70
10003f32:	9302      	str	r3, [sp, #8]
10003f34:	9b06      	ldr	r3, [sp, #24]
10003f36:	9c07      	ldr	r4, [sp, #28]
10003f38:	9300      	str	r3, [sp, #0]
10003f3a:	9401      	str	r4, [sp, #4]
10003f3c:	4653      	mov	r3, sl
10003f3e:	9a0c      	ldr	r2, [sp, #48]	@ 0x30
10003f40:	4649      	mov	r1, r9
10003f42:	4640      	mov	r0, r8
10003f44:	f000 f886 	bl	10004054 <_ftoa>
10003f48:	2e00      	cmp	r6, #0
10003f4a:	d100      	bne.n	10003f4e <_etoa+0x31a>
10003f4c:	e783      	b.n	10003e56 <_etoa+0x222>
10003f4e:	9b1e      	ldr	r3, [sp, #120]	@ 0x78
10003f50:	069b      	lsls	r3, r3, #26
10003f52:	d571      	bpl.n	10004038 <_etoa+0x404>
10003f54:	2545      	movs	r5, #69	@ 0x45
10003f56:	1c44      	adds	r4, r0, #1
10003f58:	4653      	mov	r3, sl
10003f5a:	0002      	movs	r2, r0
10003f5c:	4649      	mov	r1, r9
10003f5e:	0028      	movs	r0, r5
10003f60:	47c0      	blx	r8
10003f62:	465a      	mov	r2, fp
10003f64:	17d3      	asrs	r3, r2, #31
10003f66:	18d2      	adds	r2, r2, r3
10003f68:	405a      	eors	r2, r3
10003f6a:	2305      	movs	r3, #5
10003f6c:	9305      	str	r3, [sp, #20]
10003f6e:	3e01      	subs	r6, #1
10003f70:	9604      	str	r6, [sp, #16]
10003f72:	2300      	movs	r3, #0
10003f74:	9303      	str	r3, [sp, #12]
10003f76:	330a      	adds	r3, #10
10003f78:	9302      	str	r3, [sp, #8]
10003f7a:	465b      	mov	r3, fp
10003f7c:	0fdb      	lsrs	r3, r3, #31
10003f7e:	9301      	str	r3, [sp, #4]
10003f80:	9200      	str	r2, [sp, #0]
10003f82:	4653      	mov	r3, sl
10003f84:	0022      	movs	r2, r4
10003f86:	4649      	mov	r1, r9
10003f88:	4640      	mov	r0, r8
10003f8a:	f7ff fd6e 	bl	10003a6a <_ntoa_long>
10003f8e:	9b0a      	ldr	r3, [sp, #40]	@ 0x28
10003f90:	2b00      	cmp	r3, #0
10003f92:	d100      	bne.n	10003f96 <_etoa+0x362>
10003f94:	e75f      	b.n	10003e56 <_etoa+0x222>
10003f96:	0002      	movs	r2, r0
10003f98:	4647      	mov	r7, r8
10003f9a:	9e0c      	ldr	r6, [sp, #48]	@ 0x30
10003f9c:	9d1d      	ldr	r5, [sp, #116]	@ 0x74
10003f9e:	e053      	b.n	10004048 <_etoa+0x414>
10003fa0:	9b1c      	ldr	r3, [sp, #112]	@ 0x70
10003fa2:	2b00      	cmp	r3, #0
10003fa4:	d09d      	beq.n	10003ee2 <_etoa+0x2ae>
10003fa6:	9b0d      	ldr	r3, [sp, #52]	@ 0x34
10003fa8:	2b00      	cmp	r3, #0
10003faa:	d09a      	beq.n	10003ee2 <_etoa+0x2ae>
10003fac:	9b1c      	ldr	r3, [sp, #112]	@ 0x70
10003fae:	3b01      	subs	r3, #1
10003fb0:	931c      	str	r3, [sp, #112]	@ 0x70
10003fb2:	e796      	b.n	10003ee2 <_etoa+0x2ae>
10003fb4:	2700      	movs	r7, #0
10003fb6:	e798      	b.n	10003eea <_etoa+0x2b6>
10003fb8:	7fefffff 	.word	0x7fefffff
10003fbc:	ffefffff 	.word	0xffefffff
10003fc0:	fffffc01 	.word	0xfffffc01
10003fc4:	3ff00000 	.word	0x3ff00000
10003fc8:	509f79fb 	.word	0x509f79fb
10003fcc:	3fd34413 	.word	0x3fd34413
10003fd0:	8b60c8b3 	.word	0x8b60c8b3
10003fd4:	3fc68a28 	.word	0x3fc68a28
10003fd8:	3ff80000 	.word	0x3ff80000
10003fdc:	636f4361 	.word	0x636f4361
10003fe0:	3fd287a7 	.word	0x3fd287a7
10003fe4:	0979a371 	.word	0x0979a371
10003fe8:	400a934f 	.word	0x400a934f
10003fec:	3fe00000 	.word	0x3fe00000
10003ff0:	bbb55516 	.word	0xbbb55516
10003ff4:	40026bb1 	.word	0x40026bb1
10003ff8:	fefa39ef 	.word	0xfefa39ef
10003ffc:	3fe62e42 	.word	0x3fe62e42
10004000:	000003ff 	.word	0x000003ff
10004004:	402c0000 	.word	0x402c0000
10004008:	40240000 	.word	0x40240000
1000400c:	40180000 	.word	0x40180000
10004010:	eb1c432d 	.word	0xeb1c432d
10004014:	3f1a36e2 	.word	0x3f1a36e2
10004018:	412e8480 	.word	0x412e8480
1000401c:	fffff7ff 	.word	0xfffff7ff
10004020:	9c06      	ldr	r4, [sp, #24]
10004022:	9d07      	ldr	r5, [sp, #28]
10004024:	0022      	movs	r2, r4
10004026:	0029      	movs	r1, r5
10004028:	2080      	movs	r0, #128	@ 0x80
1000402a:	0600      	lsls	r0, r0, #24
1000402c:	4684      	mov	ip, r0
1000402e:	4461      	add	r1, ip
10004030:	000b      	movs	r3, r1
10004032:	9206      	str	r2, [sp, #24]
10004034:	9307      	str	r3, [sp, #28]
10004036:	e776      	b.n	10003f26 <_etoa+0x2f2>
10004038:	2565      	movs	r5, #101	@ 0x65
1000403a:	e78c      	b.n	10003f56 <_etoa+0x322>
1000403c:	1c54      	adds	r4, r2, #1
1000403e:	4653      	mov	r3, sl
10004040:	4649      	mov	r1, r9
10004042:	2020      	movs	r0, #32
10004044:	47b8      	blx	r7
10004046:	0022      	movs	r2, r4
10004048:	1b93      	subs	r3, r2, r6
1000404a:	42ab      	cmp	r3, r5
1000404c:	d3f6      	bcc.n	1000403c <_etoa+0x408>
1000404e:	0010      	movs	r0, r2
10004050:	e701      	b.n	10003e56 <_etoa+0x222>
10004052:	46c0      	nop			@ (mov r8, r8)

10004054 <_ftoa>:
10004054:	b5f0      	push	{r4, r5, r6, r7, lr}
10004056:	46de      	mov	lr, fp
10004058:	4657      	mov	r7, sl
1000405a:	464e      	mov	r6, r9
1000405c:	4645      	mov	r5, r8
1000405e:	b5e0      	push	{r5, r6, r7, lr}
10004060:	b095      	sub	sp, #84	@ 0x54
10004062:	9006      	str	r0, [sp, #24]
10004064:	9107      	str	r1, [sp, #28]
10004066:	4693      	mov	fp, r2
10004068:	4699      	mov	r9, r3
1000406a:	9f20      	ldr	r7, [sp, #128]	@ 0x80
1000406c:	9a1e      	ldr	r2, [sp, #120]	@ 0x78
1000406e:	9b1f      	ldr	r3, [sp, #124]	@ 0x7c
10004070:	0010      	movs	r0, r2
10004072:	0019      	movs	r1, r3
10004074:	f7fe fa0d 	bl	10002492 <__wrap___aeabi_dcmpun>
10004078:	2800      	cmp	r0, #0
1000407a:	d131      	bne.n	100040e0 <_ftoa+0x8c>
1000407c:	2201      	movs	r2, #1
1000407e:	4252      	negs	r2, r2
10004080:	4bbf      	ldr	r3, [pc, #764]	@ (10004380 <_ftoa+0x32c>)
10004082:	981e      	ldr	r0, [sp, #120]	@ 0x78
10004084:	991f      	ldr	r1, [sp, #124]	@ 0x7c
10004086:	f7fe f9e9 	bl	1000245c <__wrap___aeabi_dcmplt>
1000408a:	2800      	cmp	r0, #0
1000408c:	d137      	bne.n	100040fe <_ftoa+0xaa>
1000408e:	2201      	movs	r2, #1
10004090:	4252      	negs	r2, r2
10004092:	4bbc      	ldr	r3, [pc, #752]	@ (10004384 <_ftoa+0x330>)
10004094:	981e      	ldr	r0, [sp, #120]	@ 0x78
10004096:	991f      	ldr	r1, [sp, #124]	@ 0x7c
10004098:	f7fe f9f6 	bl	10002488 <__wrap___aeabi_dcmpgt>
1000409c:	2800      	cmp	r0, #0
1000409e:	d13d      	bne.n	1000411c <_ftoa+0xc8>
100040a0:	2200      	movs	r2, #0
100040a2:	4bb9      	ldr	r3, [pc, #740]	@ (10004388 <_ftoa+0x334>)
100040a4:	981e      	ldr	r0, [sp, #120]	@ 0x78
100040a6:	991f      	ldr	r1, [sp, #124]	@ 0x7c
100040a8:	f7fe f9ee 	bl	10002488 <__wrap___aeabi_dcmpgt>
100040ac:	2800      	cmp	r0, #0
100040ae:	d150      	bne.n	10004152 <_ftoa+0xfe>
100040b0:	2200      	movs	r2, #0
100040b2:	4bb6      	ldr	r3, [pc, #728]	@ (1000438c <_ftoa+0x338>)
100040b4:	981e      	ldr	r0, [sp, #120]	@ 0x78
100040b6:	991f      	ldr	r1, [sp, #124]	@ 0x7c
100040b8:	f7fe f9d0 	bl	1000245c <__wrap___aeabi_dcmplt>
100040bc:	2800      	cmp	r0, #0
100040be:	d148      	bne.n	10004152 <_ftoa+0xfe>
100040c0:	2200      	movs	r2, #0
100040c2:	2300      	movs	r3, #0
100040c4:	981e      	ldr	r0, [sp, #120]	@ 0x78
100040c6:	991f      	ldr	r1, [sp, #124]	@ 0x7c
100040c8:	f7fe f9c8 	bl	1000245c <__wrap___aeabi_dcmplt>
100040cc:	2800      	cmp	r0, #0
100040ce:	d150      	bne.n	10004172 <_ftoa+0x11e>
100040d0:	2300      	movs	r3, #0
100040d2:	4698      	mov	r8, r3
100040d4:	9b22      	ldr	r3, [sp, #136]	@ 0x88
100040d6:	055b      	lsls	r3, r3, #21
100040d8:	d400      	bmi.n	100040dc <_ftoa+0x88>
100040da:	e0b6      	b.n	1000424a <_ftoa+0x1f6>
100040dc:	2400      	movs	r4, #0
100040de:	e058      	b.n	10004192 <_ftoa+0x13e>
100040e0:	9b22      	ldr	r3, [sp, #136]	@ 0x88
100040e2:	9303      	str	r3, [sp, #12]
100040e4:	9b21      	ldr	r3, [sp, #132]	@ 0x84
100040e6:	9302      	str	r3, [sp, #8]
100040e8:	2303      	movs	r3, #3
100040ea:	9301      	str	r3, [sp, #4]
100040ec:	4ba8      	ldr	r3, [pc, #672]	@ (10004390 <_ftoa+0x33c>)
100040ee:	9300      	str	r3, [sp, #0]
100040f0:	464b      	mov	r3, r9
100040f2:	465a      	mov	r2, fp
100040f4:	9907      	ldr	r1, [sp, #28]
100040f6:	9806      	ldr	r0, [sp, #24]
100040f8:	f7ff fbd8 	bl	100038ac <_out_rev>
100040fc:	e10e      	b.n	1000431c <_ftoa+0x2c8>
100040fe:	9b22      	ldr	r3, [sp, #136]	@ 0x88
10004100:	9303      	str	r3, [sp, #12]
10004102:	9b21      	ldr	r3, [sp, #132]	@ 0x84
10004104:	9302      	str	r3, [sp, #8]
10004106:	2304      	movs	r3, #4
10004108:	9301      	str	r3, [sp, #4]
1000410a:	4ba2      	ldr	r3, [pc, #648]	@ (10004394 <_ftoa+0x340>)
1000410c:	9300      	str	r3, [sp, #0]
1000410e:	464b      	mov	r3, r9
10004110:	465a      	mov	r2, fp
10004112:	9907      	ldr	r1, [sp, #28]
10004114:	9806      	ldr	r0, [sp, #24]
10004116:	f7ff fbc9 	bl	100038ac <_out_rev>
1000411a:	e0ff      	b.n	1000431c <_ftoa+0x2c8>
1000411c:	2304      	movs	r3, #4
1000411e:	9a22      	ldr	r2, [sp, #136]	@ 0x88
10004120:	401a      	ands	r2, r3
10004122:	9922      	ldr	r1, [sp, #136]	@ 0x88
10004124:	420b      	tst	r3, r1
10004126:	d010      	beq.n	1000414a <_ftoa+0xf6>
10004128:	4b9b      	ldr	r3, [pc, #620]	@ (10004398 <_ftoa+0x344>)
1000412a:	2a00      	cmp	r2, #0
1000412c:	d00f      	beq.n	1000414e <_ftoa+0xfa>
1000412e:	2204      	movs	r2, #4
10004130:	9922      	ldr	r1, [sp, #136]	@ 0x88
10004132:	9103      	str	r1, [sp, #12]
10004134:	9921      	ldr	r1, [sp, #132]	@ 0x84
10004136:	9102      	str	r1, [sp, #8]
10004138:	9201      	str	r2, [sp, #4]
1000413a:	9300      	str	r3, [sp, #0]
1000413c:	464b      	mov	r3, r9
1000413e:	465a      	mov	r2, fp
10004140:	9907      	ldr	r1, [sp, #28]
10004142:	9806      	ldr	r0, [sp, #24]
10004144:	f7ff fbb2 	bl	100038ac <_out_rev>
10004148:	e0e8      	b.n	1000431c <_ftoa+0x2c8>
1000414a:	4b94      	ldr	r3, [pc, #592]	@ (1000439c <_ftoa+0x348>)
1000414c:	e7ed      	b.n	1000412a <_ftoa+0xd6>
1000414e:	2203      	movs	r2, #3
10004150:	e7ee      	b.n	10004130 <_ftoa+0xdc>
10004152:	9b22      	ldr	r3, [sp, #136]	@ 0x88
10004154:	9304      	str	r3, [sp, #16]
10004156:	9b21      	ldr	r3, [sp, #132]	@ 0x84
10004158:	9303      	str	r3, [sp, #12]
1000415a:	9702      	str	r7, [sp, #8]
1000415c:	9b1e      	ldr	r3, [sp, #120]	@ 0x78
1000415e:	9c1f      	ldr	r4, [sp, #124]	@ 0x7c
10004160:	9300      	str	r3, [sp, #0]
10004162:	9401      	str	r4, [sp, #4]
10004164:	464b      	mov	r3, r9
10004166:	465a      	mov	r2, fp
10004168:	9907      	ldr	r1, [sp, #28]
1000416a:	9806      	ldr	r0, [sp, #24]
1000416c:	f7ff fd62 	bl	10003c34 <_etoa>
10004170:	e0d4      	b.n	1000431c <_ftoa+0x2c8>
10004172:	9a1e      	ldr	r2, [sp, #120]	@ 0x78
10004174:	9b1f      	ldr	r3, [sp, #124]	@ 0x7c
10004176:	2000      	movs	r0, #0
10004178:	2100      	movs	r1, #0
1000417a:	f7fe f8f4 	bl	10002366 <__wrap___aeabi_dsub>
1000417e:	901e      	str	r0, [sp, #120]	@ 0x78
10004180:	911f      	str	r1, [sp, #124]	@ 0x7c
10004182:	2301      	movs	r3, #1
10004184:	4698      	mov	r8, r3
10004186:	e7a5      	b.n	100040d4 <_ftoa+0x80>
10004188:	ab0c      	add	r3, sp, #48	@ 0x30
1000418a:	2230      	movs	r2, #48	@ 0x30
1000418c:	551a      	strb	r2, [r3, r4]
1000418e:	3f01      	subs	r7, #1
10004190:	3401      	adds	r4, #1
10004192:	2c1f      	cmp	r4, #31
10004194:	d801      	bhi.n	1000419a <_ftoa+0x146>
10004196:	2f09      	cmp	r7, #9
10004198:	d8f6      	bhi.n	10004188 <_ftoa+0x134>
1000419a:	981e      	ldr	r0, [sp, #120]	@ 0x78
1000419c:	991f      	ldr	r1, [sp, #124]	@ 0x7c
1000419e:	f7fe f9a1 	bl	100024e4 <__wrap___aeabi_d2iz>
100041a2:	0005      	movs	r5, r0
100041a4:	f7fe f986 	bl	100024b4 <__wrap___aeabi_i2d>
100041a8:	0002      	movs	r2, r0
100041aa:	000b      	movs	r3, r1
100041ac:	981e      	ldr	r0, [sp, #120]	@ 0x78
100041ae:	991f      	ldr	r1, [sp, #124]	@ 0x7c
100041b0:	f7fe f8d9 	bl	10002366 <__wrap___aeabi_dsub>
100041b4:	4b7a      	ldr	r3, [pc, #488]	@ (100043a0 <_ftoa+0x34c>)
100041b6:	00fa      	lsls	r2, r7, #3
100041b8:	189b      	adds	r3, r3, r2
100041ba:	681a      	ldr	r2, [r3, #0]
100041bc:	685b      	ldr	r3, [r3, #4]
100041be:	920a      	str	r2, [sp, #40]	@ 0x28
100041c0:	930b      	str	r3, [sp, #44]	@ 0x2c
100041c2:	f7fe f900 	bl	100023c6 <__wrap___aeabi_dmul>
100041c6:	9008      	str	r0, [sp, #32]
100041c8:	9109      	str	r1, [sp, #36]	@ 0x24
100041ca:	f7fe f9af 	bl	1000252c <__wrap___aeabi_d2uiz>
100041ce:	0006      	movs	r6, r0
100041d0:	f7fe f96c 	bl	100024ac <__wrap___aeabi_ui2d>
100041d4:	0002      	movs	r2, r0
100041d6:	000b      	movs	r3, r1
100041d8:	9808      	ldr	r0, [sp, #32]
100041da:	9909      	ldr	r1, [sp, #36]	@ 0x24
100041dc:	f7fe f8c3 	bl	10002366 <__wrap___aeabi_dsub>
100041e0:	9008      	str	r0, [sp, #32]
100041e2:	9109      	str	r1, [sp, #36]	@ 0x24
100041e4:	2200      	movs	r2, #0
100041e6:	4b6f      	ldr	r3, [pc, #444]	@ (100043a4 <_ftoa+0x350>)
100041e8:	f7fe f94e 	bl	10002488 <__wrap___aeabi_dcmpgt>
100041ec:	2800      	cmp	r0, #0
100041ee:	d02e      	beq.n	1000424e <_ftoa+0x1fa>
100041f0:	3601      	adds	r6, #1
100041f2:	0030      	movs	r0, r6
100041f4:	f7fe f95a 	bl	100024ac <__wrap___aeabi_ui2d>
100041f8:	0002      	movs	r2, r0
100041fa:	000b      	movs	r3, r1
100041fc:	980a      	ldr	r0, [sp, #40]	@ 0x28
100041fe:	990b      	ldr	r1, [sp, #44]	@ 0x2c
10004200:	f7fe f932 	bl	10002468 <__wrap___aeabi_dcmple>
10004204:	2800      	cmp	r0, #0
10004206:	d001      	beq.n	1000420c <_ftoa+0x1b8>
10004208:	3501      	adds	r5, #1
1000420a:	2600      	movs	r6, #0
1000420c:	2f00      	cmp	r7, #0
1000420e:	d12c      	bne.n	1000426a <_ftoa+0x216>
10004210:	0028      	movs	r0, r5
10004212:	f7fe f94f 	bl	100024b4 <__wrap___aeabi_i2d>
10004216:	0002      	movs	r2, r0
10004218:	000b      	movs	r3, r1
1000421a:	981e      	ldr	r0, [sp, #120]	@ 0x78
1000421c:	991f      	ldr	r1, [sp, #124]	@ 0x7c
1000421e:	f7fe f8a2 	bl	10002366 <__wrap___aeabi_dsub>
10004222:	0006      	movs	r6, r0
10004224:	000f      	movs	r7, r1
10004226:	2200      	movs	r2, #0
10004228:	4b5e      	ldr	r3, [pc, #376]	@ (100043a4 <_ftoa+0x350>)
1000422a:	f7fe f917 	bl	1000245c <__wrap___aeabi_dcmplt>
1000422e:	2800      	cmp	r0, #0
10004230:	d146      	bne.n	100042c0 <_ftoa+0x26c>
10004232:	2200      	movs	r2, #0
10004234:	4b5b      	ldr	r3, [pc, #364]	@ (100043a4 <_ftoa+0x350>)
10004236:	0030      	movs	r0, r6
10004238:	0039      	movs	r1, r7
1000423a:	f7fe f925 	bl	10002488 <__wrap___aeabi_dcmpgt>
1000423e:	2800      	cmp	r0, #0
10004240:	d13e      	bne.n	100042c0 <_ftoa+0x26c>
10004242:	07eb      	lsls	r3, r5, #31
10004244:	d53c      	bpl.n	100042c0 <_ftoa+0x26c>
10004246:	3501      	adds	r5, #1
10004248:	e03a      	b.n	100042c0 <_ftoa+0x26c>
1000424a:	2706      	movs	r7, #6
1000424c:	e746      	b.n	100040dc <_ftoa+0x88>
1000424e:	2200      	movs	r2, #0
10004250:	4b54      	ldr	r3, [pc, #336]	@ (100043a4 <_ftoa+0x350>)
10004252:	9808      	ldr	r0, [sp, #32]
10004254:	9909      	ldr	r1, [sp, #36]	@ 0x24
10004256:	f7fe f901 	bl	1000245c <__wrap___aeabi_dcmplt>
1000425a:	2800      	cmp	r0, #0
1000425c:	d1d6      	bne.n	1000420c <_ftoa+0x1b8>
1000425e:	2e00      	cmp	r6, #0
10004260:	d001      	beq.n	10004266 <_ftoa+0x212>
10004262:	07f3      	lsls	r3, r6, #31
10004264:	d5d2      	bpl.n	1000420c <_ftoa+0x1b8>
10004266:	3601      	adds	r6, #1
10004268:	e7d0      	b.n	1000420c <_ftoa+0x1b8>
1000426a:	46aa      	mov	sl, r5
1000426c:	2c1f      	cmp	r4, #31
1000426e:	d811      	bhi.n	10004294 <_ftoa+0x240>
10004270:	3f01      	subs	r7, #1
10004272:	210a      	movs	r1, #10
10004274:	0030      	movs	r0, r6
10004276:	f7fd fe3b 	bl	10001ef0 <__wrap___aeabi_uidiv>
1000427a:	1c65      	adds	r5, r4, #1
1000427c:	3130      	adds	r1, #48	@ 0x30
1000427e:	ab0c      	add	r3, sp, #48	@ 0x30
10004280:	5519      	strb	r1, [r3, r4]
10004282:	210a      	movs	r1, #10
10004284:	0030      	movs	r0, r6
10004286:	f7fd fe33 	bl	10001ef0 <__wrap___aeabi_uidiv>
1000428a:	2e09      	cmp	r6, #9
1000428c:	d90e      	bls.n	100042ac <_ftoa+0x258>
1000428e:	0006      	movs	r6, r0
10004290:	002c      	movs	r4, r5
10004292:	e7eb      	b.n	1000426c <_ftoa+0x218>
10004294:	4655      	mov	r5, sl
10004296:	2c1f      	cmp	r4, #31
10004298:	d80c      	bhi.n	100042b4 <_ftoa+0x260>
1000429a:	1e7b      	subs	r3, r7, #1
1000429c:	2f00      	cmp	r7, #0
1000429e:	d009      	beq.n	100042b4 <_ftoa+0x260>
100042a0:	aa0c      	add	r2, sp, #48	@ 0x30
100042a2:	2130      	movs	r1, #48	@ 0x30
100042a4:	5511      	strb	r1, [r2, r4]
100042a6:	001f      	movs	r7, r3
100042a8:	3401      	adds	r4, #1
100042aa:	e7f4      	b.n	10004296 <_ftoa+0x242>
100042ac:	002b      	movs	r3, r5
100042ae:	4655      	mov	r5, sl
100042b0:	001c      	movs	r4, r3
100042b2:	e7f0      	b.n	10004296 <_ftoa+0x242>
100042b4:	2c1f      	cmp	r4, #31
100042b6:	d803      	bhi.n	100042c0 <_ftoa+0x26c>
100042b8:	ab0c      	add	r3, sp, #48	@ 0x30
100042ba:	222e      	movs	r2, #46	@ 0x2e
100042bc:	551a      	strb	r2, [r3, r4]
100042be:	3401      	adds	r4, #1
100042c0:	2c1f      	cmp	r4, #31
100042c2:	d810      	bhi.n	100042e6 <_ftoa+0x292>
100042c4:	210a      	movs	r1, #10
100042c6:	0028      	movs	r0, r5
100042c8:	f7fd fdea 	bl	10001ea0 <__wrap___aeabi_idiv>
100042cc:	1c66      	adds	r6, r4, #1
100042ce:	3130      	adds	r1, #48	@ 0x30
100042d0:	ab0c      	add	r3, sp, #48	@ 0x30
100042d2:	5519      	strb	r1, [r3, r4]
100042d4:	210a      	movs	r1, #10
100042d6:	0028      	movs	r0, r5
100042d8:	f7fd fde2 	bl	10001ea0 <__wrap___aeabi_idiv>
100042dc:	1e05      	subs	r5, r0, #0
100042de:	d001      	beq.n	100042e4 <_ftoa+0x290>
100042e0:	0034      	movs	r4, r6
100042e2:	e7ed      	b.n	100042c0 <_ftoa+0x26c>
100042e4:	0034      	movs	r4, r6
100042e6:	2303      	movs	r3, #3
100042e8:	9a22      	ldr	r2, [sp, #136]	@ 0x88
100042ea:	4013      	ands	r3, r2
100042ec:	2b01      	cmp	r3, #1
100042ee:	d01c      	beq.n	1000432a <_ftoa+0x2d6>
100042f0:	2c1f      	cmp	r4, #31
100042f2:	d806      	bhi.n	10004302 <_ftoa+0x2ae>
100042f4:	4643      	mov	r3, r8
100042f6:	2b00      	cmp	r3, #0
100042f8:	d032      	beq.n	10004360 <_ftoa+0x30c>
100042fa:	ab0c      	add	r3, sp, #48	@ 0x30
100042fc:	222d      	movs	r2, #45	@ 0x2d
100042fe:	551a      	strb	r2, [r3, r4]
10004300:	3401      	adds	r4, #1
10004302:	9b22      	ldr	r3, [sp, #136]	@ 0x88
10004304:	9303      	str	r3, [sp, #12]
10004306:	9b21      	ldr	r3, [sp, #132]	@ 0x84
10004308:	9302      	str	r3, [sp, #8]
1000430a:	9401      	str	r4, [sp, #4]
1000430c:	ab0c      	add	r3, sp, #48	@ 0x30
1000430e:	9300      	str	r3, [sp, #0]
10004310:	464b      	mov	r3, r9
10004312:	465a      	mov	r2, fp
10004314:	9907      	ldr	r1, [sp, #28]
10004316:	9806      	ldr	r0, [sp, #24]
10004318:	f7ff fac8 	bl	100038ac <_out_rev>
1000431c:	b015      	add	sp, #84	@ 0x54
1000431e:	bcf0      	pop	{r4, r5, r6, r7}
10004320:	46bb      	mov	fp, r7
10004322:	46b2      	mov	sl, r6
10004324:	46a9      	mov	r9, r5
10004326:	46a0      	mov	r8, r4
10004328:	bdf0      	pop	{r4, r5, r6, r7, pc}
1000432a:	9b21      	ldr	r3, [sp, #132]	@ 0x84
1000432c:	2b00      	cmp	r3, #0
1000432e:	d013      	beq.n	10004358 <_ftoa+0x304>
10004330:	4643      	mov	r3, r8
10004332:	2b00      	cmp	r3, #0
10004334:	d102      	bne.n	1000433c <_ftoa+0x2e8>
10004336:	330c      	adds	r3, #12
10004338:	4213      	tst	r3, r2
1000433a:	d00f      	beq.n	1000435c <_ftoa+0x308>
1000433c:	9b21      	ldr	r3, [sp, #132]	@ 0x84
1000433e:	3b01      	subs	r3, #1
10004340:	9321      	str	r3, [sp, #132]	@ 0x84
10004342:	0019      	movs	r1, r3
10004344:	e003      	b.n	1000434e <_ftoa+0x2fa>
10004346:	ab0c      	add	r3, sp, #48	@ 0x30
10004348:	2230      	movs	r2, #48	@ 0x30
1000434a:	551a      	strb	r2, [r3, r4]
1000434c:	3401      	adds	r4, #1
1000434e:	428c      	cmp	r4, r1
10004350:	d2ce      	bcs.n	100042f0 <_ftoa+0x29c>
10004352:	2c1f      	cmp	r4, #31
10004354:	d9f7      	bls.n	10004346 <_ftoa+0x2f2>
10004356:	e7cb      	b.n	100042f0 <_ftoa+0x29c>
10004358:	9921      	ldr	r1, [sp, #132]	@ 0x84
1000435a:	e7f8      	b.n	1000434e <_ftoa+0x2fa>
1000435c:	9921      	ldr	r1, [sp, #132]	@ 0x84
1000435e:	e7f6      	b.n	1000434e <_ftoa+0x2fa>
10004360:	9b22      	ldr	r3, [sp, #136]	@ 0x88
10004362:	075b      	lsls	r3, r3, #29
10004364:	d504      	bpl.n	10004370 <_ftoa+0x31c>
10004366:	ab0c      	add	r3, sp, #48	@ 0x30
10004368:	222b      	movs	r2, #43	@ 0x2b
1000436a:	551a      	strb	r2, [r3, r4]
1000436c:	3401      	adds	r4, #1
1000436e:	e7c8      	b.n	10004302 <_ftoa+0x2ae>
10004370:	9b22      	ldr	r3, [sp, #136]	@ 0x88
10004372:	071b      	lsls	r3, r3, #28
10004374:	d5c5      	bpl.n	10004302 <_ftoa+0x2ae>
10004376:	ab0c      	add	r3, sp, #48	@ 0x30
10004378:	2220      	movs	r2, #32
1000437a:	551a      	strb	r2, [r3, r4]
1000437c:	3401      	adds	r4, #1
1000437e:	e7c0      	b.n	10004302 <_ftoa+0x2ae>
10004380:	ffefffff 	.word	0xffefffff
10004384:	7fefffff 	.word	0x7fefffff
10004388:	41cdcd65 	.word	0x41cdcd65
1000438c:	c1cdcd65 	.word	0xc1cdcd65
10004390:	1000873c 	.word	0x1000873c
10004394:	10008740 	.word	0x10008740
10004398:	10008730 	.word	0x10008730
1000439c:	10008738 	.word	0x10008738
100043a0:	10008fc0 	.word	0x10008fc0
100043a4:	3fe00000 	.word	0x3fe00000

100043a8 <_vsnprintf>:
100043a8:	b5f0      	push	{r4, r5, r6, r7, lr}
100043aa:	46de      	mov	lr, fp
100043ac:	4657      	mov	r7, sl
100043ae:	464e      	mov	r6, r9
100043b0:	4645      	mov	r5, r8
100043b2:	b5e0      	push	{r5, r6, r7, lr}
100043b4:	b093      	sub	sp, #76	@ 0x4c
100043b6:	4682      	mov	sl, r0
100043b8:	4688      	mov	r8, r1
100043ba:	4693      	mov	fp, r2
100043bc:	9311      	str	r3, [sp, #68]	@ 0x44
100043be:	2900      	cmp	r1, #0
100043c0:	d100      	bne.n	100043c4 <_vsnprintf+0x1c>
100043c2:	e30d      	b.n	100049e0 <_vsnprintf+0x638>
100043c4:	2500      	movs	r5, #0
100043c6:	4656      	mov	r6, sl
100043c8:	9b11      	ldr	r3, [sp, #68]	@ 0x44
100043ca:	7818      	ldrb	r0, [r3, #0]
100043cc:	2800      	cmp	r0, #0
100043ce:	d100      	bne.n	100043d2 <_vsnprintf+0x2a>
100043d0:	e309      	b.n	100049e6 <_vsnprintf+0x63e>
100043d2:	2825      	cmp	r0, #37	@ 0x25
100043d4:	d009      	beq.n	100043ea <_vsnprintf+0x42>
100043d6:	1c6c      	adds	r4, r5, #1
100043d8:	465b      	mov	r3, fp
100043da:	002a      	movs	r2, r5
100043dc:	4641      	mov	r1, r8
100043de:	47b0      	blx	r6
100043e0:	9b11      	ldr	r3, [sp, #68]	@ 0x44
100043e2:	3301      	adds	r3, #1
100043e4:	9311      	str	r3, [sp, #68]	@ 0x44
100043e6:	0025      	movs	r5, r4
100043e8:	e7ee      	b.n	100043c8 <_vsnprintf+0x20>
100043ea:	3301      	adds	r3, #1
100043ec:	9311      	str	r3, [sp, #68]	@ 0x44
100043ee:	2700      	movs	r7, #0
100043f0:	e020      	b.n	10004434 <_vsnprintf+0x8c>
100043f2:	2301      	movs	r3, #1
100043f4:	431f      	orrs	r7, r3
100043f6:	3201      	adds	r2, #1
100043f8:	9211      	str	r2, [sp, #68]	@ 0x44
100043fa:	2401      	movs	r4, #1
100043fc:	e018      	b.n	10004430 <_vsnprintf+0x88>
100043fe:	2302      	movs	r3, #2
10004400:	431f      	orrs	r7, r3
10004402:	3201      	adds	r2, #1
10004404:	9211      	str	r2, [sp, #68]	@ 0x44
10004406:	2401      	movs	r4, #1
10004408:	e012      	b.n	10004430 <_vsnprintf+0x88>
1000440a:	2304      	movs	r3, #4
1000440c:	431f      	orrs	r7, r3
1000440e:	3201      	adds	r2, #1
10004410:	9211      	str	r2, [sp, #68]	@ 0x44
10004412:	2401      	movs	r4, #1
10004414:	e00c      	b.n	10004430 <_vsnprintf+0x88>
10004416:	2308      	movs	r3, #8
10004418:	431f      	orrs	r7, r3
1000441a:	3201      	adds	r2, #1
1000441c:	9211      	str	r2, [sp, #68]	@ 0x44
1000441e:	2401      	movs	r4, #1
10004420:	e006      	b.n	10004430 <_vsnprintf+0x88>
10004422:	2310      	movs	r3, #16
10004424:	431f      	orrs	r7, r3
10004426:	3201      	adds	r2, #1
10004428:	9211      	str	r2, [sp, #68]	@ 0x44
1000442a:	2401      	movs	r4, #1
1000442c:	e000      	b.n	10004430 <_vsnprintf+0x88>
1000442e:	2400      	movs	r4, #0
10004430:	2c00      	cmp	r4, #0
10004432:	d009      	beq.n	10004448 <_vsnprintf+0xa0>
10004434:	9a11      	ldr	r2, [sp, #68]	@ 0x44
10004436:	7813      	ldrb	r3, [r2, #0]
10004438:	3b20      	subs	r3, #32
1000443a:	b2d9      	uxtb	r1, r3
1000443c:	2910      	cmp	r1, #16
1000443e:	d8f6      	bhi.n	1000442e <_vsnprintf+0x86>
10004440:	008b      	lsls	r3, r1, #2
10004442:	49c8      	ldr	r1, [pc, #800]	@ (10004764 <_vsnprintf+0x3bc>)
10004444:	58cb      	ldr	r3, [r1, r3]
10004446:	469f      	mov	pc, r3
10004448:	9b11      	ldr	r3, [sp, #68]	@ 0x44
1000444a:	781a      	ldrb	r2, [r3, #0]
1000444c:	0013      	movs	r3, r2
1000444e:	3b30      	subs	r3, #48	@ 0x30
10004450:	b2db      	uxtb	r3, r3
10004452:	2b09      	cmp	r3, #9
10004454:	d910      	bls.n	10004478 <_vsnprintf+0xd0>
10004456:	2a2a      	cmp	r2, #42	@ 0x2a
10004458:	d013      	beq.n	10004482 <_vsnprintf+0xda>
1000445a:	940b      	str	r4, [sp, #44]	@ 0x2c
1000445c:	9b11      	ldr	r3, [sp, #68]	@ 0x44
1000445e:	781a      	ldrb	r2, [r3, #0]
10004460:	2a2e      	cmp	r2, #46	@ 0x2e
10004462:	d01e      	beq.n	100044a2 <_vsnprintf+0xfa>
10004464:	9a11      	ldr	r2, [sp, #68]	@ 0x44
10004466:	7813      	ldrb	r3, [r2, #0]
10004468:	3b68      	subs	r3, #104	@ 0x68
1000446a:	b2d9      	uxtb	r1, r3
1000446c:	2912      	cmp	r1, #18
1000446e:	d859      	bhi.n	10004524 <_vsnprintf+0x17c>
10004470:	008b      	lsls	r3, r1, #2
10004472:	49bd      	ldr	r1, [pc, #756]	@ (10004768 <_vsnprintf+0x3c0>)
10004474:	58cb      	ldr	r3, [r1, r3]
10004476:	469f      	mov	pc, r3
10004478:	a811      	add	r0, sp, #68	@ 0x44
1000447a:	f7ff fa05 	bl	10003888 <_atoi>
1000447e:	900b      	str	r0, [sp, #44]	@ 0x2c
10004480:	e7ec      	b.n	1000445c <_vsnprintf+0xb4>
10004482:	9b1c      	ldr	r3, [sp, #112]	@ 0x70
10004484:	1d1a      	adds	r2, r3, #4
10004486:	921c      	str	r2, [sp, #112]	@ 0x70
10004488:	681b      	ldr	r3, [r3, #0]
1000448a:	2b00      	cmp	r3, #0
1000448c:	db04      	blt.n	10004498 <_vsnprintf+0xf0>
1000448e:	930b      	str	r3, [sp, #44]	@ 0x2c
10004490:	9b11      	ldr	r3, [sp, #68]	@ 0x44
10004492:	3301      	adds	r3, #1
10004494:	9311      	str	r3, [sp, #68]	@ 0x44
10004496:	e7e1      	b.n	1000445c <_vsnprintf+0xb4>
10004498:	2202      	movs	r2, #2
1000449a:	4317      	orrs	r7, r2
1000449c:	425b      	negs	r3, r3
1000449e:	930b      	str	r3, [sp, #44]	@ 0x2c
100044a0:	e7f6      	b.n	10004490 <_vsnprintf+0xe8>
100044a2:	2280      	movs	r2, #128	@ 0x80
100044a4:	00d2      	lsls	r2, r2, #3
100044a6:	4317      	orrs	r7, r2
100044a8:	1c5a      	adds	r2, r3, #1
100044aa:	9211      	str	r2, [sp, #68]	@ 0x44
100044ac:	785a      	ldrb	r2, [r3, #1]
100044ae:	0013      	movs	r3, r2
100044b0:	3b30      	subs	r3, #48	@ 0x30
100044b2:	b2db      	uxtb	r3, r3
100044b4:	2b09      	cmp	r3, #9
100044b6:	d90b      	bls.n	100044d0 <_vsnprintf+0x128>
100044b8:	2a2a      	cmp	r2, #42	@ 0x2a
100044ba:	d1d3      	bne.n	10004464 <_vsnprintf+0xbc>
100044bc:	9b1c      	ldr	r3, [sp, #112]	@ 0x70
100044be:	1d1a      	adds	r2, r3, #4
100044c0:	921c      	str	r2, [sp, #112]	@ 0x70
100044c2:	681c      	ldr	r4, [r3, #0]
100044c4:	2c00      	cmp	r4, #0
100044c6:	db08      	blt.n	100044da <_vsnprintf+0x132>
100044c8:	9b11      	ldr	r3, [sp, #68]	@ 0x44
100044ca:	3301      	adds	r3, #1
100044cc:	9311      	str	r3, [sp, #68]	@ 0x44
100044ce:	e7c9      	b.n	10004464 <_vsnprintf+0xbc>
100044d0:	a811      	add	r0, sp, #68	@ 0x44
100044d2:	f7ff f9d9 	bl	10003888 <_atoi>
100044d6:	0004      	movs	r4, r0
100044d8:	e7c4      	b.n	10004464 <_vsnprintf+0xbc>
100044da:	2400      	movs	r4, #0
100044dc:	e7f4      	b.n	100044c8 <_vsnprintf+0x120>
100044de:	2380      	movs	r3, #128	@ 0x80
100044e0:	005b      	lsls	r3, r3, #1
100044e2:	433b      	orrs	r3, r7
100044e4:	1c51      	adds	r1, r2, #1
100044e6:	9111      	str	r1, [sp, #68]	@ 0x44
100044e8:	7851      	ldrb	r1, [r2, #1]
100044ea:	296c      	cmp	r1, #108	@ 0x6c
100044ec:	d001      	beq.n	100044f2 <_vsnprintf+0x14a>
100044ee:	001f      	movs	r7, r3
100044f0:	e018      	b.n	10004524 <_vsnprintf+0x17c>
100044f2:	23c0      	movs	r3, #192	@ 0xc0
100044f4:	009b      	lsls	r3, r3, #2
100044f6:	431f      	orrs	r7, r3
100044f8:	3202      	adds	r2, #2
100044fa:	9211      	str	r2, [sp, #68]	@ 0x44
100044fc:	e012      	b.n	10004524 <_vsnprintf+0x17c>
100044fe:	2380      	movs	r3, #128	@ 0x80
10004500:	433b      	orrs	r3, r7
10004502:	1c51      	adds	r1, r2, #1
10004504:	9111      	str	r1, [sp, #68]	@ 0x44
10004506:	7851      	ldrb	r1, [r2, #1]
10004508:	2968      	cmp	r1, #104	@ 0x68
1000450a:	d001      	beq.n	10004510 <_vsnprintf+0x168>
1000450c:	001f      	movs	r7, r3
1000450e:	e009      	b.n	10004524 <_vsnprintf+0x17c>
10004510:	23c0      	movs	r3, #192	@ 0xc0
10004512:	431f      	orrs	r7, r3
10004514:	3202      	adds	r2, #2
10004516:	9211      	str	r2, [sp, #68]	@ 0x44
10004518:	e004      	b.n	10004524 <_vsnprintf+0x17c>
1000451a:	2380      	movs	r3, #128	@ 0x80
1000451c:	005b      	lsls	r3, r3, #1
1000451e:	431f      	orrs	r7, r3
10004520:	3201      	adds	r2, #1
10004522:	9211      	str	r2, [sp, #68]	@ 0x44
10004524:	9b11      	ldr	r3, [sp, #68]	@ 0x44
10004526:	7818      	ldrb	r0, [r3, #0]
10004528:	2867      	cmp	r0, #103	@ 0x67
1000452a:	d818      	bhi.n	1000455e <_vsnprintf+0x1b6>
1000452c:	2825      	cmp	r0, #37	@ 0x25
1000452e:	d200      	bcs.n	10004532 <_vsnprintf+0x18a>
10004530:	e24c      	b.n	100049cc <_vsnprintf+0x624>
10004532:	0003      	movs	r3, r0
10004534:	3b25      	subs	r3, #37	@ 0x25
10004536:	b2da      	uxtb	r2, r3
10004538:	2a42      	cmp	r2, #66	@ 0x42
1000453a:	d900      	bls.n	1000453e <_vsnprintf+0x196>
1000453c:	e246      	b.n	100049cc <_vsnprintf+0x624>
1000453e:	0093      	lsls	r3, r2, #2
10004540:	4a8a      	ldr	r2, [pc, #552]	@ (1000476c <_vsnprintf+0x3c4>)
10004542:	58d3      	ldr	r3, [r2, r3]
10004544:	469f      	mov	pc, r3
10004546:	2380      	movs	r3, #128	@ 0x80
10004548:	009b      	lsls	r3, r3, #2
1000454a:	431f      	orrs	r7, r3
1000454c:	3201      	adds	r2, #1
1000454e:	9211      	str	r2, [sp, #68]	@ 0x44
10004550:	e7e8      	b.n	10004524 <_vsnprintf+0x17c>
10004552:	2380      	movs	r3, #128	@ 0x80
10004554:	005b      	lsls	r3, r3, #1
10004556:	431f      	orrs	r7, r3
10004558:	3201      	adds	r2, #1
1000455a:	9211      	str	r2, [sp, #68]	@ 0x44
1000455c:	e7e2      	b.n	10004524 <_vsnprintf+0x17c>
1000455e:	2878      	cmp	r0, #120	@ 0x78
10004560:	d900      	bls.n	10004564 <_vsnprintf+0x1bc>
10004562:	e233      	b.n	100049cc <_vsnprintf+0x624>
10004564:	2869      	cmp	r0, #105	@ 0x69
10004566:	d200      	bcs.n	1000456a <_vsnprintf+0x1c2>
10004568:	e230      	b.n	100049cc <_vsnprintf+0x624>
1000456a:	0002      	movs	r2, r0
1000456c:	3a69      	subs	r2, #105	@ 0x69
1000456e:	b2d2      	uxtb	r2, r2
10004570:	2301      	movs	r3, #1
10004572:	4093      	lsls	r3, r2
10004574:	4a7e      	ldr	r2, [pc, #504]	@ (10004770 <_vsnprintf+0x3c8>)
10004576:	4213      	tst	r3, r2
10004578:	d111      	bne.n	1000459e <_vsnprintf+0x1f6>
1000457a:	061a      	lsls	r2, r3, #24
1000457c:	d500      	bpl.n	10004580 <_vsnprintf+0x1d8>
1000457e:	e200      	b.n	10004982 <_vsnprintf+0x5da>
10004580:	055b      	lsls	r3, r3, #21
10004582:	d400      	bmi.n	10004586 <_vsnprintf+0x1de>
10004584:	e222      	b.n	100049cc <_vsnprintf+0x624>
10004586:	9b1c      	ldr	r3, [sp, #112]	@ 0x70
10004588:	1d1a      	adds	r2, r3, #4
1000458a:	921c      	str	r2, [sp, #112]	@ 0x70
1000458c:	681b      	ldr	r3, [r3, #0]
1000458e:	469a      	mov	sl, r3
10004590:	2c00      	cmp	r4, #0
10004592:	d000      	beq.n	10004596 <_vsnprintf+0x1ee>
10004594:	e1b2      	b.n	100048fc <_vsnprintf+0x554>
10004596:	2201      	movs	r2, #1
10004598:	4252      	negs	r2, r2
1000459a:	4653      	mov	r3, sl
1000459c:	e18e      	b.n	100048bc <_vsnprintf+0x514>
1000459e:	286f      	cmp	r0, #111	@ 0x6f
100045a0:	d00e      	beq.n	100045c0 <_vsnprintf+0x218>
100045a2:	d806      	bhi.n	100045b2 <_vsnprintf+0x20a>
100045a4:	2858      	cmp	r0, #88	@ 0x58
100045a6:	d03d      	beq.n	10004624 <_vsnprintf+0x27c>
100045a8:	2862      	cmp	r0, #98	@ 0x62
100045aa:	d104      	bne.n	100045b6 <_vsnprintf+0x20e>
100045ac:	2302      	movs	r3, #2
100045ae:	469c      	mov	ip, r3
100045b0:	e008      	b.n	100045c4 <_vsnprintf+0x21c>
100045b2:	2878      	cmp	r0, #120	@ 0x78
100045b4:	d039      	beq.n	1000462a <_vsnprintf+0x282>
100045b6:	2310      	movs	r3, #16
100045b8:	439f      	bics	r7, r3
100045ba:	3b06      	subs	r3, #6
100045bc:	469c      	mov	ip, r3
100045be:	e001      	b.n	100045c4 <_vsnprintf+0x21c>
100045c0:	2308      	movs	r3, #8
100045c2:	469c      	mov	ip, r3
100045c4:	2858      	cmp	r0, #88	@ 0x58
100045c6:	d033      	beq.n	10004630 <_vsnprintf+0x288>
100045c8:	2869      	cmp	r0, #105	@ 0x69
100045ca:	d003      	beq.n	100045d4 <_vsnprintf+0x22c>
100045cc:	2864      	cmp	r0, #100	@ 0x64
100045ce:	d001      	beq.n	100045d4 <_vsnprintf+0x22c>
100045d0:	220c      	movs	r2, #12
100045d2:	4397      	bics	r7, r2
100045d4:	057a      	lsls	r2, r7, #21
100045d6:	d501      	bpl.n	100045dc <_vsnprintf+0x234>
100045d8:	2201      	movs	r2, #1
100045da:	4397      	bics	r7, r2
100045dc:	2869      	cmp	r0, #105	@ 0x69
100045de:	d02a      	beq.n	10004636 <_vsnprintf+0x28e>
100045e0:	2864      	cmp	r0, #100	@ 0x64
100045e2:	d028      	beq.n	10004636 <_vsnprintf+0x28e>
100045e4:	05ba      	lsls	r2, r7, #22
100045e6:	d500      	bpl.n	100045ea <_vsnprintf+0x242>
100045e8:	e09f      	b.n	1000472a <_vsnprintf+0x382>
100045ea:	05fa      	lsls	r2, r7, #23
100045ec:	d500      	bpl.n	100045f0 <_vsnprintf+0x248>
100045ee:	e0c1      	b.n	10004774 <_vsnprintf+0x3cc>
100045f0:	067a      	lsls	r2, r7, #25
100045f2:	d400      	bmi.n	100045f6 <_vsnprintf+0x24e>
100045f4:	e0d3      	b.n	1000479e <_vsnprintf+0x3f6>
100045f6:	9a1c      	ldr	r2, [sp, #112]	@ 0x70
100045f8:	1d11      	adds	r1, r2, #4
100045fa:	911c      	str	r1, [sp, #112]	@ 0x70
100045fc:	6811      	ldr	r1, [r2, #0]
100045fe:	22ff      	movs	r2, #255	@ 0xff
10004600:	400a      	ands	r2, r1
10004602:	9705      	str	r7, [sp, #20]
10004604:	9b0b      	ldr	r3, [sp, #44]	@ 0x2c
10004606:	9304      	str	r3, [sp, #16]
10004608:	9403      	str	r4, [sp, #12]
1000460a:	4663      	mov	r3, ip
1000460c:	9302      	str	r3, [sp, #8]
1000460e:	2300      	movs	r3, #0
10004610:	9301      	str	r3, [sp, #4]
10004612:	9200      	str	r2, [sp, #0]
10004614:	465b      	mov	r3, fp
10004616:	002a      	movs	r2, r5
10004618:	4641      	mov	r1, r8
1000461a:	0030      	movs	r0, r6
1000461c:	f7ff fa25 	bl	10003a6a <_ntoa_long>
10004620:	0005      	movs	r5, r0
10004622:	e027      	b.n	10004674 <_vsnprintf+0x2cc>
10004624:	2310      	movs	r3, #16
10004626:	469c      	mov	ip, r3
10004628:	e7cc      	b.n	100045c4 <_vsnprintf+0x21c>
1000462a:	2310      	movs	r3, #16
1000462c:	469c      	mov	ip, r3
1000462e:	e7c9      	b.n	100045c4 <_vsnprintf+0x21c>
10004630:	2220      	movs	r2, #32
10004632:	4317      	orrs	r7, r2
10004634:	e7c8      	b.n	100045c8 <_vsnprintf+0x220>
10004636:	05ba      	lsls	r2, r7, #22
10004638:	d420      	bmi.n	1000467c <_vsnprintf+0x2d4>
1000463a:	05fa      	lsls	r2, r7, #23
1000463c:	d450      	bmi.n	100046e0 <_vsnprintf+0x338>
1000463e:	067a      	lsls	r2, r7, #25
10004640:	d566      	bpl.n	10004710 <_vsnprintf+0x368>
10004642:	9a1c      	ldr	r2, [sp, #112]	@ 0x70
10004644:	1d11      	adds	r1, r2, #4
10004646:	911c      	str	r1, [sp, #112]	@ 0x70
10004648:	6811      	ldr	r1, [r2, #0]
1000464a:	22ff      	movs	r2, #255	@ 0xff
1000464c:	400a      	ands	r2, r1
1000464e:	17d0      	asrs	r0, r2, #31
10004650:	1811      	adds	r1, r2, r0
10004652:	4041      	eors	r1, r0
10004654:	9705      	str	r7, [sp, #20]
10004656:	9b0b      	ldr	r3, [sp, #44]	@ 0x2c
10004658:	9304      	str	r3, [sp, #16]
1000465a:	9403      	str	r4, [sp, #12]
1000465c:	4663      	mov	r3, ip
1000465e:	9302      	str	r3, [sp, #8]
10004660:	0fd2      	lsrs	r2, r2, #31
10004662:	9201      	str	r2, [sp, #4]
10004664:	9100      	str	r1, [sp, #0]
10004666:	465b      	mov	r3, fp
10004668:	002a      	movs	r2, r5
1000466a:	4641      	mov	r1, r8
1000466c:	0030      	movs	r0, r6
1000466e:	f7ff f9fc 	bl	10003a6a <_ntoa_long>
10004672:	0005      	movs	r5, r0
10004674:	9b11      	ldr	r3, [sp, #68]	@ 0x44
10004676:	3301      	adds	r3, #1
10004678:	9311      	str	r3, [sp, #68]	@ 0x44
1000467a:	e6a5      	b.n	100043c8 <_vsnprintf+0x20>
1000467c:	9a1c      	ldr	r2, [sp, #112]	@ 0x70
1000467e:	3207      	adds	r2, #7
10004680:	2107      	movs	r1, #7
10004682:	438a      	bics	r2, r1
10004684:	0011      	movs	r1, r2
10004686:	3108      	adds	r1, #8
10004688:	911c      	str	r1, [sp, #112]	@ 0x70
1000468a:	6811      	ldr	r1, [r2, #0]
1000468c:	6853      	ldr	r3, [r2, #4]
1000468e:	4699      	mov	r9, r3
10004690:	17db      	asrs	r3, r3, #31
10004692:	930c      	str	r3, [sp, #48]	@ 0x30
10004694:	930d      	str	r3, [sp, #52]	@ 0x34
10004696:	9a0c      	ldr	r2, [sp, #48]	@ 0x30
10004698:	9b0d      	ldr	r3, [sp, #52]	@ 0x34
1000469a:	0010      	movs	r0, r2
1000469c:	4048      	eors	r0, r1
1000469e:	900e      	str	r0, [sp, #56]	@ 0x38
100046a0:	464a      	mov	r2, r9
100046a2:	4053      	eors	r3, r2
100046a4:	930f      	str	r3, [sp, #60]	@ 0x3c
100046a6:	980e      	ldr	r0, [sp, #56]	@ 0x38
100046a8:	990f      	ldr	r1, [sp, #60]	@ 0x3c
100046aa:	9a0c      	ldr	r2, [sp, #48]	@ 0x30
100046ac:	9b0d      	ldr	r3, [sp, #52]	@ 0x34
100046ae:	1a80      	subs	r0, r0, r2
100046b0:	4199      	sbcs	r1, r3
100046b2:	900e      	str	r0, [sp, #56]	@ 0x38
100046b4:	910f      	str	r1, [sp, #60]	@ 0x3c
100046b6:	9708      	str	r7, [sp, #32]
100046b8:	9b0b      	ldr	r3, [sp, #44]	@ 0x2c
100046ba:	9307      	str	r3, [sp, #28]
100046bc:	9406      	str	r4, [sp, #24]
100046be:	4663      	mov	r3, ip
100046c0:	9304      	str	r3, [sp, #16]
100046c2:	2300      	movs	r3, #0
100046c4:	9305      	str	r3, [sp, #20]
100046c6:	464b      	mov	r3, r9
100046c8:	0fda      	lsrs	r2, r3, #31
100046ca:	9202      	str	r2, [sp, #8]
100046cc:	9000      	str	r0, [sp, #0]
100046ce:	9101      	str	r1, [sp, #4]
100046d0:	465b      	mov	r3, fp
100046d2:	002a      	movs	r2, r5
100046d4:	4641      	mov	r1, r8
100046d6:	0030      	movs	r0, r6
100046d8:	f7ff fa25 	bl	10003b26 <_ntoa_long_long>
100046dc:	0005      	movs	r5, r0
100046de:	e7c9      	b.n	10004674 <_vsnprintf+0x2cc>
100046e0:	9a1c      	ldr	r2, [sp, #112]	@ 0x70
100046e2:	1d11      	adds	r1, r2, #4
100046e4:	911c      	str	r1, [sp, #112]	@ 0x70
100046e6:	6812      	ldr	r2, [r2, #0]
100046e8:	17d0      	asrs	r0, r2, #31
100046ea:	1811      	adds	r1, r2, r0
100046ec:	4041      	eors	r1, r0
100046ee:	9705      	str	r7, [sp, #20]
100046f0:	9b0b      	ldr	r3, [sp, #44]	@ 0x2c
100046f2:	9304      	str	r3, [sp, #16]
100046f4:	9403      	str	r4, [sp, #12]
100046f6:	4663      	mov	r3, ip
100046f8:	9302      	str	r3, [sp, #8]
100046fa:	0fd2      	lsrs	r2, r2, #31
100046fc:	9201      	str	r2, [sp, #4]
100046fe:	9100      	str	r1, [sp, #0]
10004700:	465b      	mov	r3, fp
10004702:	002a      	movs	r2, r5
10004704:	4641      	mov	r1, r8
10004706:	0030      	movs	r0, r6
10004708:	f7ff f9af 	bl	10003a6a <_ntoa_long>
1000470c:	0005      	movs	r5, r0
1000470e:	e7b1      	b.n	10004674 <_vsnprintf+0x2cc>
10004710:	063a      	lsls	r2, r7, #24
10004712:	d505      	bpl.n	10004720 <_vsnprintf+0x378>
10004714:	9a1c      	ldr	r2, [sp, #112]	@ 0x70
10004716:	1d11      	adds	r1, r2, #4
10004718:	911c      	str	r1, [sp, #112]	@ 0x70
1000471a:	2300      	movs	r3, #0
1000471c:	5ed2      	ldrsh	r2, [r2, r3]
1000471e:	e796      	b.n	1000464e <_vsnprintf+0x2a6>
10004720:	9a1c      	ldr	r2, [sp, #112]	@ 0x70
10004722:	1d11      	adds	r1, r2, #4
10004724:	911c      	str	r1, [sp, #112]	@ 0x70
10004726:	6812      	ldr	r2, [r2, #0]
10004728:	e791      	b.n	1000464e <_vsnprintf+0x2a6>
1000472a:	9a1c      	ldr	r2, [sp, #112]	@ 0x70
1000472c:	3207      	adds	r2, #7
1000472e:	2107      	movs	r1, #7
10004730:	438a      	bics	r2, r1
10004732:	0011      	movs	r1, r2
10004734:	3108      	adds	r1, #8
10004736:	911c      	str	r1, [sp, #112]	@ 0x70
10004738:	9708      	str	r7, [sp, #32]
1000473a:	9b0b      	ldr	r3, [sp, #44]	@ 0x2c
1000473c:	9307      	str	r3, [sp, #28]
1000473e:	9406      	str	r4, [sp, #24]
10004740:	4663      	mov	r3, ip
10004742:	9304      	str	r3, [sp, #16]
10004744:	2300      	movs	r3, #0
10004746:	9305      	str	r3, [sp, #20]
10004748:	9302      	str	r3, [sp, #8]
1000474a:	6853      	ldr	r3, [r2, #4]
1000474c:	6812      	ldr	r2, [r2, #0]
1000474e:	9200      	str	r2, [sp, #0]
10004750:	9301      	str	r3, [sp, #4]
10004752:	465b      	mov	r3, fp
10004754:	002a      	movs	r2, r5
10004756:	4641      	mov	r1, r8
10004758:	0030      	movs	r0, r6
1000475a:	f7ff f9e4 	bl	10003b26 <_ntoa_long_long>
1000475e:	0005      	movs	r5, r0
10004760:	e788      	b.n	10004674 <_vsnprintf+0x2cc>
10004762:	46c0      	nop			@ (mov r8, r8)
10004764:	10008e24 	.word	0x10008e24
10004768:	10008e68 	.word	0x10008e68
1000476c:	10008eb4 	.word	0x10008eb4
10004770:	00009041 	.word	0x00009041
10004774:	9a1c      	ldr	r2, [sp, #112]	@ 0x70
10004776:	1d11      	adds	r1, r2, #4
10004778:	911c      	str	r1, [sp, #112]	@ 0x70
1000477a:	9705      	str	r7, [sp, #20]
1000477c:	9b0b      	ldr	r3, [sp, #44]	@ 0x2c
1000477e:	9304      	str	r3, [sp, #16]
10004780:	9403      	str	r4, [sp, #12]
10004782:	4663      	mov	r3, ip
10004784:	9302      	str	r3, [sp, #8]
10004786:	2300      	movs	r3, #0
10004788:	9301      	str	r3, [sp, #4]
1000478a:	6813      	ldr	r3, [r2, #0]
1000478c:	9300      	str	r3, [sp, #0]
1000478e:	465b      	mov	r3, fp
10004790:	002a      	movs	r2, r5
10004792:	4641      	mov	r1, r8
10004794:	0030      	movs	r0, r6
10004796:	f7ff f968 	bl	10003a6a <_ntoa_long>
1000479a:	0005      	movs	r5, r0
1000479c:	e76a      	b.n	10004674 <_vsnprintf+0x2cc>
1000479e:	063a      	lsls	r2, r7, #24
100047a0:	d506      	bpl.n	100047b0 <_vsnprintf+0x408>
100047a2:	9a1c      	ldr	r2, [sp, #112]	@ 0x70
100047a4:	1d11      	adds	r1, r2, #4
100047a6:	911c      	str	r1, [sp, #112]	@ 0x70
100047a8:	6812      	ldr	r2, [r2, #0]
100047aa:	0412      	lsls	r2, r2, #16
100047ac:	0c12      	lsrs	r2, r2, #16
100047ae:	e728      	b.n	10004602 <_vsnprintf+0x25a>
100047b0:	9a1c      	ldr	r2, [sp, #112]	@ 0x70
100047b2:	1d11      	adds	r1, r2, #4
100047b4:	911c      	str	r1, [sp, #112]	@ 0x70
100047b6:	6812      	ldr	r2, [r2, #0]
100047b8:	e723      	b.n	10004602 <_vsnprintf+0x25a>
100047ba:	2846      	cmp	r0, #70	@ 0x46
100047bc:	d019      	beq.n	100047f2 <_vsnprintf+0x44a>
100047be:	9b1c      	ldr	r3, [sp, #112]	@ 0x70
100047c0:	3307      	adds	r3, #7
100047c2:	2207      	movs	r2, #7
100047c4:	4393      	bics	r3, r2
100047c6:	001a      	movs	r2, r3
100047c8:	3208      	adds	r2, #8
100047ca:	921c      	str	r2, [sp, #112]	@ 0x70
100047cc:	9704      	str	r7, [sp, #16]
100047ce:	9a0b      	ldr	r2, [sp, #44]	@ 0x2c
100047d0:	9203      	str	r2, [sp, #12]
100047d2:	9402      	str	r4, [sp, #8]
100047d4:	681a      	ldr	r2, [r3, #0]
100047d6:	685b      	ldr	r3, [r3, #4]
100047d8:	9200      	str	r2, [sp, #0]
100047da:	9301      	str	r3, [sp, #4]
100047dc:	465b      	mov	r3, fp
100047de:	002a      	movs	r2, r5
100047e0:	4641      	mov	r1, r8
100047e2:	0030      	movs	r0, r6
100047e4:	f7ff fc36 	bl	10004054 <_ftoa>
100047e8:	0005      	movs	r5, r0
100047ea:	9b11      	ldr	r3, [sp, #68]	@ 0x44
100047ec:	3301      	adds	r3, #1
100047ee:	9311      	str	r3, [sp, #68]	@ 0x44
100047f0:	e5ea      	b.n	100043c8 <_vsnprintf+0x20>
100047f2:	2320      	movs	r3, #32
100047f4:	431f      	orrs	r7, r3
100047f6:	e7e2      	b.n	100047be <_vsnprintf+0x416>
100047f8:	2867      	cmp	r0, #103	@ 0x67
100047fa:	d001      	beq.n	10004800 <_vsnprintf+0x458>
100047fc:	2847      	cmp	r0, #71	@ 0x47
100047fe:	d102      	bne.n	10004806 <_vsnprintf+0x45e>
10004800:	2380      	movs	r3, #128	@ 0x80
10004802:	011b      	lsls	r3, r3, #4
10004804:	431f      	orrs	r7, r3
10004806:	2845      	cmp	r0, #69	@ 0x45
10004808:	d001      	beq.n	1000480e <_vsnprintf+0x466>
1000480a:	2847      	cmp	r0, #71	@ 0x47
1000480c:	d101      	bne.n	10004812 <_vsnprintf+0x46a>
1000480e:	2320      	movs	r3, #32
10004810:	431f      	orrs	r7, r3
10004812:	9b1c      	ldr	r3, [sp, #112]	@ 0x70
10004814:	3307      	adds	r3, #7
10004816:	2207      	movs	r2, #7
10004818:	4393      	bics	r3, r2
1000481a:	001a      	movs	r2, r3
1000481c:	3208      	adds	r2, #8
1000481e:	921c      	str	r2, [sp, #112]	@ 0x70
10004820:	9704      	str	r7, [sp, #16]
10004822:	9a0b      	ldr	r2, [sp, #44]	@ 0x2c
10004824:	9203      	str	r2, [sp, #12]
10004826:	9402      	str	r4, [sp, #8]
10004828:	681a      	ldr	r2, [r3, #0]
1000482a:	685b      	ldr	r3, [r3, #4]
1000482c:	9200      	str	r2, [sp, #0]
1000482e:	9301      	str	r3, [sp, #4]
10004830:	465b      	mov	r3, fp
10004832:	002a      	movs	r2, r5
10004834:	4641      	mov	r1, r8
10004836:	0030      	movs	r0, r6
10004838:	f7ff f9fc 	bl	10003c34 <_etoa>
1000483c:	0005      	movs	r5, r0
1000483e:	9b11      	ldr	r3, [sp, #68]	@ 0x44
10004840:	3301      	adds	r3, #1
10004842:	9311      	str	r3, [sp, #68]	@ 0x44
10004844:	e5c0      	b.n	100043c8 <_vsnprintf+0x20>
10004846:	2302      	movs	r3, #2
10004848:	001a      	movs	r2, r3
1000484a:	403a      	ands	r2, r7
1000484c:	4691      	mov	r9, r2
1000484e:	423b      	tst	r3, r7
10004850:	d01d      	beq.n	1000488e <_vsnprintf+0x4e6>
10004852:	2401      	movs	r4, #1
10004854:	9b1c      	ldr	r3, [sp, #112]	@ 0x70
10004856:	1d1a      	adds	r2, r3, #4
10004858:	921c      	str	r2, [sp, #112]	@ 0x70
1000485a:	1c6f      	adds	r7, r5, #1
1000485c:	7818      	ldrb	r0, [r3, #0]
1000485e:	465b      	mov	r3, fp
10004860:	002a      	movs	r2, r5
10004862:	4641      	mov	r1, r8
10004864:	47b0      	blx	r6
10004866:	464b      	mov	r3, r9
10004868:	2b00      	cmp	r3, #0
1000486a:	d114      	bne.n	10004896 <_vsnprintf+0x4ee>
1000486c:	9b11      	ldr	r3, [sp, #68]	@ 0x44
1000486e:	3301      	adds	r3, #1
10004870:	9311      	str	r3, [sp, #68]	@ 0x44
10004872:	003d      	movs	r5, r7
10004874:	e5a8      	b.n	100043c8 <_vsnprintf+0x20>
10004876:	1c57      	adds	r7, r2, #1
10004878:	465b      	mov	r3, fp
1000487a:	4641      	mov	r1, r8
1000487c:	2020      	movs	r0, #32
1000487e:	47b0      	blx	r6
10004880:	0023      	movs	r3, r4
10004882:	003a      	movs	r2, r7
10004884:	1c5c      	adds	r4, r3, #1
10004886:	429d      	cmp	r5, r3
10004888:	d8f5      	bhi.n	10004876 <_vsnprintf+0x4ce>
1000488a:	0015      	movs	r5, r2
1000488c:	e7e2      	b.n	10004854 <_vsnprintf+0x4ac>
1000488e:	2301      	movs	r3, #1
10004890:	002a      	movs	r2, r5
10004892:	9d0b      	ldr	r5, [sp, #44]	@ 0x2c
10004894:	e7f6      	b.n	10004884 <_vsnprintf+0x4dc>
10004896:	003a      	movs	r2, r7
10004898:	46b1      	mov	r9, r6
1000489a:	9e0b      	ldr	r6, [sp, #44]	@ 0x2c
1000489c:	e006      	b.n	100048ac <_vsnprintf+0x504>
1000489e:	1c57      	adds	r7, r2, #1
100048a0:	465b      	mov	r3, fp
100048a2:	4641      	mov	r1, r8
100048a4:	2020      	movs	r0, #32
100048a6:	47c8      	blx	r9
100048a8:	002c      	movs	r4, r5
100048aa:	003a      	movs	r2, r7
100048ac:	1c65      	adds	r5, r4, #1
100048ae:	42a6      	cmp	r6, r4
100048b0:	d8f5      	bhi.n	1000489e <_vsnprintf+0x4f6>
100048b2:	0017      	movs	r7, r2
100048b4:	464e      	mov	r6, r9
100048b6:	e7d9      	b.n	1000486c <_vsnprintf+0x4c4>
100048b8:	3301      	adds	r3, #1
100048ba:	000a      	movs	r2, r1
100048bc:	7819      	ldrb	r1, [r3, #0]
100048be:	2900      	cmp	r1, #0
100048c0:	d002      	beq.n	100048c8 <_vsnprintf+0x520>
100048c2:	1e51      	subs	r1, r2, #1
100048c4:	2a00      	cmp	r2, #0
100048c6:	d1f7      	bne.n	100048b8 <_vsnprintf+0x510>
100048c8:	4652      	mov	r2, sl
100048ca:	1a9b      	subs	r3, r3, r2
100048cc:	2280      	movs	r2, #128	@ 0x80
100048ce:	00d2      	lsls	r2, r2, #3
100048d0:	0039      	movs	r1, r7
100048d2:	4011      	ands	r1, r2
100048d4:	4689      	mov	r9, r1
100048d6:	4217      	tst	r7, r2
100048d8:	d002      	beq.n	100048e0 <_vsnprintf+0x538>
100048da:	42a3      	cmp	r3, r4
100048dc:	d900      	bls.n	100048e0 <_vsnprintf+0x538>
100048de:	0023      	movs	r3, r4
100048e0:	2202      	movs	r2, #2
100048e2:	0011      	movs	r1, r2
100048e4:	4039      	ands	r1, r7
100048e6:	9110      	str	r1, [sp, #64]	@ 0x40
100048e8:	423a      	tst	r2, r7
100048ea:	d009      	beq.n	10004900 <_vsnprintf+0x558>
100048ec:	002a      	movs	r2, r5
100048ee:	0025      	movs	r5, r4
100048f0:	4657      	mov	r7, sl
100048f2:	469a      	mov	sl, r3
100048f4:	0033      	movs	r3, r6
100048f6:	464e      	mov	r6, r9
100048f8:	4699      	mov	r9, r3
100048fa:	e021      	b.n	10004940 <_vsnprintf+0x598>
100048fc:	0022      	movs	r2, r4
100048fe:	e64c      	b.n	1000459a <_vsnprintf+0x1f2>
10004900:	002a      	movs	r2, r5
10004902:	4645      	mov	r5, r8
10004904:	46a0      	mov	r8, r4
10004906:	e006      	b.n	10004916 <_vsnprintf+0x56e>
10004908:	1c54      	adds	r4, r2, #1
1000490a:	465b      	mov	r3, fp
1000490c:	0029      	movs	r1, r5
1000490e:	2020      	movs	r0, #32
10004910:	47b0      	blx	r6
10004912:	003b      	movs	r3, r7
10004914:	0022      	movs	r2, r4
10004916:	1c5f      	adds	r7, r3, #1
10004918:	990b      	ldr	r1, [sp, #44]	@ 0x2c
1000491a:	4299      	cmp	r1, r3
1000491c:	d8f4      	bhi.n	10004908 <_vsnprintf+0x560>
1000491e:	4644      	mov	r4, r8
10004920:	46a8      	mov	r8, r5
10004922:	003b      	movs	r3, r7
10004924:	0025      	movs	r5, r4
10004926:	4657      	mov	r7, sl
10004928:	469a      	mov	sl, r3
1000492a:	0033      	movs	r3, r6
1000492c:	464e      	mov	r6, r9
1000492e:	4699      	mov	r9, r3
10004930:	e006      	b.n	10004940 <_vsnprintf+0x598>
10004932:	001d      	movs	r5, r3
10004934:	3701      	adds	r7, #1
10004936:	1c54      	adds	r4, r2, #1
10004938:	465b      	mov	r3, fp
1000493a:	4641      	mov	r1, r8
1000493c:	47c8      	blx	r9
1000493e:	0022      	movs	r2, r4
10004940:	7838      	ldrb	r0, [r7, #0]
10004942:	2800      	cmp	r0, #0
10004944:	d004      	beq.n	10004950 <_vsnprintf+0x5a8>
10004946:	2e00      	cmp	r6, #0
10004948:	d0f4      	beq.n	10004934 <_vsnprintf+0x58c>
1000494a:	1e6b      	subs	r3, r5, #1
1000494c:	2d00      	cmp	r5, #0
1000494e:	d1f0      	bne.n	10004932 <_vsnprintf+0x58a>
10004950:	0015      	movs	r5, r2
10004952:	4653      	mov	r3, sl
10004954:	464e      	mov	r6, r9
10004956:	9a10      	ldr	r2, [sp, #64]	@ 0x40
10004958:	2a00      	cmp	r2, #0
1000495a:	d103      	bne.n	10004964 <_vsnprintf+0x5bc>
1000495c:	9b11      	ldr	r3, [sp, #68]	@ 0x44
1000495e:	3301      	adds	r3, #1
10004960:	9311      	str	r3, [sp, #68]	@ 0x44
10004962:	e531      	b.n	100043c8 <_vsnprintf+0x20>
10004964:	9f0b      	ldr	r7, [sp, #44]	@ 0x2c
10004966:	002a      	movs	r2, r5
10004968:	e006      	b.n	10004978 <_vsnprintf+0x5d0>
1000496a:	1c55      	adds	r5, r2, #1
1000496c:	465b      	mov	r3, fp
1000496e:	4641      	mov	r1, r8
10004970:	2020      	movs	r0, #32
10004972:	47b0      	blx	r6
10004974:	0023      	movs	r3, r4
10004976:	002a      	movs	r2, r5
10004978:	1c5c      	adds	r4, r3, #1
1000497a:	429f      	cmp	r7, r3
1000497c:	d8f5      	bhi.n	1000496a <_vsnprintf+0x5c2>
1000497e:	0015      	movs	r5, r2
10004980:	e7ec      	b.n	1000495c <_vsnprintf+0x5b4>
10004982:	2321      	movs	r3, #33	@ 0x21
10004984:	433b      	orrs	r3, r7
10004986:	9a1c      	ldr	r2, [sp, #112]	@ 0x70
10004988:	1d11      	adds	r1, r2, #4
1000498a:	911c      	str	r1, [sp, #112]	@ 0x70
1000498c:	6812      	ldr	r2, [r2, #0]
1000498e:	9305      	str	r3, [sp, #20]
10004990:	2308      	movs	r3, #8
10004992:	9304      	str	r3, [sp, #16]
10004994:	9403      	str	r4, [sp, #12]
10004996:	3308      	adds	r3, #8
10004998:	9302      	str	r3, [sp, #8]
1000499a:	2300      	movs	r3, #0
1000499c:	9301      	str	r3, [sp, #4]
1000499e:	9200      	str	r2, [sp, #0]
100049a0:	465b      	mov	r3, fp
100049a2:	002a      	movs	r2, r5
100049a4:	4641      	mov	r1, r8
100049a6:	0030      	movs	r0, r6
100049a8:	f7ff f85f 	bl	10003a6a <_ntoa_long>
100049ac:	0005      	movs	r5, r0
100049ae:	9b11      	ldr	r3, [sp, #68]	@ 0x44
100049b0:	3301      	adds	r3, #1
100049b2:	9311      	str	r3, [sp, #68]	@ 0x44
100049b4:	e508      	b.n	100043c8 <_vsnprintf+0x20>
100049b6:	1c6c      	adds	r4, r5, #1
100049b8:	465b      	mov	r3, fp
100049ba:	002a      	movs	r2, r5
100049bc:	4641      	mov	r1, r8
100049be:	2025      	movs	r0, #37	@ 0x25
100049c0:	47b0      	blx	r6
100049c2:	9b11      	ldr	r3, [sp, #68]	@ 0x44
100049c4:	3301      	adds	r3, #1
100049c6:	9311      	str	r3, [sp, #68]	@ 0x44
100049c8:	0025      	movs	r5, r4
100049ca:	e4fd      	b.n	100043c8 <_vsnprintf+0x20>
100049cc:	1c6c      	adds	r4, r5, #1
100049ce:	465b      	mov	r3, fp
100049d0:	002a      	movs	r2, r5
100049d2:	4641      	mov	r1, r8
100049d4:	47b0      	blx	r6
100049d6:	9b11      	ldr	r3, [sp, #68]	@ 0x44
100049d8:	3301      	adds	r3, #1
100049da:	9311      	str	r3, [sp, #68]	@ 0x44
100049dc:	0025      	movs	r5, r4
100049de:	e4f3      	b.n	100043c8 <_vsnprintf+0x20>
100049e0:	4b0a      	ldr	r3, [pc, #40]	@ (10004a0c <_vsnprintf+0x664>)
100049e2:	469a      	mov	sl, r3
100049e4:	e4ee      	b.n	100043c4 <_vsnprintf+0x1c>
100049e6:	46b2      	mov	sl, r6
100049e8:	455d      	cmp	r5, fp
100049ea:	d30d      	bcc.n	10004a08 <_vsnprintf+0x660>
100049ec:	465b      	mov	r3, fp
100049ee:	1e5a      	subs	r2, r3, #1
100049f0:	465b      	mov	r3, fp
100049f2:	4641      	mov	r1, r8
100049f4:	2000      	movs	r0, #0
100049f6:	47d0      	blx	sl
100049f8:	0028      	movs	r0, r5
100049fa:	b013      	add	sp, #76	@ 0x4c
100049fc:	bcf0      	pop	{r4, r5, r6, r7}
100049fe:	46bb      	mov	fp, r7
10004a00:	46b2      	mov	sl, r6
10004a02:	46a9      	mov	r9, r5
10004a04:	46a0      	mov	r8, r4
10004a06:	bdf0      	pop	{r4, r5, r6, r7, pc}
10004a08:	002a      	movs	r2, r5
10004a0a:	e7f1      	b.n	100049f0 <_vsnprintf+0x648>
10004a0c:	10003879 	.word	0x10003879

10004a10 <vfctprintf>:
10004a10:	b500      	push	{lr}
10004a12:	b085      	sub	sp, #20
10004a14:	9002      	str	r0, [sp, #8]
10004a16:	9103      	str	r1, [sp, #12]
10004a18:	2101      	movs	r1, #1
10004a1a:	4804      	ldr	r0, [pc, #16]	@ (10004a2c <vfctprintf+0x1c>)
10004a1c:	9300      	str	r3, [sp, #0]
10004a1e:	0013      	movs	r3, r2
10004a20:	424a      	negs	r2, r1
10004a22:	a902      	add	r1, sp, #8
10004a24:	f7ff fcc0 	bl	100043a8 <_vsnprintf>
10004a28:	b005      	add	sp, #20
10004a2a:	bd00      	pop	{pc}
10004a2c:	1000387b 	.word	0x1000387b

10004a30 <_exit>:
10004a30:	be00      	bkpt	0x0000
10004a32:	e7fd      	b.n	10004a30 <_exit>

10004a34 <exit>:
10004a34:	b510      	push	{r4, lr}
10004a36:	f7ff fffb 	bl	10004a30 <_exit>
	...

10004a3c <__assert_func>:
10004a3c:	b530      	push	{r4, r5, lr}
10004a3e:	b083      	sub	sp, #12
10004a40:	000d      	movs	r5, r1
10004a42:	0019      	movs	r1, r3
10004a44:	2a00      	cmp	r2, #0
10004a46:	d00b      	beq.n	10004a60 <__assert_func+0x24>
10004a48:	4b07      	ldr	r3, [pc, #28]	@ (10004a68 <__assert_func+0x2c>)
10004a4a:	4c08      	ldr	r4, [pc, #32]	@ (10004a6c <__assert_func+0x30>)
10004a4c:	9201      	str	r2, [sp, #4]
10004a4e:	9300      	str	r3, [sp, #0]
10004a50:	002b      	movs	r3, r5
10004a52:	0002      	movs	r2, r0
10004a54:	0020      	movs	r0, r4
10004a56:	f000 f95f 	bl	10004d18 <__wrap_printf>
10004a5a:	2001      	movs	r0, #1
10004a5c:	f7ff ffe8 	bl	10004a30 <_exit>
10004a60:	4b03      	ldr	r3, [pc, #12]	@ (10004a70 <__assert_func+0x34>)
10004a62:	001a      	movs	r2, r3
10004a64:	e7f1      	b.n	10004a4a <__assert_func+0xe>
10004a66:	46c0      	nop			@ (mov r8, r8)
10004a68:	10008748 	.word	0x10008748
10004a6c:	10008758 	.word	0x10008758
10004a70:	1000807c 	.word	0x1000807c

10004a74 <runtime_init>:
10004a74:	b510      	push	{r4, lr}
10004a76:	f3ef 8305 	mrs	r3, IPSR
10004a7a:	2b00      	cmp	r3, #0
10004a7c:	d000      	beq.n	10004a80 <runtime_init+0xc>
10004a7e:	be00      	bkpt	0x0000
10004a80:	f7fd f91e 	bl	10001cc0 <runtime_run_initializers>
10004a84:	4c03      	ldr	r4, [pc, #12]	@ (10004a94 <runtime_init+0x20>)
10004a86:	e001      	b.n	10004a8c <runtime_init+0x18>
10004a88:	cc08      	ldmia	r4!, {r3}
10004a8a:	4798      	blx	r3
10004a8c:	4b02      	ldr	r3, [pc, #8]	@ (10004a98 <runtime_init+0x24>)
10004a8e:	429c      	cmp	r4, r3
10004a90:	d3fa      	bcc.n	10004a88 <runtime_init+0x14>
10004a92:	bd10      	pop	{r4, pc}
10004a94:	10007ffc 	.word	0x10007ffc
10004a98:	10008004 	.word	0x10008004

10004a9c <stdio_out_chars_no_crlf>:
10004a9c:	b510      	push	{r4, lr}
10004a9e:	0003      	movs	r3, r0
10004aa0:	0008      	movs	r0, r1
10004aa2:	0011      	movs	r1, r2
10004aa4:	681b      	ldr	r3, [r3, #0]
10004aa6:	4798      	blx	r3
10004aa8:	bd10      	pop	{r4, pc}
	...

10004aac <stdio_out_chars_crlf>:
10004aac:	b5f8      	push	{r3, r4, r5, r6, r7, lr}
10004aae:	0007      	movs	r7, r0
10004ab0:	000d      	movs	r5, r1
10004ab2:	0016      	movs	r6, r2
10004ab4:	7d43      	ldrb	r3, [r0, #21]
10004ab6:	2b00      	cmp	r3, #0
10004ab8:	d002      	beq.n	10004ac0 <stdio_out_chars_crlf+0x14>
10004aba:	2400      	movs	r4, #0
10004abc:	2000      	movs	r0, #0
10004abe:	e00c      	b.n	10004ada <stdio_out_chars_crlf+0x2e>
10004ac0:	6803      	ldr	r3, [r0, #0]
10004ac2:	0011      	movs	r1, r2
10004ac4:	0028      	movs	r0, r5
10004ac6:	4798      	blx	r3
10004ac8:	e02d      	b.n	10004b26 <stdio_out_chars_crlf+0x7a>
10004aca:	7d3b      	ldrb	r3, [r7, #20]
10004acc:	e010      	b.n	10004af0 <stdio_out_chars_crlf+0x44>
10004ace:	683b      	ldr	r3, [r7, #0]
10004ad0:	4815      	ldr	r0, [pc, #84]	@ (10004b28 <stdio_out_chars_crlf+0x7c>)
10004ad2:	2102      	movs	r1, #2
10004ad4:	4798      	blx	r3
10004ad6:	1c60      	adds	r0, r4, #1
10004ad8:	3401      	adds	r4, #1
10004ada:	42b4      	cmp	r4, r6
10004adc:	da14      	bge.n	10004b08 <stdio_out_chars_crlf+0x5c>
10004ade:	2c00      	cmp	r4, #0
10004ae0:	ddf3      	ble.n	10004aca <stdio_out_chars_crlf+0x1e>
10004ae2:	192b      	adds	r3, r5, r4
10004ae4:	3b01      	subs	r3, #1
10004ae6:	781b      	ldrb	r3, [r3, #0]
10004ae8:	3b0d      	subs	r3, #13
10004aea:	425a      	negs	r2, r3
10004aec:	4153      	adcs	r3, r2
10004aee:	b2db      	uxtb	r3, r3
10004af0:	5d2a      	ldrb	r2, [r5, r4]
10004af2:	2a0a      	cmp	r2, #10
10004af4:	d1f0      	bne.n	10004ad8 <stdio_out_chars_crlf+0x2c>
10004af6:	2b00      	cmp	r3, #0
10004af8:	d1ee      	bne.n	10004ad8 <stdio_out_chars_crlf+0x2c>
10004afa:	42a0      	cmp	r0, r4
10004afc:	dae7      	bge.n	10004ace <stdio_out_chars_crlf+0x22>
10004afe:	683b      	ldr	r3, [r7, #0]
10004b00:	1a21      	subs	r1, r4, r0
10004b02:	1828      	adds	r0, r5, r0
10004b04:	4798      	blx	r3
10004b06:	e7e2      	b.n	10004ace <stdio_out_chars_crlf+0x22>
10004b08:	42b0      	cmp	r0, r6
10004b0a:	da03      	bge.n	10004b14 <stdio_out_chars_crlf+0x68>
10004b0c:	683b      	ldr	r3, [r7, #0]
10004b0e:	1a31      	subs	r1, r6, r0
10004b10:	1828      	adds	r0, r5, r0
10004b12:	4798      	blx	r3
10004b14:	2e00      	cmp	r6, #0
10004b16:	dd06      	ble.n	10004b26 <stdio_out_chars_crlf+0x7a>
10004b18:	19ad      	adds	r5, r5, r6
10004b1a:	3d01      	subs	r5, #1
10004b1c:	782b      	ldrb	r3, [r5, #0]
10004b1e:	3b0d      	subs	r3, #13
10004b20:	425a      	negs	r2, r3
10004b22:	4153      	adcs	r3, r2
10004b24:	753b      	strb	r3, [r7, #20]
10004b26:	bdf8      	pop	{r3, r4, r5, r6, r7, pc}
10004b28:	10009010 	.word	0x10009010

10004b2c <stdio_stack_buffer_flush>:
10004b2c:	b570      	push	{r4, r5, r6, lr}
10004b2e:	0005      	movs	r5, r0
10004b30:	6803      	ldr	r3, [r0, #0]
10004b32:	2b00      	cmp	r3, #0
10004b34:	d016      	beq.n	10004b64 <stdio_stack_buffer_flush+0x38>
10004b36:	4b0c      	ldr	r3, [pc, #48]	@ (10004b68 <stdio_stack_buffer_flush+0x3c>)
10004b38:	681c      	ldr	r4, [r3, #0]
10004b3a:	e005      	b.n	10004b48 <stdio_stack_buffer_flush+0x1c>
10004b3c:	0029      	movs	r1, r5
10004b3e:	c904      	ldmia	r1!, {r2}
10004b40:	0020      	movs	r0, r4
10004b42:	f7ff ffb3 	bl	10004aac <stdio_out_chars_crlf>
10004b46:	6924      	ldr	r4, [r4, #16]
10004b48:	2c00      	cmp	r4, #0
10004b4a:	d009      	beq.n	10004b60 <stdio_stack_buffer_flush+0x34>
10004b4c:	6823      	ldr	r3, [r4, #0]
10004b4e:	2b00      	cmp	r3, #0
10004b50:	d0f9      	beq.n	10004b46 <stdio_stack_buffer_flush+0x1a>
10004b52:	4b06      	ldr	r3, [pc, #24]	@ (10004b6c <stdio_stack_buffer_flush+0x40>)
10004b54:	681b      	ldr	r3, [r3, #0]
10004b56:	2b00      	cmp	r3, #0
10004b58:	d0f0      	beq.n	10004b3c <stdio_stack_buffer_flush+0x10>
10004b5a:	42a3      	cmp	r3, r4
10004b5c:	d1f3      	bne.n	10004b46 <stdio_stack_buffer_flush+0x1a>
10004b5e:	e7ed      	b.n	10004b3c <stdio_stack_buffer_flush+0x10>
10004b60:	2300      	movs	r3, #0
10004b62:	602b      	str	r3, [r5, #0]
10004b64:	bd70      	pop	{r4, r5, r6, pc}
10004b66:	46c0      	nop			@ (mov r8, r8)
10004b68:	2000156c 	.word	0x2000156c
10004b6c:	20001574 	.word	0x20001574

10004b70 <stdio_buffered_printer>:
10004b70:	b570      	push	{r4, r5, r6, lr}
10004b72:	0005      	movs	r5, r0
10004b74:	000c      	movs	r4, r1
10004b76:	680b      	ldr	r3, [r1, #0]
10004b78:	2b80      	cmp	r3, #128	@ 0x80
10004b7a:	d005      	beq.n	10004b88 <stdio_buffered_printer+0x18>
10004b7c:	6823      	ldr	r3, [r4, #0]
10004b7e:	1c5a      	adds	r2, r3, #1
10004b80:	6022      	str	r2, [r4, #0]
10004b82:	18e4      	adds	r4, r4, r3
10004b84:	7125      	strb	r5, [r4, #4]
10004b86:	bd70      	pop	{r4, r5, r6, pc}
10004b88:	0008      	movs	r0, r1
10004b8a:	f7ff ffcf 	bl	10004b2c <stdio_stack_buffer_flush>
10004b8e:	e7f5      	b.n	10004b7c <stdio_buffered_printer+0xc>

10004b90 <stdout_serialize_begin>:
10004b90:	b510      	push	{r4, lr}
10004b92:	f7fc fe97 	bl	100018c4 <time_us_64>
10004b96:	4a07      	ldr	r2, [pc, #28]	@ (10004bb4 <stdout_serialize_begin+0x24>)
10004b98:	2300      	movs	r3, #0
10004b9a:	1812      	adds	r2, r2, r0
10004b9c:	414b      	adcs	r3, r1
10004b9e:	2b00      	cmp	r3, #0
10004ba0:	db03      	blt.n	10004baa <stdout_serialize_begin+0x1a>
10004ba2:	4805      	ldr	r0, [pc, #20]	@ (10004bb8 <stdout_serialize_begin+0x28>)
10004ba4:	f003 f9e4 	bl	10007f70 <__mutex_try_enter_block_until_veneer>
10004ba8:	bd10      	pop	{r4, pc}
10004baa:	2201      	movs	r2, #1
10004bac:	4252      	negs	r2, r2
10004bae:	4b03      	ldr	r3, [pc, #12]	@ (10004bbc <stdout_serialize_begin+0x2c>)
10004bb0:	e7f7      	b.n	10004ba2 <stdout_serialize_begin+0x12>
10004bb2:	46c0      	nop			@ (mov r8, r8)
10004bb4:	000f4240 	.word	0x000f4240
10004bb8:	20000cd0 	.word	0x20000cd0
10004bbc:	7fffffff 	.word	0x7fffffff

10004bc0 <stdout_serialize_end>:
10004bc0:	b510      	push	{r4, lr}
10004bc2:	4802      	ldr	r0, [pc, #8]	@ (10004bcc <stdout_serialize_end+0xc>)
10004bc4:	f003 f9a4 	bl	10007f10 <__mutex_exit_veneer>
10004bc8:	bd10      	pop	{r4, pc}
10004bca:	46c0      	nop			@ (mov r8, r8)
10004bcc:	20000cd0 	.word	0x20000cd0

10004bd0 <stdio_put_string>:
10004bd0:	b5f0      	push	{r4, r5, r6, r7, lr}
10004bd2:	46ce      	mov	lr, r9
10004bd4:	4647      	mov	r7, r8
10004bd6:	b580      	push	{r7, lr}
10004bd8:	b083      	sub	sp, #12
10004bda:	0006      	movs	r6, r0
10004bdc:	000d      	movs	r5, r1
10004bde:	4690      	mov	r8, r2
10004be0:	001c      	movs	r4, r3
10004be2:	f7ff ffd5 	bl	10004b90 <stdout_serialize_begin>
10004be6:	4681      	mov	r9, r0
10004be8:	1c6b      	adds	r3, r5, #1
10004bea:	d005      	beq.n	10004bf8 <stdio_put_string+0x28>
10004bec:	2c00      	cmp	r4, #0
10004bee:	d008      	beq.n	10004c02 <stdio_put_string+0x32>
10004bf0:	4f18      	ldr	r7, [pc, #96]	@ (10004c54 <stdio_put_string+0x84>)
10004bf2:	4b19      	ldr	r3, [pc, #100]	@ (10004c58 <stdio_put_string+0x88>)
10004bf4:	681c      	ldr	r4, [r3, #0]
10004bf6:	e007      	b.n	10004c08 <stdio_put_string+0x38>
10004bf8:	0030      	movs	r0, r6
10004bfa:	f003 f947 	bl	10007e8c <strlen>
10004bfe:	0005      	movs	r5, r0
10004c00:	e7f4      	b.n	10004bec <stdio_put_string+0x1c>
10004c02:	4f16      	ldr	r7, [pc, #88]	@ (10004c5c <stdio_put_string+0x8c>)
10004c04:	e7f5      	b.n	10004bf2 <stdio_put_string+0x22>
10004c06:	6924      	ldr	r4, [r4, #16]
10004c08:	2c00      	cmp	r4, #0
10004c0a:	d017      	beq.n	10004c3c <stdio_put_string+0x6c>
10004c0c:	6823      	ldr	r3, [r4, #0]
10004c0e:	2b00      	cmp	r3, #0
10004c10:	d0f9      	beq.n	10004c06 <stdio_put_string+0x36>
10004c12:	4b13      	ldr	r3, [pc, #76]	@ (10004c60 <stdio_put_string+0x90>)
10004c14:	681b      	ldr	r3, [r3, #0]
10004c16:	2b00      	cmp	r3, #0
10004c18:	d001      	beq.n	10004c1e <stdio_put_string+0x4e>
10004c1a:	42a3      	cmp	r3, r4
10004c1c:	d1f3      	bne.n	10004c06 <stdio_put_string+0x36>
10004c1e:	002a      	movs	r2, r5
10004c20:	0031      	movs	r1, r6
10004c22:	0020      	movs	r0, r4
10004c24:	47b8      	blx	r7
10004c26:	4643      	mov	r3, r8
10004c28:	2b00      	cmp	r3, #0
10004c2a:	d0ec      	beq.n	10004c06 <stdio_put_string+0x36>
10004c2c:	466b      	mov	r3, sp
10004c2e:	1dd9      	adds	r1, r3, #7
10004c30:	230a      	movs	r3, #10
10004c32:	700b      	strb	r3, [r1, #0]
10004c34:	2201      	movs	r2, #1
10004c36:	0020      	movs	r0, r4
10004c38:	47b8      	blx	r7
10004c3a:	e7e4      	b.n	10004c06 <stdio_put_string+0x36>
10004c3c:	464b      	mov	r3, r9
10004c3e:	2b00      	cmp	r3, #0
10004c40:	d105      	bne.n	10004c4e <stdio_put_string+0x7e>
10004c42:	0028      	movs	r0, r5
10004c44:	b003      	add	sp, #12
10004c46:	bcc0      	pop	{r6, r7}
10004c48:	46b9      	mov	r9, r7
10004c4a:	46b0      	mov	r8, r6
10004c4c:	bdf0      	pop	{r4, r5, r6, r7, pc}
10004c4e:	f7ff ffb7 	bl	10004bc0 <stdout_serialize_end>
10004c52:	e7f6      	b.n	10004c42 <stdio_put_string+0x72>
10004c54:	10004aad 	.word	0x10004aad
10004c58:	2000156c 	.word	0x2000156c
10004c5c:	10004a9d 	.word	0x10004a9d
10004c60:	20001574 	.word	0x20001574

10004c64 <stdio_set_driver_enabled>:
10004c64:	4a09      	ldr	r2, [pc, #36]	@ (10004c8c <stdio_set_driver_enabled+0x28>)
10004c66:	e001      	b.n	10004c6c <stdio_set_driver_enabled+0x8>
10004c68:	3310      	adds	r3, #16
10004c6a:	001a      	movs	r2, r3
10004c6c:	6813      	ldr	r3, [r2, #0]
10004c6e:	2b00      	cmp	r3, #0
10004c70:	d008      	beq.n	10004c84 <stdio_set_driver_enabled+0x20>
10004c72:	4283      	cmp	r3, r0
10004c74:	d1f8      	bne.n	10004c68 <stdio_set_driver_enabled+0x4>
10004c76:	2900      	cmp	r1, #0
10004c78:	d107      	bne.n	10004c8a <stdio_set_driver_enabled+0x26>
10004c7a:	6903      	ldr	r3, [r0, #16]
10004c7c:	6013      	str	r3, [r2, #0]
10004c7e:	2300      	movs	r3, #0
10004c80:	6103      	str	r3, [r0, #16]
10004c82:	e002      	b.n	10004c8a <stdio_set_driver_enabled+0x26>
10004c84:	2900      	cmp	r1, #0
10004c86:	d000      	beq.n	10004c8a <stdio_set_driver_enabled+0x26>
10004c88:	6010      	str	r0, [r2, #0]
10004c8a:	4770      	bx	lr
10004c8c:	2000156c 	.word	0x2000156c

10004c90 <stdio_flush>:
10004c90:	b510      	push	{r4, lr}
10004c92:	4b06      	ldr	r3, [pc, #24]	@ (10004cac <stdio_flush+0x1c>)
10004c94:	681c      	ldr	r4, [r3, #0]
10004c96:	e001      	b.n	10004c9c <stdio_flush+0xc>
10004c98:	4798      	blx	r3
10004c9a:	6924      	ldr	r4, [r4, #16]
10004c9c:	2c00      	cmp	r4, #0
10004c9e:	d003      	beq.n	10004ca8 <stdio_flush+0x18>
10004ca0:	6863      	ldr	r3, [r4, #4]
10004ca2:	2b00      	cmp	r3, #0
10004ca4:	d1f8      	bne.n	10004c98 <stdio_flush+0x8>
10004ca6:	e7f8      	b.n	10004c9a <stdio_flush+0xa>
10004ca8:	bd10      	pop	{r4, pc}
10004caa:	46c0      	nop			@ (mov r8, r8)
10004cac:	2000156c 	.word	0x2000156c

10004cb0 <stdio_init_all>:
10004cb0:	b510      	push	{r4, lr}
10004cb2:	f000 f9c9 	bl	10005048 <stdio_usb_init>
10004cb6:	bd10      	pop	{r4, pc}

10004cb8 <__wrap_puts>:
10004cb8:	b570      	push	{r4, r5, r6, lr}
10004cba:	0005      	movs	r5, r0
10004cbc:	f003 f8e6 	bl	10007e8c <strlen>
10004cc0:	0004      	movs	r4, r0
10004cc2:	2301      	movs	r3, #1
10004cc4:	2201      	movs	r2, #1
10004cc6:	0001      	movs	r1, r0
10004cc8:	0028      	movs	r0, r5
10004cca:	f7ff ff81 	bl	10004bd0 <stdio_put_string>
10004cce:	f7ff ffdf 	bl	10004c90 <stdio_flush>
10004cd2:	0020      	movs	r0, r4
10004cd4:	bd70      	pop	{r4, r5, r6, pc}
	...

10004cd8 <__wrap_vprintf>:
10004cd8:	b570      	push	{r4, r5, r6, lr}
10004cda:	b0a2      	sub	sp, #136	@ 0x88
10004cdc:	0004      	movs	r4, r0
10004cde:	000e      	movs	r6, r1
10004ce0:	f7ff ff56 	bl	10004b90 <stdout_serialize_begin>
10004ce4:	0005      	movs	r5, r0
10004ce6:	2300      	movs	r3, #0
10004ce8:	9301      	str	r3, [sp, #4]
10004cea:	480a      	ldr	r0, [pc, #40]	@ (10004d14 <__wrap_vprintf+0x3c>)
10004cec:	0033      	movs	r3, r6
10004cee:	0022      	movs	r2, r4
10004cf0:	a901      	add	r1, sp, #4
10004cf2:	f7ff fe8d 	bl	10004a10 <vfctprintf>
10004cf6:	0004      	movs	r4, r0
10004cf8:	a801      	add	r0, sp, #4
10004cfa:	f7ff ff17 	bl	10004b2c <stdio_stack_buffer_flush>
10004cfe:	f7ff ffc7 	bl	10004c90 <stdio_flush>
10004d02:	2d00      	cmp	r5, #0
10004d04:	d102      	bne.n	10004d0c <__wrap_vprintf+0x34>
10004d06:	0020      	movs	r0, r4
10004d08:	b022      	add	sp, #136	@ 0x88
10004d0a:	bd70      	pop	{r4, r5, r6, pc}
10004d0c:	f7ff ff58 	bl	10004bc0 <stdout_serialize_end>
10004d10:	e7f9      	b.n	10004d06 <__wrap_vprintf+0x2e>
10004d12:	46c0      	nop			@ (mov r8, r8)
10004d14:	10004b71 	.word	0x10004b71

10004d18 <__wrap_printf>:
10004d18:	b40f      	push	{r0, r1, r2, r3}
10004d1a:	b500      	push	{lr}
10004d1c:	b083      	sub	sp, #12
10004d1e:	a904      	add	r1, sp, #16
10004d20:	c901      	ldmia	r1!, {r0}
10004d22:	9101      	str	r1, [sp, #4]
10004d24:	f7ff ffd8 	bl	10004cd8 <__wrap_vprintf>
10004d28:	b003      	add	sp, #12
10004d2a:	bc08      	pop	{r3}
10004d2c:	b004      	add	sp, #16
10004d2e:	4718      	bx	r3

10004d30 <resetd_init>:
10004d30:	4770      	bx	lr
	...

10004d34 <resetd_reset>:
10004d34:	4b01      	ldr	r3, [pc, #4]	@ (10004d3c <resetd_reset+0x8>)
10004d36:	2200      	movs	r2, #0
10004d38:	701a      	strb	r2, [r3, #0]
10004d3a:	4770      	bx	lr
10004d3c:	20001c02 	.word	0x20001c02

10004d40 <resetd_open>:
10004d40:	794b      	ldrb	r3, [r1, #5]
10004d42:	2bff      	cmp	r3, #255	@ 0xff
10004d44:	d10c      	bne.n	10004d60 <resetd_open+0x20>
10004d46:	798b      	ldrb	r3, [r1, #6]
10004d48:	2b00      	cmp	r3, #0
10004d4a:	d10b      	bne.n	10004d64 <resetd_open+0x24>
10004d4c:	79cb      	ldrb	r3, [r1, #7]
10004d4e:	2b01      	cmp	r3, #1
10004d50:	d10a      	bne.n	10004d68 <resetd_open+0x28>
10004d52:	2a08      	cmp	r2, #8
10004d54:	d90a      	bls.n	10004d6c <resetd_open+0x2c>
10004d56:	788a      	ldrb	r2, [r1, #2]
10004d58:	4b05      	ldr	r3, [pc, #20]	@ (10004d70 <resetd_open+0x30>)
10004d5a:	701a      	strb	r2, [r3, #0]
10004d5c:	2009      	movs	r0, #9
10004d5e:	e000      	b.n	10004d62 <resetd_open+0x22>
10004d60:	2000      	movs	r0, #0
10004d62:	4770      	bx	lr
10004d64:	2000      	movs	r0, #0
10004d66:	e7fc      	b.n	10004d62 <resetd_open+0x22>
10004d68:	2000      	movs	r0, #0
10004d6a:	e7fa      	b.n	10004d62 <resetd_open+0x22>
10004d6c:	2000      	movs	r0, #0
10004d6e:	e7f8      	b.n	10004d62 <resetd_open+0x22>
10004d70:	20001c02 	.word	0x20001c02

10004d74 <resetd_xfer_cb>:
10004d74:	2001      	movs	r0, #1
10004d76:	4770      	bx	lr

10004d78 <resetd_control_xfer_cb>:
10004d78:	b510      	push	{r4, lr}
10004d7a:	2901      	cmp	r1, #1
10004d7c:	d128      	bne.n	10004dd0 <resetd_control_xfer_cb+0x58>
10004d7e:	7911      	ldrb	r1, [r2, #4]
10004d80:	7953      	ldrb	r3, [r2, #5]
10004d82:	021b      	lsls	r3, r3, #8
10004d84:	430b      	orrs	r3, r1
10004d86:	4913      	ldr	r1, [pc, #76]	@ (10004dd4 <resetd_control_xfer_cb+0x5c>)
10004d88:	7809      	ldrb	r1, [r1, #0]
10004d8a:	428b      	cmp	r3, r1
10004d8c:	d001      	beq.n	10004d92 <resetd_control_xfer_cb+0x1a>
10004d8e:	2000      	movs	r0, #0
10004d90:	e01f      	b.n	10004dd2 <resetd_control_xfer_cb+0x5a>
10004d92:	7853      	ldrb	r3, [r2, #1]
10004d94:	2b01      	cmp	r3, #1
10004d96:	d003      	beq.n	10004da0 <resetd_control_xfer_cb+0x28>
10004d98:	2b02      	cmp	r3, #2
10004d9a:	d012      	beq.n	10004dc2 <resetd_control_xfer_cb+0x4a>
10004d9c:	2000      	movs	r0, #0
10004d9e:	e018      	b.n	10004dd2 <resetd_control_xfer_cb+0x5a>
10004da0:	7891      	ldrb	r1, [r2, #2]
10004da2:	78d3      	ldrb	r3, [r2, #3]
10004da4:	021b      	lsls	r3, r3, #8
10004da6:	4319      	orrs	r1, r3
10004da8:	05db      	lsls	r3, r3, #23
10004daa:	d507      	bpl.n	10004dbc <resetd_control_xfer_cb+0x44>
10004dac:	0a48      	lsrs	r0, r1, #9
10004dae:	0a4a      	lsrs	r2, r1, #9
10004db0:	2301      	movs	r3, #1
10004db2:	401a      	ands	r2, r3
10004db4:	337e      	adds	r3, #126	@ 0x7e
10004db6:	4019      	ands	r1, r3
10004db8:	f7fc ff4c 	bl	10001c54 <rom_reset_usb_boot_extra>
10004dbc:	2001      	movs	r0, #1
10004dbe:	4240      	negs	r0, r0
10004dc0:	e7f5      	b.n	10004dae <resetd_control_xfer_cb+0x36>
10004dc2:	2264      	movs	r2, #100	@ 0x64
10004dc4:	2100      	movs	r1, #0
10004dc6:	2000      	movs	r0, #0
10004dc8:	f7fc feec 	bl	10001ba4 <watchdog_reboot>
10004dcc:	2001      	movs	r0, #1
10004dce:	e000      	b.n	10004dd2 <resetd_control_xfer_cb+0x5a>
10004dd0:	2001      	movs	r0, #1
10004dd2:	bd10      	pop	{r4, pc}
10004dd4:	20001c02 	.word	0x20001c02

10004dd8 <tud_descriptor_bos_cb>:
10004dd8:	4800      	ldr	r0, [pc, #0]	@ (10004ddc <tud_descriptor_bos_cb+0x4>)
10004dda:	4770      	bx	lr
10004ddc:	100090dc 	.word	0x100090dc

10004de0 <tud_vendor_control_xfer_cb>:
10004de0:	b510      	push	{r4, lr}
10004de2:	0014      	movs	r4, r2
10004de4:	2901      	cmp	r1, #1
10004de6:	d110      	bne.n	10004e0a <tud_vendor_control_xfer_cb+0x2a>
10004de8:	7853      	ldrb	r3, [r2, #1]
10004dea:	2b01      	cmp	r3, #1
10004dec:	d10f      	bne.n	10004e0e <tud_vendor_control_xfer_cb+0x2e>
10004dee:	7912      	ldrb	r2, [r2, #4]
10004df0:	7963      	ldrb	r3, [r4, #5]
10004df2:	021b      	lsls	r3, r3, #8
10004df4:	4313      	orrs	r3, r2
10004df6:	2b07      	cmp	r3, #7
10004df8:	d001      	beq.n	10004dfe <tud_vendor_control_xfer_cb+0x1e>
10004dfa:	2000      	movs	r0, #0
10004dfc:	e006      	b.n	10004e0c <tud_vendor_control_xfer_cb+0x2c>
10004dfe:	4a05      	ldr	r2, [pc, #20]	@ (10004e14 <tud_vendor_control_xfer_cb+0x34>)
10004e00:	339f      	adds	r3, #159	@ 0x9f
10004e02:	0021      	movs	r1, r4
10004e04:	f001 fb5a 	bl	100064bc <tud_control_xfer>
10004e08:	e000      	b.n	10004e0c <tud_vendor_control_xfer_cb+0x2c>
10004e0a:	2001      	movs	r0, #1
10004e0c:	bd10      	pop	{r4, pc}
10004e0e:	2000      	movs	r0, #0
10004e10:	e7fc      	b.n	10004e0c <tud_vendor_control_xfer_cb+0x2c>
10004e12:	46c0      	nop			@ (mov r8, r8)
10004e14:	10009034 	.word	0x10009034

10004e18 <usbd_app_driver_get_cb>:
10004e18:	2301      	movs	r3, #1
10004e1a:	7003      	strb	r3, [r0, #0]
10004e1c:	4800      	ldr	r0, [pc, #0]	@ (10004e20 <usbd_app_driver_get_cb+0x8>)
10004e1e:	4770      	bx	lr
10004e20:	10009014 	.word	0x10009014

10004e24 <tud_cdc_line_coding_cb>:
10004e24:	b510      	push	{r4, lr}
10004e26:	780a      	ldrb	r2, [r1, #0]
10004e28:	784b      	ldrb	r3, [r1, #1]
10004e2a:	021b      	lsls	r3, r3, #8
10004e2c:	4313      	orrs	r3, r2
10004e2e:	788a      	ldrb	r2, [r1, #2]
10004e30:	0412      	lsls	r2, r2, #16
10004e32:	431a      	orrs	r2, r3
10004e34:	78cb      	ldrb	r3, [r1, #3]
10004e36:	061b      	lsls	r3, r3, #24
10004e38:	4313      	orrs	r3, r2
10004e3a:	2296      	movs	r2, #150	@ 0x96
10004e3c:	00d2      	lsls	r2, r2, #3
10004e3e:	4293      	cmp	r3, r2
10004e40:	d000      	beq.n	10004e44 <tud_cdc_line_coding_cb+0x20>
10004e42:	bd10      	pop	{r4, pc}
10004e44:	2001      	movs	r0, #1
10004e46:	2200      	movs	r2, #0
10004e48:	0011      	movs	r1, r2
10004e4a:	4240      	negs	r0, r0
10004e4c:	f7fc ff02 	bl	10001c54 <rom_reset_usb_boot_extra>

10004e50 <stdio_usb_set_chars_available_callback>:
10004e50:	4b02      	ldr	r3, [pc, #8]	@ (10004e5c <stdio_usb_set_chars_available_callback+0xc>)
10004e52:	6018      	str	r0, [r3, #0]
10004e54:	4b02      	ldr	r3, [pc, #8]	@ (10004e60 <stdio_usb_set_chars_available_callback+0x10>)
10004e56:	6019      	str	r1, [r3, #0]
10004e58:	4770      	bx	lr
10004e5a:	46c0      	nop			@ (mov r8, r8)
10004e5c:	20001508 	.word	0x20001508
10004e60:	2000150c 	.word	0x2000150c

10004e64 <stdio_usb_out_flush>:
10004e64:	b510      	push	{r4, lr}
10004e66:	f7fc fd2d 	bl	100018c4 <time_us_64>
10004e6a:	4a0e      	ldr	r2, [pc, #56]	@ (10004ea4 <stdio_usb_out_flush+0x40>)
10004e6c:	2300      	movs	r3, #0
10004e6e:	1812      	adds	r2, r2, r0
10004e70:	414b      	adcs	r3, r1
10004e72:	2b00      	cmp	r3, #0
10004e74:	db12      	blt.n	10004e9c <stdio_usb_out_flush+0x38>
10004e76:	480c      	ldr	r0, [pc, #48]	@ (10004ea8 <stdio_usb_out_flush+0x44>)
10004e78:	f003 f87a 	bl	10007f70 <__mutex_try_enter_block_until_veneer>
10004e7c:	2800      	cmp	r0, #0
10004e7e:	d00c      	beq.n	10004e9a <stdio_usb_out_flush+0x36>
10004e80:	2001      	movs	r0, #1
10004e82:	2100      	movs	r1, #0
10004e84:	4240      	negs	r0, r0
10004e86:	f001 f9df 	bl	10006248 <tud_task_ext>
10004e8a:	2000      	movs	r0, #0
10004e8c:	f001 fc84 	bl	10006798 <tud_cdc_n_write_flush>
10004e90:	2800      	cmp	r0, #0
10004e92:	d1f5      	bne.n	10004e80 <stdio_usb_out_flush+0x1c>
10004e94:	4804      	ldr	r0, [pc, #16]	@ (10004ea8 <stdio_usb_out_flush+0x44>)
10004e96:	f003 f83b 	bl	10007f10 <__mutex_exit_veneer>
10004e9a:	bd10      	pop	{r4, pc}
10004e9c:	2201      	movs	r2, #1
10004e9e:	4252      	negs	r2, r2
10004ea0:	4b02      	ldr	r3, [pc, #8]	@ (10004eac <stdio_usb_out_flush+0x48>)
10004ea2:	e7e8      	b.n	10004e76 <stdio_usb_out_flush+0x12>
10004ea4:	000f4240 	.word	0x000f4240
10004ea8:	20001bdc 	.word	0x20001bdc
10004eac:	7fffffff 	.word	0x7fffffff

10004eb0 <usb_irq>:
10004eb0:	b510      	push	{r4, lr}
10004eb2:	4b02      	ldr	r3, [pc, #8]	@ (10004ebc <usb_irq+0xc>)
10004eb4:	7818      	ldrb	r0, [r3, #0]
10004eb6:	f7fb fe99 	bl	10000bec <irq_set_pending>
10004eba:	bd10      	pop	{r4, pc}
10004ebc:	20001c03 	.word	0x20001c03

10004ec0 <timer_task>:
10004ec0:	b570      	push	{r4, r5, r6, lr}
10004ec2:	4b17      	ldr	r3, [pc, #92]	@ (10004f20 <timer_task+0x60>)
10004ec4:	681b      	ldr	r3, [r3, #0]
10004ec6:	2b00      	cmp	r3, #0
10004ec8:	d020      	beq.n	10004f0c <timer_task+0x4c>
10004eca:	f3ef 8210 	mrs	r2, PRIMASK
10004ece:	b672      	cpsid	i
10004ed0:	0010      	movs	r0, r2
10004ed2:	6819      	ldr	r1, [r3, #0]
10004ed4:	2900      	cmp	r1, #0
10004ed6:	d0fc      	beq.n	10004ed2 <timer_task+0x12>
10004ed8:	f3bf 8f5f 	dmb	sy
10004edc:	4910      	ldr	r1, [pc, #64]	@ (10004f20 <timer_task+0x60>)
10004ede:	604a      	str	r2, [r1, #4]
10004ee0:	4b10      	ldr	r3, [pc, #64]	@ (10004f24 <timer_task+0x64>)
10004ee2:	2200      	movs	r2, #0
10004ee4:	701a      	strb	r2, [r3, #0]
10004ee6:	680b      	ldr	r3, [r1, #0]
10004ee8:	f3bf 8f5f 	dmb	sy
10004eec:	601a      	str	r2, [r3, #0]
10004eee:	f380 8810 	msr	PRIMASK, r0
10004ef2:	2400      	movs	r4, #0
10004ef4:	2500      	movs	r5, #0
10004ef6:	4b0c      	ldr	r3, [pc, #48]	@ (10004f28 <timer_task+0x68>)
10004ef8:	7818      	ldrb	r0, [r3, #0]
10004efa:	f7fb fe53 	bl	10000ba4 <irq_is_enabled>
10004efe:	2800      	cmp	r0, #0
10004f00:	d108      	bne.n	10004f14 <timer_task+0x54>
10004f02:	2400      	movs	r4, #0
10004f04:	2500      	movs	r5, #0
10004f06:	0020      	movs	r0, r4
10004f08:	0029      	movs	r1, r5
10004f0a:	bd70      	pop	{r4, r5, r6, pc}
10004f0c:	24fa      	movs	r4, #250	@ 0xfa
10004f0e:	00a4      	lsls	r4, r4, #2
10004f10:	2500      	movs	r5, #0
10004f12:	e7f0      	b.n	10004ef6 <timer_task+0x36>
10004f14:	4b04      	ldr	r3, [pc, #16]	@ (10004f28 <timer_task+0x68>)
10004f16:	7818      	ldrb	r0, [r3, #0]
10004f18:	f7fb fe68 	bl	10000bec <irq_set_pending>
10004f1c:	e7f3      	b.n	10004f06 <timer_task+0x46>
10004f1e:	46c0      	nop			@ (mov r8, r8)
10004f20:	200019a0 	.word	0x200019a0
10004f24:	20001c04 	.word	0x20001c04
10004f28:	20001c03 	.word	0x20001c03

10004f2c <alarm_pool_add_alarm_in_us>:
10004f2c:	b5f0      	push	{r4, r5, r6, r7, lr}
10004f2e:	b085      	sub	sp, #20
10004f30:	0006      	movs	r6, r0
10004f32:	0014      	movs	r4, r2
10004f34:	001d      	movs	r5, r3
10004f36:	ab0c      	add	r3, sp, #48	@ 0x30
10004f38:	781f      	ldrb	r7, [r3, #0]
10004f3a:	f7fc fcc3 	bl	100018c4 <time_us_64>
10004f3e:	0022      	movs	r2, r4
10004f40:	002b      	movs	r3, r5
10004f42:	1812      	adds	r2, r2, r0
10004f44:	414b      	adcs	r3, r1
10004f46:	2b00      	cmp	r3, #0
10004f48:	db09      	blt.n	10004f5e <alarm_pool_add_alarm_in_us+0x32>
10004f4a:	9702      	str	r7, [sp, #8]
10004f4c:	990b      	ldr	r1, [sp, #44]	@ 0x2c
10004f4e:	9101      	str	r1, [sp, #4]
10004f50:	990a      	ldr	r1, [sp, #40]	@ 0x28
10004f52:	9100      	str	r1, [sp, #0]
10004f54:	0030      	movs	r0, r6
10004f56:	f7fc fae7 	bl	10001528 <alarm_pool_add_alarm_at>
10004f5a:	b005      	add	sp, #20
10004f5c:	bdf0      	pop	{r4, r5, r6, r7, pc}
10004f5e:	2201      	movs	r2, #1
10004f60:	4252      	negs	r2, r2
10004f62:	4b01      	ldr	r3, [pc, #4]	@ (10004f68 <alarm_pool_add_alarm_in_us+0x3c>)
10004f64:	e7f1      	b.n	10004f4a <alarm_pool_add_alarm_in_us+0x1e>
10004f66:	46c0      	nop			@ (mov r8, r8)
10004f68:	7fffffff 	.word	0x7fffffff

10004f6c <add_alarm_in_us>:
10004f6c:	b5f0      	push	{r4, r5, r6, r7, lr}
10004f6e:	46c6      	mov	lr, r8
10004f70:	b500      	push	{lr}
10004f72:	b084      	sub	sp, #16
10004f74:	0005      	movs	r5, r0
10004f76:	4688      	mov	r8, r1
10004f78:	0016      	movs	r6, r2
10004f7a:	001f      	movs	r7, r3
10004f7c:	ab0a      	add	r3, sp, #40	@ 0x28
10004f7e:	781c      	ldrb	r4, [r3, #0]
10004f80:	f7fc fa6a 	bl	10001458 <alarm_pool_get_default>
10004f84:	9402      	str	r4, [sp, #8]
10004f86:	9701      	str	r7, [sp, #4]
10004f88:	9600      	str	r6, [sp, #0]
10004f8a:	002a      	movs	r2, r5
10004f8c:	4643      	mov	r3, r8
10004f8e:	f7ff ffcd 	bl	10004f2c <alarm_pool_add_alarm_in_us>
10004f92:	b004      	add	sp, #16
10004f94:	bc80      	pop	{r7}
10004f96:	46b8      	mov	r8, r7
10004f98:	bdf0      	pop	{r4, r5, r6, r7, pc}
	...

10004f9c <low_priority_worker_irq>:
10004f9c:	b510      	push	{r4, lr}
10004f9e:	b082      	sub	sp, #8
10004fa0:	4823      	ldr	r0, [pc, #140]	@ (10005030 <low_priority_worker_irq+0x94>)
10004fa2:	2100      	movs	r1, #0
10004fa4:	f002 ffcc 	bl	10007f40 <__mutex_try_enter_veneer>
10004fa8:	2800      	cmp	r0, #0
10004faa:	d120      	bne.n	10004fee <low_priority_worker_irq+0x52>
10004fac:	4b21      	ldr	r3, [pc, #132]	@ (10005034 <low_priority_worker_irq+0x98>)
10004fae:	681b      	ldr	r3, [r3, #0]
10004fb0:	2b00      	cmp	r3, #0
10004fb2:	d01a      	beq.n	10004fea <low_priority_worker_irq+0x4e>
10004fb4:	f3ef 8110 	mrs	r1, PRIMASK
10004fb8:	b672      	cpsid	i
10004fba:	0008      	movs	r0, r1
10004fbc:	681a      	ldr	r2, [r3, #0]
10004fbe:	2a00      	cmp	r2, #0
10004fc0:	d0fc      	beq.n	10004fbc <low_priority_worker_irq+0x20>
10004fc2:	f3bf 8f5f 	dmb	sy
10004fc6:	4a1b      	ldr	r2, [pc, #108]	@ (10005034 <low_priority_worker_irq+0x98>)
10004fc8:	6051      	str	r1, [r2, #4]
10004fca:	491b      	ldr	r1, [pc, #108]	@ (10005038 <low_priority_worker_irq+0x9c>)
10004fcc:	780b      	ldrb	r3, [r1, #0]
10004fce:	2401      	movs	r4, #1
10004fd0:	4063      	eors	r3, r4
10004fd2:	b2db      	uxtb	r3, r3
10004fd4:	2401      	movs	r4, #1
10004fd6:	700c      	strb	r4, [r1, #0]
10004fd8:	6812      	ldr	r2, [r2, #0]
10004fda:	f3bf 8f5f 	dmb	sy
10004fde:	2100      	movs	r1, #0
10004fe0:	6011      	str	r1, [r2, #0]
10004fe2:	f380 8810 	msr	PRIMASK, r0
10004fe6:	2b00      	cmp	r3, #0
10004fe8:	d117      	bne.n	1000501a <low_priority_worker_irq+0x7e>
10004fea:	b002      	add	sp, #8
10004fec:	bd10      	pop	{r4, pc}
10004fee:	2001      	movs	r0, #1
10004ff0:	2100      	movs	r1, #0
10004ff2:	4240      	negs	r0, r0
10004ff4:	f001 f928 	bl	10006248 <tud_task_ext>
10004ff8:	2000      	movs	r0, #0
10004ffa:	f001 fba5 	bl	10006748 <tud_cdc_n_available>
10004ffe:	0004      	movs	r4, r0
10005000:	480b      	ldr	r0, [pc, #44]	@ (10005030 <low_priority_worker_irq+0x94>)
10005002:	f002 ff85 	bl	10007f10 <__mutex_exit_veneer>
10005006:	2c00      	cmp	r4, #0
10005008:	d0ef      	beq.n	10004fea <low_priority_worker_irq+0x4e>
1000500a:	4b0c      	ldr	r3, [pc, #48]	@ (1000503c <low_priority_worker_irq+0xa0>)
1000500c:	681b      	ldr	r3, [r3, #0]
1000500e:	2b00      	cmp	r3, #0
10005010:	d0eb      	beq.n	10004fea <low_priority_worker_irq+0x4e>
10005012:	4a0b      	ldr	r2, [pc, #44]	@ (10005040 <low_priority_worker_irq+0xa4>)
10005014:	6810      	ldr	r0, [r2, #0]
10005016:	4798      	blx	r3
10005018:	e7e7      	b.n	10004fea <low_priority_worker_irq+0x4e>
1000501a:	4a0a      	ldr	r2, [pc, #40]	@ (10005044 <low_priority_worker_irq+0xa8>)
1000501c:	2301      	movs	r3, #1
1000501e:	9300      	str	r3, [sp, #0]
10005020:	2300      	movs	r3, #0
10005022:	20fa      	movs	r0, #250	@ 0xfa
10005024:	0080      	lsls	r0, r0, #2
10005026:	2100      	movs	r1, #0
10005028:	f7ff ffa0 	bl	10004f6c <add_alarm_in_us>
1000502c:	e7dd      	b.n	10004fea <low_priority_worker_irq+0x4e>
1000502e:	46c0      	nop			@ (mov r8, r8)
10005030:	20001bdc 	.word	0x20001bdc
10005034:	200019a0 	.word	0x200019a0
10005038:	20001c04 	.word	0x20001c04
1000503c:	20001508 	.word	0x20001508
10005040:	2000150c 	.word	0x2000150c
10005044:	10004ec1 	.word	0x10004ec1

10005048 <stdio_usb_init>:
10005048:	b510      	push	{r4, lr}
1000504a:	b082      	sub	sp, #8
1000504c:	23d0      	movs	r3, #208	@ 0xd0
1000504e:	061b      	lsls	r3, r3, #24
10005050:	681c      	ldr	r4, [r3, #0]
10005052:	f7fc fa01 	bl	10001458 <alarm_pool_get_default>
10005056:	f7fc fae1 	bl	1000161c <alarm_pool_core_num>
1000505a:	42a0      	cmp	r0, r4
1000505c:	d130      	bne.n	100050c0 <stdio_usb_init+0x78>
1000505e:	4b27      	ldr	r3, [pc, #156]	@ (100050fc <stdio_usb_init+0xb4>)
10005060:	781b      	ldrb	r3, [r3, #0]
10005062:	2100      	movs	r1, #0
10005064:	2000      	movs	r0, #0
10005066:	f002 f861 	bl	1000712c <tusb_rhport_init>
1000506a:	4b25      	ldr	r3, [pc, #148]	@ (10005100 <stdio_usb_init+0xb8>)
1000506c:	681b      	ldr	r3, [r3, #0]
1000506e:	2b00      	cmp	r3, #0
10005070:	d02c      	beq.n	100050cc <stdio_usb_init+0x84>
10005072:	2001      	movs	r0, #1
10005074:	f7fb ff88 	bl	10000f88 <user_irq_claim_unused>
10005078:	4c22      	ldr	r4, [pc, #136]	@ (10005104 <stdio_usb_init+0xbc>)
1000507a:	7020      	strb	r0, [r4, #0]
1000507c:	4922      	ldr	r1, [pc, #136]	@ (10005108 <stdio_usb_init+0xc0>)
1000507e:	23ff      	movs	r3, #255	@ 0xff
10005080:	4018      	ands	r0, r3
10005082:	f7fb fdd1 	bl	10000c28 <irq_set_exclusive_handler>
10005086:	7820      	ldrb	r0, [r4, #0]
10005088:	2101      	movs	r1, #1
1000508a:	f7fb fda5 	bl	10000bd8 <irq_set_enabled>
1000508e:	2005      	movs	r0, #5
10005090:	f7fb fdbc 	bl	10000c0c <irq_has_shared_handler>
10005094:	1e04      	subs	r4, r0, #0
10005096:	d01d      	beq.n	100050d4 <stdio_usb_init+0x8c>
10005098:	2001      	movs	r0, #1
1000509a:	f7fb fcff 	bl	10000a9c <spin_lock_claim_unused>
1000509e:	0001      	movs	r1, r0
100050a0:	4b1a      	ldr	r3, [pc, #104]	@ (1000510c <stdio_usb_init+0xc4>)
100050a2:	0018      	movs	r0, r3
100050a4:	f7fb ffd0 	bl	10001048 <critical_section_init_with_lock_num>
100050a8:	4919      	ldr	r1, [pc, #100]	@ (10005110 <stdio_usb_init+0xc8>)
100050aa:	2200      	movs	r2, #0
100050ac:	2005      	movs	r0, #5
100050ae:	f7fb fde5 	bl	10000c7c <irq_add_shared_handler>
100050b2:	4818      	ldr	r0, [pc, #96]	@ (10005114 <stdio_usb_init+0xcc>)
100050b4:	2101      	movs	r1, #1
100050b6:	f7ff fdd5 	bl	10004c64 <stdio_set_driver_enabled>
100050ba:	0020      	movs	r0, r4
100050bc:	b002      	add	sp, #8
100050be:	bd10      	pop	{r4, pc}
100050c0:	4b15      	ldr	r3, [pc, #84]	@ (10005118 <stdio_usb_init+0xd0>)
100050c2:	4a16      	ldr	r2, [pc, #88]	@ (1000511c <stdio_usb_init+0xd4>)
100050c4:	4816      	ldr	r0, [pc, #88]	@ (10005120 <stdio_usb_init+0xd8>)
100050c6:	21c6      	movs	r1, #198	@ 0xc6
100050c8:	f7ff fcb8 	bl	10004a3c <__assert_func>
100050cc:	480c      	ldr	r0, [pc, #48]	@ (10005100 <stdio_usb_init+0xb8>)
100050ce:	f7fb ff79 	bl	10000fc4 <mutex_init>
100050d2:	e7ce      	b.n	10005072 <stdio_usb_init+0x2a>
100050d4:	480d      	ldr	r0, [pc, #52]	@ (1000510c <stdio_usb_init+0xc4>)
100050d6:	2208      	movs	r2, #8
100050d8:	2100      	movs	r1, #0
100050da:	f7fe fbc1 	bl	10003860 <__wrap_memset>
100050de:	4a11      	ldr	r2, [pc, #68]	@ (10005124 <stdio_usb_init+0xdc>)
100050e0:	2301      	movs	r3, #1
100050e2:	9300      	str	r3, [sp, #0]
100050e4:	2300      	movs	r3, #0
100050e6:	20fa      	movs	r0, #250	@ 0xfa
100050e8:	0080      	lsls	r0, r0, #2
100050ea:	2100      	movs	r1, #0
100050ec:	f7ff ff3e 	bl	10004f6c <add_alarm_in_us>
100050f0:	43c0      	mvns	r0, r0
100050f2:	0fc4      	lsrs	r4, r0, #31
100050f4:	2800      	cmp	r0, #0
100050f6:	dae0      	bge.n	100050ba <stdio_usb_init+0x72>
100050f8:	e7db      	b.n	100050b2 <stdio_usb_init+0x6a>
100050fa:	46c0      	nop			@ (mov r8, r8)
100050fc:	100094f0 	.word	0x100094f0
10005100:	20001bdc 	.word	0x20001bdc
10005104:	20001c03 	.word	0x20001c03
10005108:	10004f9d 	.word	0x10004f9d
1000510c:	200019a0 	.word	0x200019a0
10005110:	10004eb1 	.word	0x10004eb1
10005114:	20000c90 	.word	0x20000c90
10005118:	10008788 	.word	0x10008788
1000511c:	1000910c 	.word	0x1000910c
10005120:	10008790 	.word	0x10008790
10005124:	10004ec1 	.word	0x10004ec1

10005128 <stdio_usb_connected>:
10005128:	b510      	push	{r4, lr}
1000512a:	2000      	movs	r0, #0
1000512c:	f001 faf0 	bl	10006710 <tud_cdc_n_connected>
10005130:	bd10      	pop	{r4, pc}
	...

10005134 <stdio_usb_in_chars>:
10005134:	b570      	push	{r4, r5, r6, lr}
10005136:	0005      	movs	r5, r0
10005138:	000c      	movs	r4, r1
1000513a:	f7ff fff5 	bl	10005128 <stdio_usb_connected>
1000513e:	2800      	cmp	r0, #0
10005140:	d034      	beq.n	100051ac <stdio_usb_in_chars+0x78>
10005142:	2000      	movs	r0, #0
10005144:	f001 fb00 	bl	10006748 <tud_cdc_n_available>
10005148:	2800      	cmp	r0, #0
1000514a:	d032      	beq.n	100051b2 <stdio_usb_in_chars+0x7e>
1000514c:	f7fc fbba 	bl	100018c4 <time_us_64>
10005150:	4a1b      	ldr	r2, [pc, #108]	@ (100051c0 <stdio_usb_in_chars+0x8c>)
10005152:	2300      	movs	r3, #0
10005154:	1812      	adds	r2, r2, r0
10005156:	414b      	adcs	r3, r1
10005158:	2b00      	cmp	r3, #0
1000515a:	db19      	blt.n	10005190 <stdio_usb_in_chars+0x5c>
1000515c:	4819      	ldr	r0, [pc, #100]	@ (100051c4 <stdio_usb_in_chars+0x90>)
1000515e:	f002 ff07 	bl	10007f70 <__mutex_try_enter_block_until_veneer>
10005162:	2800      	cmp	r0, #0
10005164:	d028      	beq.n	100051b8 <stdio_usb_in_chars+0x84>
10005166:	f7ff ffdf 	bl	10005128 <stdio_usb_connected>
1000516a:	2800      	cmp	r0, #0
1000516c:	d004      	beq.n	10005178 <stdio_usb_in_chars+0x44>
1000516e:	2000      	movs	r0, #0
10005170:	f001 faea 	bl	10006748 <tud_cdc_n_available>
10005174:	2800      	cmp	r0, #0
10005176:	d10f      	bne.n	10005198 <stdio_usb_in_chars+0x64>
10005178:	2001      	movs	r0, #1
1000517a:	2100      	movs	r1, #0
1000517c:	4240      	negs	r0, r0
1000517e:	f001 f863 	bl	10006248 <tud_task_ext>
10005182:	2403      	movs	r4, #3
10005184:	4264      	negs	r4, r4
10005186:	480f      	ldr	r0, [pc, #60]	@ (100051c4 <stdio_usb_in_chars+0x90>)
10005188:	f002 fec2 	bl	10007f10 <__mutex_exit_veneer>
1000518c:	0020      	movs	r0, r4
1000518e:	bd70      	pop	{r4, r5, r6, pc}
10005190:	2201      	movs	r2, #1
10005192:	4252      	negs	r2, r2
10005194:	4b0c      	ldr	r3, [pc, #48]	@ (100051c8 <stdio_usb_in_chars+0x94>)
10005196:	e7e1      	b.n	1000515c <stdio_usb_in_chars+0x28>
10005198:	0022      	movs	r2, r4
1000519a:	0029      	movs	r1, r5
1000519c:	2000      	movs	r0, #0
1000519e:	f001 fadf 	bl	10006760 <tud_cdc_n_read>
100051a2:	1e04      	subs	r4, r0, #0
100051a4:	d1ef      	bne.n	10005186 <stdio_usb_in_chars+0x52>
100051a6:	2403      	movs	r4, #3
100051a8:	4264      	negs	r4, r4
100051aa:	e7ec      	b.n	10005186 <stdio_usb_in_chars+0x52>
100051ac:	2403      	movs	r4, #3
100051ae:	4264      	negs	r4, r4
100051b0:	e7ec      	b.n	1000518c <stdio_usb_in_chars+0x58>
100051b2:	2403      	movs	r4, #3
100051b4:	4264      	negs	r4, r4
100051b6:	e7e9      	b.n	1000518c <stdio_usb_in_chars+0x58>
100051b8:	2403      	movs	r4, #3
100051ba:	4264      	negs	r4, r4
100051bc:	e7e6      	b.n	1000518c <stdio_usb_in_chars+0x58>
100051be:	46c0      	nop			@ (mov r8, r8)
100051c0:	000f4240 	.word	0x000f4240
100051c4:	20001bdc 	.word	0x20001bdc
100051c8:	7fffffff 	.word	0x7fffffff

100051cc <stdio_usb_out_chars>:
100051cc:	b5f0      	push	{r4, r5, r6, r7, lr}
100051ce:	46c6      	mov	lr, r8
100051d0:	b500      	push	{lr}
100051d2:	4680      	mov	r8, r0
100051d4:	000c      	movs	r4, r1
100051d6:	f7fc fb75 	bl	100018c4 <time_us_64>
100051da:	4a31      	ldr	r2, [pc, #196]	@ (100052a0 <stdio_usb_out_chars+0xd4>)
100051dc:	2300      	movs	r3, #0
100051de:	1812      	adds	r2, r2, r0
100051e0:	414b      	adcs	r3, r1
100051e2:	2b00      	cmp	r3, #0
100051e4:	db07      	blt.n	100051f6 <stdio_usb_out_chars+0x2a>
100051e6:	482f      	ldr	r0, [pc, #188]	@ (100052a4 <stdio_usb_out_chars+0xd8>)
100051e8:	f002 fec2 	bl	10007f70 <__mutex_try_enter_block_until_veneer>
100051ec:	2800      	cmp	r0, #0
100051ee:	d106      	bne.n	100051fe <stdio_usb_out_chars+0x32>
100051f0:	bc80      	pop	{r7}
100051f2:	46b8      	mov	r8, r7
100051f4:	bdf0      	pop	{r4, r5, r6, r7, pc}
100051f6:	2201      	movs	r2, #1
100051f8:	4252      	negs	r2, r2
100051fa:	4b2b      	ldr	r3, [pc, #172]	@ (100052a8 <stdio_usb_out_chars+0xdc>)
100051fc:	e7f3      	b.n	100051e6 <stdio_usb_out_chars+0x1a>
100051fe:	f7ff ff93 	bl	10005128 <stdio_usb_connected>
10005202:	2800      	cmp	r0, #0
10005204:	d149      	bne.n	1000529a <stdio_usb_out_chars+0xce>
10005206:	4b29      	ldr	r3, [pc, #164]	@ (100052ac <stdio_usb_out_chars+0xe0>)
10005208:	2000      	movs	r0, #0
1000520a:	2100      	movs	r1, #0
1000520c:	6018      	str	r0, [r3, #0]
1000520e:	6059      	str	r1, [r3, #4]
10005210:	4824      	ldr	r0, [pc, #144]	@ (100052a4 <stdio_usb_out_chars+0xd8>)
10005212:	f002 fe7d 	bl	10007f10 <__mutex_exit_veneer>
10005216:	e7eb      	b.n	100051f0 <stdio_usb_out_chars+0x24>
10005218:	2001      	movs	r0, #1
1000521a:	2100      	movs	r1, #0
1000521c:	4240      	negs	r0, r0
1000521e:	f001 f813 	bl	10006248 <tud_task_ext>
10005222:	2000      	movs	r0, #0
10005224:	f001 fab8 	bl	10006798 <tud_cdc_n_write_flush>
10005228:	f7ff ff7e 	bl	10005128 <stdio_usb_connected>
1000522c:	2800      	cmp	r0, #0
1000522e:	d0ef      	beq.n	10005210 <stdio_usb_out_chars+0x44>
10005230:	2000      	movs	r0, #0
10005232:	f001 fb33 	bl	1000689c <tud_cdc_n_write_available>
10005236:	2800      	cmp	r0, #0
10005238:	d020      	beq.n	1000527c <stdio_usb_out_chars+0xb0>
1000523a:	42a5      	cmp	r5, r4
1000523c:	dae8      	bge.n	10005210 <stdio_usb_out_chars+0x44>
1000523e:	1b66      	subs	r6, r4, r5
10005240:	2000      	movs	r0, #0
10005242:	f001 fb2b 	bl	1000689c <tud_cdc_n_write_available>
10005246:	0002      	movs	r2, r0
10005248:	4286      	cmp	r6, r0
1000524a:	dc00      	bgt.n	1000524e <stdio_usb_out_chars+0x82>
1000524c:	0032      	movs	r2, r6
1000524e:	2a00      	cmp	r2, #0
10005250:	d0e2      	beq.n	10005218 <stdio_usb_out_chars+0x4c>
10005252:	4643      	mov	r3, r8
10005254:	1959      	adds	r1, r3, r5
10005256:	2000      	movs	r0, #0
10005258:	f001 fafc 	bl	10006854 <tud_cdc_n_write>
1000525c:	0006      	movs	r6, r0
1000525e:	2001      	movs	r0, #1
10005260:	2100      	movs	r1, #0
10005262:	4240      	negs	r0, r0
10005264:	f000 fff0 	bl	10006248 <tud_task_ext>
10005268:	2000      	movs	r0, #0
1000526a:	f001 fa95 	bl	10006798 <tud_cdc_n_write_flush>
1000526e:	19ad      	adds	r5, r5, r6
10005270:	f7fc fb28 	bl	100018c4 <time_us_64>
10005274:	4b0d      	ldr	r3, [pc, #52]	@ (100052ac <stdio_usb_out_chars+0xe0>)
10005276:	6018      	str	r0, [r3, #0]
10005278:	6059      	str	r1, [r3, #4]
1000527a:	e7de      	b.n	1000523a <stdio_usb_out_chars+0x6e>
1000527c:	f7fc fb22 	bl	100018c4 <time_us_64>
10005280:	4b0a      	ldr	r3, [pc, #40]	@ (100052ac <stdio_usb_out_chars+0xe0>)
10005282:	681e      	ldr	r6, [r3, #0]
10005284:	685f      	ldr	r7, [r3, #4]
10005286:	4a0a      	ldr	r2, [pc, #40]	@ (100052b0 <stdio_usb_out_chars+0xe4>)
10005288:	2300      	movs	r3, #0
1000528a:	1992      	adds	r2, r2, r6
1000528c:	417b      	adcs	r3, r7
1000528e:	4299      	cmp	r1, r3
10005290:	d8be      	bhi.n	10005210 <stdio_usb_out_chars+0x44>
10005292:	d1d2      	bne.n	1000523a <stdio_usb_out_chars+0x6e>
10005294:	4290      	cmp	r0, r2
10005296:	d9d0      	bls.n	1000523a <stdio_usb_out_chars+0x6e>
10005298:	e7ba      	b.n	10005210 <stdio_usb_out_chars+0x44>
1000529a:	2500      	movs	r5, #0
1000529c:	e7cd      	b.n	1000523a <stdio_usb_out_chars+0x6e>
1000529e:	46c0      	nop			@ (mov r8, r8)
100052a0:	000f4240 	.word	0x000f4240
100052a4:	20001bdc 	.word	0x20001bdc
100052a8:	7fffffff 	.word	0x7fffffff
100052ac:	20000e58 	.word	0x20000e58
100052b0:	0007a120 	.word	0x0007a120

100052b4 <tud_descriptor_device_cb>:
100052b4:	4800      	ldr	r0, [pc, #0]	@ (100052b8 <tud_descriptor_device_cb+0x4>)
100052b6:	4770      	bx	lr
100052b8:	10009188 	.word	0x10009188

100052bc <tud_descriptor_configuration_cb>:
100052bc:	4800      	ldr	r0, [pc, #0]	@ (100052c0 <tud_descriptor_configuration_cb+0x4>)
100052be:	4770      	bx	lr
100052c0:	10009134 	.word	0x10009134

100052c4 <tud_descriptor_string_cb>:
100052c4:	b510      	push	{r4, lr}
100052c6:	0004      	movs	r4, r0
100052c8:	4b15      	ldr	r3, [pc, #84]	@ (10005320 <tud_descriptor_string_cb+0x5c>)
100052ca:	781b      	ldrb	r3, [r3, #0]
100052cc:	2b00      	cmp	r3, #0
100052ce:	d00e      	beq.n	100052ee <tud_descriptor_string_cb+0x2a>
100052d0:	2c00      	cmp	r4, #0
100052d2:	d111      	bne.n	100052f8 <tud_descriptor_string_cb+0x34>
100052d4:	4b13      	ldr	r3, [pc, #76]	@ (10005324 <tud_descriptor_string_cb+0x60>)
100052d6:	4a14      	ldr	r2, [pc, #80]	@ (10005328 <tud_descriptor_string_cb+0x64>)
100052d8:	805a      	strh	r2, [r3, #2]
100052da:	2301      	movs	r3, #1
100052dc:	3301      	adds	r3, #1
100052de:	005b      	lsls	r3, r3, #1
100052e0:	b29b      	uxth	r3, r3
100052e2:	4810      	ldr	r0, [pc, #64]	@ (10005324 <tud_descriptor_string_cb+0x60>)
100052e4:	22c0      	movs	r2, #192	@ 0xc0
100052e6:	0092      	lsls	r2, r2, #2
100052e8:	4313      	orrs	r3, r2
100052ea:	8003      	strh	r3, [r0, #0]
100052ec:	bd10      	pop	{r4, pc}
100052ee:	480c      	ldr	r0, [pc, #48]	@ (10005320 <tud_descriptor_string_cb+0x5c>)
100052f0:	2111      	movs	r1, #17
100052f2:	f000 f825 	bl	10005340 <pico_get_unique_board_id_string>
100052f6:	e7eb      	b.n	100052d0 <tud_descriptor_string_cb+0xc>
100052f8:	2c05      	cmp	r4, #5
100052fa:	d80e      	bhi.n	1000531a <tud_descriptor_string_cb+0x56>
100052fc:	4b0b      	ldr	r3, [pc, #44]	@ (1000532c <tud_descriptor_string_cb+0x68>)
100052fe:	00a4      	lsls	r4, r4, #2
10005300:	58e4      	ldr	r4, [r4, r3]
10005302:	2300      	movs	r3, #0
10005304:	2b12      	cmp	r3, #18
10005306:	d8e9      	bhi.n	100052dc <tud_descriptor_string_cb+0x18>
10005308:	5ce1      	ldrb	r1, [r4, r3]
1000530a:	2900      	cmp	r1, #0
1000530c:	d0e6      	beq.n	100052dc <tud_descriptor_string_cb+0x18>
1000530e:	3301      	adds	r3, #1
10005310:	4a04      	ldr	r2, [pc, #16]	@ (10005324 <tud_descriptor_string_cb+0x60>)
10005312:	0058      	lsls	r0, r3, #1
10005314:	5281      	strh	r1, [r0, r2]
10005316:	b2db      	uxtb	r3, r3
10005318:	e7f4      	b.n	10005304 <tud_descriptor_string_cb+0x40>
1000531a:	2000      	movs	r0, #0
1000531c:	e7e6      	b.n	100052ec <tud_descriptor_string_cb+0x28>
1000531e:	46c0      	nop			@ (mov r8, r8)
10005320:	20001bec 	.word	0x20001bec
10005324:	20001544 	.word	0x20001544
10005328:	00000409 	.word	0x00000409
1000532c:	1000911c 	.word	0x1000911c

10005330 <_retrieve_unique_id_on_boot>:
10005330:	b510      	push	{r4, lr}
10005332:	4802      	ldr	r0, [pc, #8]	@ (1000533c <_retrieve_unique_id_on_boot+0xc>)
10005334:	f000 f832 	bl	1000539c <flash_get_unique_id>
10005338:	bd10      	pop	{r4, pc}
1000533a:	46c0      	nop			@ (mov r8, r8)
1000533c:	200019c4 	.word	0x200019c4

10005340 <pico_get_unique_board_id_string>:
10005340:	b510      	push	{r4, lr}
10005342:	2900      	cmp	r1, #0
10005344:	d001      	beq.n	1000534a <pico_get_unique_board_id_string+0xa>
10005346:	2300      	movs	r3, #0
10005348:	e00a      	b.n	10005360 <pico_get_unique_board_id_string+0x20>
1000534a:	4b10      	ldr	r3, [pc, #64]	@ (1000538c <pico_get_unique_board_id_string+0x4c>)
1000534c:	4a10      	ldr	r2, [pc, #64]	@ (10005390 <pico_get_unique_board_id_string+0x50>)
1000534e:	4811      	ldr	r0, [pc, #68]	@ (10005394 <pico_get_unique_board_id_string+0x54>)
10005350:	313b      	adds	r1, #59	@ 0x3b
10005352:	f7ff fb73 	bl	10004a3c <__assert_func>
10005356:	2200      	movs	r2, #0
10005358:	e00d      	b.n	10005376 <pico_get_unique_board_id_string+0x36>
1000535a:	3237      	adds	r2, #55	@ 0x37
1000535c:	54c2      	strb	r2, [r0, r3]
1000535e:	3301      	adds	r3, #1
10005360:	1e4a      	subs	r2, r1, #1
10005362:	429a      	cmp	r2, r3
10005364:	d90e      	bls.n	10005384 <pico_get_unique_board_id_string+0x44>
10005366:	2b0f      	cmp	r3, #15
10005368:	d80c      	bhi.n	10005384 <pico_get_unique_board_id_string+0x44>
1000536a:	085a      	lsrs	r2, r3, #1
1000536c:	4c0a      	ldr	r4, [pc, #40]	@ (10005398 <pico_get_unique_board_id_string+0x58>)
1000536e:	5ca4      	ldrb	r4, [r4, r2]
10005370:	07da      	lsls	r2, r3, #31
10005372:	d4f0      	bmi.n	10005356 <pico_get_unique_board_id_string+0x16>
10005374:	2204      	movs	r2, #4
10005376:	4114      	asrs	r4, r2
10005378:	220f      	movs	r2, #15
1000537a:	4022      	ands	r2, r4
1000537c:	2a09      	cmp	r2, #9
1000537e:	dcec      	bgt.n	1000535a <pico_get_unique_board_id_string+0x1a>
10005380:	3230      	adds	r2, #48	@ 0x30
10005382:	e7eb      	b.n	1000535c <pico_get_unique_board_id_string+0x1c>
10005384:	18c0      	adds	r0, r0, r3
10005386:	2300      	movs	r3, #0
10005388:	7003      	strb	r3, [r0, #0]
1000538a:	bd10      	pop	{r4, pc}
1000538c:	10008818 	.word	0x10008818
10005390:	1000919c 	.word	0x1000919c
10005394:	10008820 	.word	0x10008820
10005398:	200019c4 	.word	0x200019c4

1000539c <flash_get_unique_id>:
1000539c:	b530      	push	{r4, r5, lr}
1000539e:	b089      	sub	sp, #36	@ 0x24
100053a0:	0004      	movs	r4, r0
100053a2:	ad04      	add	r5, sp, #16
100053a4:	220d      	movs	r2, #13
100053a6:	2100      	movs	r1, #0
100053a8:	0028      	movs	r0, r5
100053aa:	f7fe fa59 	bl	10003860 <__wrap_memset>
100053ae:	220d      	movs	r2, #13
100053b0:	2100      	movs	r1, #0
100053b2:	4668      	mov	r0, sp
100053b4:	f7fe fa54 	bl	10003860 <__wrap_memset>
100053b8:	234b      	movs	r3, #75	@ 0x4b
100053ba:	702b      	strb	r3, [r5, #0]
100053bc:	220d      	movs	r2, #13
100053be:	4669      	mov	r1, sp
100053c0:	0028      	movs	r0, r5
100053c2:	f002 fd9d 	bl	10007f00 <__flash_do_cmd_veneer>
100053c6:	2300      	movs	r3, #0
100053c8:	e004      	b.n	100053d4 <flash_get_unique_id+0x38>
100053ca:	1d5a      	adds	r2, r3, #5
100053cc:	4669      	mov	r1, sp
100053ce:	5c8a      	ldrb	r2, [r1, r2]
100053d0:	54e2      	strb	r2, [r4, r3]
100053d2:	3301      	adds	r3, #1
100053d4:	2b07      	cmp	r3, #7
100053d6:	ddf8      	ble.n	100053ca <flash_get_unique_id+0x2e>
100053d8:	b009      	add	sp, #36	@ 0x24
100053da:	bd30      	pop	{r4, r5, pc}

100053dc <hw_endpoint_init>:
100053dc:	b570      	push	{r4, r5, r6, lr}
100053de:	237f      	movs	r3, #127	@ 0x7f
100053e0:	4003      	ands	r3, r0
100053e2:	09c5      	lsrs	r5, r0, #7
100053e4:	4c26      	ldr	r4, [pc, #152]	@ (10005480 <hw_endpoint_init+0xa4>)
100053e6:	005e      	lsls	r6, r3, #1
100053e8:	1976      	adds	r6, r6, r5
100053ea:	0176      	lsls	r6, r6, #5
100053ec:	19a4      	adds	r4, r4, r6
100053ee:	70a0      	strb	r0, [r4, #2]
100053f0:	4268      	negs	r0, r5
100053f2:	4168      	adcs	r0, r5
100053f4:	7060      	strb	r0, [r4, #1]
100053f6:	2000      	movs	r0, #0
100053f8:	70e0      	strb	r0, [r4, #3]
100053fa:	8321      	strh	r1, [r4, #24]
100053fc:	76e2      	strb	r2, [r4, #27]
100053fe:	2d01      	cmp	r5, #1
10005400:	d01d      	beq.n	1000543e <hw_endpoint_init+0x62>
10005402:	00d8      	lsls	r0, r3, #3
10005404:	4a1f      	ldr	r2, [pc, #124]	@ (10005484 <hw_endpoint_init+0xa8>)
10005406:	4694      	mov	ip, r2
10005408:	4460      	add	r0, ip
1000540a:	4a1d      	ldr	r2, [pc, #116]	@ (10005480 <hw_endpoint_init+0xa4>)
1000540c:	0059      	lsls	r1, r3, #1
1000540e:	1949      	adds	r1, r1, r5
10005410:	0149      	lsls	r1, r1, #5
10005412:	1852      	adds	r2, r2, r1
10005414:	6090      	str	r0, [r2, #8]
10005416:	4a1a      	ldr	r2, [pc, #104]	@ (10005480 <hw_endpoint_init+0xa4>)
10005418:	0059      	lsls	r1, r3, #1
1000541a:	1949      	adds	r1, r1, r5
1000541c:	0149      	lsls	r1, r1, #5
1000541e:	1852      	adds	r2, r2, r1
10005420:	6892      	ldr	r2, [r2, #8]
10005422:	2100      	movs	r1, #0
10005424:	6011      	str	r1, [r2, #0]
10005426:	2b00      	cmp	r3, #0
10005428:	d10f      	bne.n	1000544a <hw_endpoint_init+0x6e>
1000542a:	4a15      	ldr	r2, [pc, #84]	@ (10005480 <hw_endpoint_init+0xa4>)
1000542c:	005b      	lsls	r3, r3, #1
1000542e:	195b      	adds	r3, r3, r5
10005430:	015b      	lsls	r3, r3, #5
10005432:	18d3      	adds	r3, r2, r3
10005434:	2200      	movs	r2, #0
10005436:	605a      	str	r2, [r3, #4]
10005438:	4a13      	ldr	r2, [pc, #76]	@ (10005488 <hw_endpoint_init+0xac>)
1000543a:	60da      	str	r2, [r3, #12]
1000543c:	bd70      	pop	{r4, r5, r6, pc}
1000543e:	00d8      	lsls	r0, r3, #3
10005440:	4a12      	ldr	r2, [pc, #72]	@ (1000548c <hw_endpoint_init+0xb0>)
10005442:	4694      	mov	ip, r2
10005444:	4460      	add	r0, ip
10005446:	60a0      	str	r0, [r4, #8]
10005448:	e7e5      	b.n	10005416 <hw_endpoint_init+0x3a>
1000544a:	2d01      	cmp	r5, #1
1000544c:	d00b      	beq.n	10005466 <hw_endpoint_init+0x8a>
1000544e:	1e59      	subs	r1, r3, #1
10005450:	00c9      	lsls	r1, r1, #3
10005452:	4a0f      	ldr	r2, [pc, #60]	@ (10005490 <hw_endpoint_init+0xb4>)
10005454:	4694      	mov	ip, r2
10005456:	4461      	add	r1, ip
10005458:	4a09      	ldr	r2, [pc, #36]	@ (10005480 <hw_endpoint_init+0xa4>)
1000545a:	005b      	lsls	r3, r3, #1
1000545c:	195b      	adds	r3, r3, r5
1000545e:	015b      	lsls	r3, r3, #5
10005460:	18d2      	adds	r2, r2, r3
10005462:	6051      	str	r1, [r2, #4]
10005464:	e7ea      	b.n	1000543c <hw_endpoint_init+0x60>
10005466:	1e59      	subs	r1, r3, #1
10005468:	00c9      	lsls	r1, r1, #3
1000546a:	4a0a      	ldr	r2, [pc, #40]	@ (10005494 <hw_endpoint_init+0xb8>)
1000546c:	4694      	mov	ip, r2
1000546e:	4461      	add	r1, ip
10005470:	4a03      	ldr	r2, [pc, #12]	@ (10005480 <hw_endpoint_init+0xa4>)
10005472:	005b      	lsls	r3, r3, #1
10005474:	195b      	adds	r3, r3, r5
10005476:	015b      	lsls	r3, r3, #5
10005478:	18d2      	adds	r2, r2, r3
1000547a:	6051      	str	r1, [r2, #4]
1000547c:	e7de      	b.n	1000543c <hw_endpoint_init+0x60>
1000547e:	46c0      	nop			@ (mov r8, r8)
10005480:	20001578 	.word	0x20001578
10005484:	50100084 	.word	0x50100084
10005488:	50100100 	.word	0x50100100
1000548c:	50100080 	.word	0x50100080
10005490:	5010000c 	.word	0x5010000c
10005494:	50100008 	.word	0x50100008

10005498 <hw_endpoint_alloc>:
10005498:	b510      	push	{r4, lr}
1000549a:	8b03      	ldrh	r3, [r0, #24]
1000549c:	333f      	adds	r3, #63	@ 0x3f
1000549e:	223f      	movs	r2, #63	@ 0x3f
100054a0:	4393      	bics	r3, r2
100054a2:	7ec2      	ldrb	r2, [r0, #27]
100054a4:	2a02      	cmp	r2, #2
100054a6:	d008      	beq.n	100054ba <hw_endpoint_alloc+0x22>
100054a8:	4908      	ldr	r1, [pc, #32]	@ (100054cc <hw_endpoint_alloc+0x34>)
100054aa:	680a      	ldr	r2, [r1, #0]
100054ac:	60c2      	str	r2, [r0, #12]
100054ae:	18d3      	adds	r3, r2, r3
100054b0:	600b      	str	r3, [r1, #0]
100054b2:	4a07      	ldr	r2, [pc, #28]	@ (100054d0 <hw_endpoint_alloc+0x38>)
100054b4:	4293      	cmp	r3, r2
100054b6:	d802      	bhi.n	100054be <hw_endpoint_alloc+0x26>
100054b8:	bd10      	pop	{r4, pc}
100054ba:	005b      	lsls	r3, r3, #1
100054bc:	e7f4      	b.n	100054a8 <hw_endpoint_alloc+0x10>
100054be:	4b05      	ldr	r3, [pc, #20]	@ (100054d4 <hw_endpoint_alloc+0x3c>)
100054c0:	4a05      	ldr	r2, [pc, #20]	@ (100054d8 <hw_endpoint_alloc+0x40>)
100054c2:	4806      	ldr	r0, [pc, #24]	@ (100054dc <hw_endpoint_alloc+0x44>)
100054c4:	2152      	movs	r1, #82	@ 0x52
100054c6:	f7ff fab9 	bl	10004a3c <__assert_func>
100054ca:	46c0      	nop			@ (mov r8, r8)
100054cc:	2000197c 	.word	0x2000197c
100054d0:	50100fff 	.word	0x50100fff
100054d4:	10008a68 	.word	0x10008a68
100054d8:	100091fc 	.word	0x100091fc
100054dc:	10008aac 	.word	0x10008aac

100054e0 <hw_endpoint_open>:
100054e0:	b5f8      	push	{r3, r4, r5, r6, r7, lr}
100054e2:	257f      	movs	r5, #127	@ 0x7f
100054e4:	4005      	ands	r5, r0
100054e6:	09c6      	lsrs	r6, r0, #7
100054e8:	006b      	lsls	r3, r5, #1
100054ea:	199b      	adds	r3, r3, r6
100054ec:	015b      	lsls	r3, r3, #5
100054ee:	4c0e      	ldr	r4, [pc, #56]	@ (10005528 <hw_endpoint_open+0x48>)
100054f0:	191c      	adds	r4, r3, r4
100054f2:	f7ff ff73 	bl	100053dc <hw_endpoint_init>
100054f6:	2d00      	cmp	r5, #0
100054f8:	d100      	bne.n	100054fc <hw_endpoint_open+0x1c>
100054fa:	bdf8      	pop	{r3, r4, r5, r6, r7, pc}
100054fc:	4b0a      	ldr	r3, [pc, #40]	@ (10005528 <hw_endpoint_open+0x48>)
100054fe:	006d      	lsls	r5, r5, #1
10005500:	19ad      	adds	r5, r5, r6
10005502:	016d      	lsls	r5, r5, #5
10005504:	195d      	adds	r5, r3, r5
10005506:	8b29      	ldrh	r1, [r5, #24]
10005508:	0020      	movs	r0, r4
1000550a:	f7ff ffc5 	bl	10005498 <hw_endpoint_alloc>
1000550e:	7eeb      	ldrb	r3, [r5, #27]
10005510:	069b      	lsls	r3, r3, #26
10005512:	68e9      	ldr	r1, [r5, #12]
10005514:	4a05      	ldr	r2, [pc, #20]	@ (1000552c <hw_endpoint_open+0x4c>)
10005516:	404a      	eors	r2, r1
10005518:	4313      	orrs	r3, r2
1000551a:	2280      	movs	r2, #128	@ 0x80
1000551c:	0612      	lsls	r2, r2, #24
1000551e:	4313      	orrs	r3, r2
10005520:	686a      	ldr	r2, [r5, #4]
10005522:	6013      	str	r3, [r2, #0]
10005524:	e7e9      	b.n	100054fa <hw_endpoint_open+0x1a>
10005526:	46c0      	nop			@ (mov r8, r8)
10005528:	20001578 	.word	0x20001578
1000552c:	50100000 	.word	0x50100000

10005530 <hw_endpoint_xfer>:
10005530:	b510      	push	{r4, lr}
10005532:	0004      	movs	r4, r0
10005534:	207f      	movs	r0, #127	@ 0x7f
10005536:	4020      	ands	r0, r4
10005538:	09e4      	lsrs	r4, r4, #7
1000553a:	0040      	lsls	r0, r0, #1
1000553c:	1900      	adds	r0, r0, r4
1000553e:	0140      	lsls	r0, r0, #5
10005540:	4b02      	ldr	r3, [pc, #8]	@ (1000554c <hw_endpoint_xfer+0x1c>)
10005542:	18c0      	adds	r0, r0, r3
10005544:	f000 f926 	bl	10005794 <hw_endpoint_xfer_start>
10005548:	bd10      	pop	{r4, pc}
1000554a:	46c0      	nop			@ (mov r8, r8)
1000554c:	20001578 	.word	0x20001578

10005550 <dcd_int_enable>:
10005550:	b510      	push	{r4, lr}
10005552:	2800      	cmp	r0, #0
10005554:	d104      	bne.n	10005560 <dcd_int_enable+0x10>
10005556:	2101      	movs	r1, #1
10005558:	2005      	movs	r0, #5
1000555a:	f7fb fb3d 	bl	10000bd8 <irq_set_enabled>
1000555e:	bd10      	pop	{r4, pc}
10005560:	4b03      	ldr	r3, [pc, #12]	@ (10005570 <dcd_int_enable+0x20>)
10005562:	4a04      	ldr	r2, [pc, #16]	@ (10005574 <dcd_int_enable+0x24>)
10005564:	2198      	movs	r1, #152	@ 0x98
10005566:	4804      	ldr	r0, [pc, #16]	@ (10005578 <dcd_int_enable+0x28>)
10005568:	31ff      	adds	r1, #255	@ 0xff
1000556a:	f7ff fa67 	bl	10004a3c <__assert_func>
1000556e:	46c0      	nop			@ (mov r8, r8)
10005570:	10008b18 	.word	0x10008b18
10005574:	100091ec 	.word	0x100091ec
10005578:	10008aac 	.word	0x10008aac

1000557c <dcd_set_address>:
1000557c:	b510      	push	{r4, lr}
1000557e:	2800      	cmp	r0, #0
10005580:	d105      	bne.n	1000558e <dcd_set_address+0x12>
10005582:	2200      	movs	r2, #0
10005584:	2100      	movs	r1, #0
10005586:	2080      	movs	r0, #128	@ 0x80
10005588:	f7ff ffd2 	bl	10005530 <hw_endpoint_xfer>
1000558c:	bd10      	pop	{r4, pc}
1000558e:	4b03      	ldr	r3, [pc, #12]	@ (1000559c <dcd_set_address+0x20>)
10005590:	4a03      	ldr	r2, [pc, #12]	@ (100055a0 <dcd_set_address+0x24>)
10005592:	21a2      	movs	r1, #162	@ 0xa2
10005594:	4803      	ldr	r0, [pc, #12]	@ (100055a4 <dcd_set_address+0x28>)
10005596:	31ff      	adds	r1, #255	@ 0xff
10005598:	f7ff fa50 	bl	10004a3c <__assert_func>
1000559c:	10008b18 	.word	0x10008b18
100055a0:	100091dc 	.word	0x100091dc
100055a4:	10008aac 	.word	0x10008aac

100055a8 <dcd_connect>:
100055a8:	4b02      	ldr	r3, [pc, #8]	@ (100055b4 <dcd_connect+0xc>)
100055aa:	2280      	movs	r2, #128	@ 0x80
100055ac:	0252      	lsls	r2, r2, #9
100055ae:	64da      	str	r2, [r3, #76]	@ 0x4c
100055b0:	4770      	bx	lr
100055b2:	46c0      	nop			@ (mov r8, r8)
100055b4:	50112000 	.word	0x50112000

100055b8 <dcd_init>:
100055b8:	b570      	push	{r4, r5, r6, lr}
100055ba:	1e04      	subs	r4, r0, #0
100055bc:	d127      	bne.n	1000560e <dcd_init+0x56>
100055be:	f000 f8c7 	bl	10005750 <rp2040_usb_init>
100055c2:	4d16      	ldr	r5, [pc, #88]	@ (1000561c <dcd_init+0x64>)
100055c4:	230c      	movs	r3, #12
100055c6:	67ab      	str	r3, [r5, #120]	@ 0x78
100055c8:	4915      	ldr	r1, [pc, #84]	@ (10005620 <dcd_init+0x68>)
100055ca:	22ff      	movs	r2, #255	@ 0xff
100055cc:	2005      	movs	r0, #5
100055ce:	f7fb fb55 	bl	10000c7c <irq_add_shared_handler>
100055d2:	4814      	ldr	r0, [pc, #80]	@ (10005624 <dcd_init+0x6c>)
100055d4:	2240      	movs	r2, #64	@ 0x40
100055d6:	2100      	movs	r1, #0
100055d8:	f7fe f942 	bl	10003860 <__wrap_memset>
100055dc:	2200      	movs	r2, #0
100055de:	2140      	movs	r1, #64	@ 0x40
100055e0:	2000      	movs	r0, #0
100055e2:	f7ff ff7d 	bl	100054e0 <hw_endpoint_open>
100055e6:	2200      	movs	r2, #0
100055e8:	2140      	movs	r1, #64	@ 0x40
100055ea:	2080      	movs	r0, #128	@ 0x80
100055ec:	f7ff ff78 	bl	100054e0 <hw_endpoint_open>
100055f0:	f002 fcb6 	bl	10007f60 <__reset_non_control_endpoints_veneer>
100055f4:	2301      	movs	r3, #1
100055f6:	642b      	str	r3, [r5, #64]	@ 0x40
100055f8:	2380      	movs	r3, #128	@ 0x80
100055fa:	059b      	lsls	r3, r3, #22
100055fc:	64eb      	str	r3, [r5, #76]	@ 0x4c
100055fe:	2390      	movs	r3, #144	@ 0x90
10005600:	4a09      	ldr	r2, [pc, #36]	@ (10005628 <dcd_init+0x70>)
10005602:	50ea      	str	r2, [r5, r3]
10005604:	0020      	movs	r0, r4
10005606:	f7ff ffcf 	bl	100055a8 <dcd_connect>
1000560a:	2001      	movs	r0, #1
1000560c:	bd70      	pop	{r4, r5, r6, pc}
1000560e:	4b07      	ldr	r3, [pc, #28]	@ (1000562c <dcd_init+0x74>)
10005610:	4a07      	ldr	r2, [pc, #28]	@ (10005630 <dcd_init+0x78>)
10005612:	2164      	movs	r1, #100	@ 0x64
10005614:	4807      	ldr	r0, [pc, #28]	@ (10005634 <dcd_init+0x7c>)
10005616:	31ff      	adds	r1, #255	@ 0xff
10005618:	f7ff fa10 	bl	10004a3c <__assert_func>
1000561c:	50110000 	.word	0x50110000
10005620:	200004b9 	.word	0x200004b9
10005624:	20001578 	.word	0x20001578
10005628:	0001d010 	.word	0x0001d010
1000562c:	10008b18 	.word	0x10008b18
10005630:	10009210 	.word	0x10009210
10005634:	10008aac 	.word	0x10008aac

10005638 <dcd_sof_enable>:
10005638:	4b04      	ldr	r3, [pc, #16]	@ (1000564c <dcd_sof_enable+0x14>)
1000563a:	7019      	strb	r1, [r3, #0]
1000563c:	2900      	cmp	r1, #0
1000563e:	d004      	beq.n	1000564a <dcd_sof_enable+0x12>
10005640:	4a03      	ldr	r2, [pc, #12]	@ (10005650 <dcd_sof_enable+0x18>)
10005642:	2390      	movs	r3, #144	@ 0x90
10005644:	2180      	movs	r1, #128	@ 0x80
10005646:	0289      	lsls	r1, r1, #10
10005648:	50d1      	str	r1, [r2, r3]
1000564a:	4770      	bx	lr
1000564c:	20001bfe 	.word	0x20001bfe
10005650:	50112000 	.word	0x50112000

10005654 <dcd_edpt0_status_complete>:
10005654:	780b      	ldrb	r3, [r1, #0]
10005656:	065b      	lsls	r3, r3, #25
10005658:	d102      	bne.n	10005660 <dcd_edpt0_status_complete+0xc>
1000565a:	784b      	ldrb	r3, [r1, #1]
1000565c:	2b05      	cmp	r3, #5
1000565e:	d000      	beq.n	10005662 <dcd_edpt0_status_complete+0xe>
10005660:	4770      	bx	lr
10005662:	788a      	ldrb	r2, [r1, #2]
10005664:	4b01      	ldr	r3, [pc, #4]	@ (1000566c <dcd_edpt0_status_complete+0x18>)
10005666:	601a      	str	r2, [r3, #0]
10005668:	e7fa      	b.n	10005660 <dcd_edpt0_status_complete+0xc>
1000566a:	46c0      	nop			@ (mov r8, r8)
1000566c:	50110000 	.word	0x50110000

10005670 <dcd_edpt_open>:
10005670:	b510      	push	{r4, lr}
10005672:	78ca      	ldrb	r2, [r1, #3]
10005674:	0792      	lsls	r2, r2, #30
10005676:	0f92      	lsrs	r2, r2, #30
10005678:	2a01      	cmp	r2, #1
1000567a:	d00a      	beq.n	10005692 <dcd_edpt_open+0x22>
1000567c:	7888      	ldrb	r0, [r1, #2]
1000567e:	790b      	ldrb	r3, [r1, #4]
10005680:	7949      	ldrb	r1, [r1, #5]
10005682:	0209      	lsls	r1, r1, #8
10005684:	4319      	orrs	r1, r3
10005686:	0549      	lsls	r1, r1, #21
10005688:	0d49      	lsrs	r1, r1, #21
1000568a:	f7ff ff29 	bl	100054e0 <hw_endpoint_open>
1000568e:	2001      	movs	r0, #1
10005690:	bd10      	pop	{r4, pc}
10005692:	2000      	movs	r0, #0
10005694:	e7fc      	b.n	10005690 <dcd_edpt_open+0x20>

10005696 <dcd_edpt_close_all>:
10005696:	b510      	push	{r4, lr}
10005698:	f002 fc62 	bl	10007f60 <__reset_non_control_endpoints_veneer>
1000569c:	bd10      	pop	{r4, pc}
	...

100056a0 <dcd_edpt_xfer>:
100056a0:	b510      	push	{r4, lr}
100056a2:	0004      	movs	r4, r0
100056a4:	0008      	movs	r0, r1
100056a6:	0011      	movs	r1, r2
100056a8:	001a      	movs	r2, r3
100056aa:	2c00      	cmp	r4, #0
100056ac:	d103      	bne.n	100056b6 <dcd_edpt_xfer+0x16>
100056ae:	f7ff ff3f 	bl	10005530 <hw_endpoint_xfer>
100056b2:	2001      	movs	r0, #1
100056b4:	bd10      	pop	{r4, pc}
100056b6:	4b03      	ldr	r3, [pc, #12]	@ (100056c4 <dcd_edpt_xfer+0x24>)
100056b8:	4a03      	ldr	r2, [pc, #12]	@ (100056c8 <dcd_edpt_xfer+0x28>)
100056ba:	2181      	movs	r1, #129	@ 0x81
100056bc:	4803      	ldr	r0, [pc, #12]	@ (100056cc <dcd_edpt_xfer+0x2c>)
100056be:	0089      	lsls	r1, r1, #2
100056c0:	f7ff f9bc 	bl	10004a3c <__assert_func>
100056c4:	10008b18 	.word	0x10008b18
100056c8:	100091cc 	.word	0x100091cc
100056cc:	10008aac 	.word	0x10008aac

100056d0 <dcd_edpt_stall>:
100056d0:	b510      	push	{r4, lr}
100056d2:	237f      	movs	r3, #127	@ 0x7f
100056d4:	0018      	movs	r0, r3
100056d6:	4008      	ands	r0, r1
100056d8:	420b      	tst	r3, r1
100056da:	d105      	bne.n	100056e8 <dcd_edpt_stall+0x18>
100056dc:	09cb      	lsrs	r3, r1, #7
100056de:	2b01      	cmp	r3, #1
100056e0:	d00e      	beq.n	10005700 <dcd_edpt_stall+0x30>
100056e2:	2202      	movs	r2, #2
100056e4:	4b07      	ldr	r3, [pc, #28]	@ (10005704 <dcd_edpt_stall+0x34>)
100056e6:	669a      	str	r2, [r3, #104]	@ 0x68
100056e8:	09c9      	lsrs	r1, r1, #7
100056ea:	0040      	lsls	r0, r0, #1
100056ec:	1840      	adds	r0, r0, r1
100056ee:	0140      	lsls	r0, r0, #5
100056f0:	4b05      	ldr	r3, [pc, #20]	@ (10005708 <dcd_edpt_stall+0x38>)
100056f2:	18c0      	adds	r0, r0, r3
100056f4:	2280      	movs	r2, #128	@ 0x80
100056f6:	0112      	lsls	r2, r2, #4
100056f8:	2100      	movs	r1, #0
100056fa:	f002 fc59 	bl	10007fb0 <___hw_endpoint_buffer_control_update32_veneer>
100056fe:	bd10      	pop	{r4, pc}
10005700:	2201      	movs	r2, #1
10005702:	e7ef      	b.n	100056e4 <dcd_edpt_stall+0x14>
10005704:	50112000 	.word	0x50112000
10005708:	20001578 	.word	0x20001578

1000570c <dcd_edpt_clear_stall>:
1000570c:	b510      	push	{r4, lr}
1000570e:	227f      	movs	r2, #127	@ 0x7f
10005710:	0010      	movs	r0, r2
10005712:	4008      	ands	r0, r1
10005714:	420a      	tst	r2, r1
10005716:	d100      	bne.n	1000571a <dcd_edpt_clear_stall+0xe>
10005718:	bd10      	pop	{r4, pc}
1000571a:	09c9      	lsrs	r1, r1, #7
1000571c:	0040      	lsls	r0, r0, #1
1000571e:	1840      	adds	r0, r0, r1
10005720:	0140      	lsls	r0, r0, #5
10005722:	4b04      	ldr	r3, [pc, #16]	@ (10005734 <dcd_edpt_clear_stall+0x28>)
10005724:	18c0      	adds	r0, r0, r3
10005726:	2300      	movs	r3, #0
10005728:	70c3      	strb	r3, [r0, #3]
1000572a:	2200      	movs	r2, #0
1000572c:	4902      	ldr	r1, [pc, #8]	@ (10005738 <dcd_edpt_clear_stall+0x2c>)
1000572e:	f002 fc3f 	bl	10007fb0 <___hw_endpoint_buffer_control_update32_veneer>
10005732:	e7f1      	b.n	10005718 <dcd_edpt_clear_stall+0xc>
10005734:	20001578 	.word	0x20001578
10005738:	fffff7ff 	.word	0xfffff7ff

1000573c <unaligned_memcpy>:
1000573c:	e004      	b.n	10005748 <unaligned_memcpy+0xc>
1000573e:	780a      	ldrb	r2, [r1, #0]
10005740:	7002      	strb	r2, [r0, #0]
10005742:	3101      	adds	r1, #1
10005744:	3001      	adds	r0, #1
10005746:	001a      	movs	r2, r3
10005748:	1e53      	subs	r3, r2, #1
1000574a:	2a00      	cmp	r2, #0
1000574c:	d1f7      	bne.n	1000573e <unaligned_memcpy+0x2>
1000574e:	4770      	bx	lr

10005750 <rp2040_usb_init>:
10005750:	b510      	push	{r4, lr}
10005752:	2380      	movs	r3, #128	@ 0x80
10005754:	045b      	lsls	r3, r3, #17
10005756:	4a0a      	ldr	r2, [pc, #40]	@ (10005780 <rp2040_usb_init+0x30>)
10005758:	6013      	str	r3, [r2, #0]
1000575a:	4a0a      	ldr	r2, [pc, #40]	@ (10005784 <rp2040_usb_init+0x34>)
1000575c:	6013      	str	r3, [r2, #0]
1000575e:	4b0a      	ldr	r3, [pc, #40]	@ (10005788 <rp2040_usb_init+0x38>)
10005760:	681a      	ldr	r2, [r3, #0]
10005762:	2380      	movs	r3, #128	@ 0x80
10005764:	045b      	lsls	r3, r3, #17
10005766:	4393      	bics	r3, r2
10005768:	d1f9      	bne.n	1000575e <rp2040_usb_init+0xe>
1000576a:	2280      	movs	r2, #128	@ 0x80
1000576c:	0152      	lsls	r2, r2, #5
1000576e:	2100      	movs	r1, #0
10005770:	4806      	ldr	r0, [pc, #24]	@ (1000578c <rp2040_usb_init+0x3c>)
10005772:	f7fe f875 	bl	10003860 <__wrap_memset>
10005776:	4b06      	ldr	r3, [pc, #24]	@ (10005790 <rp2040_usb_init+0x40>)
10005778:	2209      	movs	r2, #9
1000577a:	675a      	str	r2, [r3, #116]	@ 0x74
1000577c:	bd10      	pop	{r4, pc}
1000577e:	46c0      	nop			@ (mov r8, r8)
10005780:	4000e000 	.word	0x4000e000
10005784:	4000f000 	.word	0x4000f000
10005788:	4000c008 	.word	0x4000c008
1000578c:	50100000 	.word	0x50100000
10005790:	50110000 	.word	0x50110000

10005794 <hw_endpoint_xfer_start>:
10005794:	b570      	push	{r4, r5, r6, lr}
10005796:	0004      	movs	r4, r0
10005798:	000d      	movs	r5, r1
1000579a:	0016      	movs	r6, r2
1000579c:	7e83      	ldrb	r3, [r0, #26]
1000579e:	2b00      	cmp	r3, #0
100057a0:	d117      	bne.n	100057d2 <hw_endpoint_xfer_start+0x3e>
100057a2:	82a6      	strh	r6, [r4, #20]
100057a4:	2300      	movs	r3, #0
100057a6:	82e3      	strh	r3, [r4, #22]
100057a8:	3301      	adds	r3, #1
100057aa:	76a3      	strb	r3, [r4, #26]
100057ac:	6125      	str	r5, [r4, #16]
100057ae:	0020      	movs	r0, r4
100057b0:	f002 fbee 	bl	10007f90 <__e15_is_bulkin_ep_veneer>
100057b4:	2800      	cmp	r0, #0
100057b6:	d004      	beq.n	100057c2 <hw_endpoint_xfer_start+0x2e>
100057b8:	4a0c      	ldr	r2, [pc, #48]	@ (100057ec <hw_endpoint_xfer_start+0x58>)
100057ba:	2390      	movs	r3, #144	@ 0x90
100057bc:	2180      	movs	r1, #128	@ 0x80
100057be:	0289      	lsls	r1, r1, #10
100057c0:	50d1      	str	r1, [r2, r3]
100057c2:	0020      	movs	r0, r4
100057c4:	f002 fb94 	bl	10007ef0 <__e15_is_critical_frame_period_veneer>
100057c8:	2800      	cmp	r0, #0
100057ca:	d00a      	beq.n	100057e2 <hw_endpoint_xfer_start+0x4e>
100057cc:	2301      	movs	r3, #1
100057ce:	7723      	strb	r3, [r4, #28]
100057d0:	bd70      	pop	{r4, r5, r6, pc}
100057d2:	7881      	ldrb	r1, [r0, #2]
100057d4:	4806      	ldr	r0, [pc, #24]	@ (100057f0 <hw_endpoint_xfer_start+0x5c>)
100057d6:	f7ff fa9f 	bl	10004d18 <__wrap_printf>
100057da:	0020      	movs	r0, r4
100057dc:	f002 fbe0 	bl	10007fa0 <__hw_endpoint_reset_transfer_veneer>
100057e0:	e7df      	b.n	100057a2 <hw_endpoint_xfer_start+0xe>
100057e2:	0020      	movs	r0, r4
100057e4:	f002 fbcc 	bl	10007f80 <__hw_endpoint_start_next_buffer_veneer>
100057e8:	e7f2      	b.n	100057d0 <hw_endpoint_xfer_start+0x3c>
100057ea:	46c0      	nop			@ (mov r8, r8)
100057ec:	50112000 	.word	0x50112000
100057f0:	10008c04 	.word	0x10008c04

100057f4 <configuration_reset>:
100057f4:	b570      	push	{r4, r5, r6, lr}
100057f6:	0005      	movs	r5, r0
100057f8:	2400      	movs	r4, #0
100057fa:	e008      	b.n	1000580e <configuration_reset+0x1a>
100057fc:	1a9b      	subs	r3, r3, r2
100057fe:	015b      	lsls	r3, r3, #5
10005800:	4a16      	ldr	r2, [pc, #88]	@ (1000585c <configuration_reset+0x68>)
10005802:	189b      	adds	r3, r3, r2
10005804:	68db      	ldr	r3, [r3, #12]
10005806:	0028      	movs	r0, r5
10005808:	4798      	blx	r3
1000580a:	3401      	adds	r4, #1
1000580c:	b2e4      	uxtb	r4, r4
1000580e:	4b14      	ldr	r3, [pc, #80]	@ (10005860 <configuration_reset+0x6c>)
10005810:	781a      	ldrb	r2, [r3, #0]
10005812:	0023      	movs	r3, r4
10005814:	1c51      	adds	r1, r2, #1
10005816:	42a1      	cmp	r1, r4
10005818:	db0d      	blt.n	10005836 <configuration_reset+0x42>
1000581a:	42a2      	cmp	r2, r4
1000581c:	d9ee      	bls.n	100057fc <configuration_reset+0x8>
1000581e:	4b11      	ldr	r3, [pc, #68]	@ (10005864 <configuration_reset+0x70>)
10005820:	681b      	ldr	r3, [r3, #0]
10005822:	0162      	lsls	r2, r4, #5
10005824:	189b      	adds	r3, r3, r2
10005826:	2b00      	cmp	r3, #0
10005828:	d1ec      	bne.n	10005804 <configuration_reset+0x10>
1000582a:	490f      	ldr	r1, [pc, #60]	@ (10005868 <configuration_reset+0x74>)
1000582c:	480f      	ldr	r0, [pc, #60]	@ (1000586c <configuration_reset+0x78>)
1000582e:	4a10      	ldr	r2, [pc, #64]	@ (10005870 <configuration_reset+0x7c>)
10005830:	f7ff fa72 	bl	10004d18 <__wrap_printf>
10005834:	e010      	b.n	10005858 <configuration_reset+0x64>
10005836:	4c0f      	ldr	r4, [pc, #60]	@ (10005874 <configuration_reset+0x80>)
10005838:	2254      	movs	r2, #84	@ 0x54
1000583a:	2100      	movs	r1, #0
1000583c:	0020      	movs	r0, r4
1000583e:	f7fe f80f 	bl	10003860 <__wrap_memset>
10005842:	1d20      	adds	r0, r4, #4
10005844:	2210      	movs	r2, #16
10005846:	21ff      	movs	r1, #255	@ 0xff
10005848:	f7fe f80a 	bl	10003860 <__wrap_memset>
1000584c:	0020      	movs	r0, r4
1000584e:	3014      	adds	r0, #20
10005850:	2220      	movs	r2, #32
10005852:	21ff      	movs	r1, #255	@ 0xff
10005854:	f7fe f804 	bl	10003860 <__wrap_memset>
10005858:	bd70      	pop	{r4, r5, r6, pc}
1000585a:	46c0      	nop			@ (mov r8, r8)
1000585c:	1000938c 	.word	0x1000938c
10005860:	20001bfd 	.word	0x20001bfd
10005864:	20000e60 	.word	0x20000e60
10005868:	10009358 	.word	0x10009358
1000586c:	10008c3c 	.word	0x10008c3c
10005870:	00000225 	.word	0x00000225
10005874:	20001010 	.word	0x20001010

10005878 <usbd_reset>:
10005878:	b510      	push	{r4, lr}
1000587a:	f7ff ffbb 	bl	100057f4 <configuration_reset>
1000587e:	f000 fe69 	bl	10006554 <usbd_control_reset>
10005882:	bd10      	pop	{r4, pc}

10005884 <invoke_class_control>:
10005884:	b570      	push	{r4, r5, r6, lr}
10005886:	0005      	movs	r5, r0
10005888:	000c      	movs	r4, r1
1000588a:	0016      	movs	r6, r2
1000588c:	6948      	ldr	r0, [r1, #20]
1000588e:	f000 fe6b 	bl	10006568 <usbd_control_set_complete_callback>
10005892:	6963      	ldr	r3, [r4, #20]
10005894:	0032      	movs	r2, r6
10005896:	2101      	movs	r1, #1
10005898:	0028      	movs	r0, r5
1000589a:	4798      	blx	r3
1000589c:	bd70      	pop	{r4, r5, r6, pc}
	...

100058a0 <process_set_config>:
100058a0:	b5f0      	push	{r4, r5, r6, r7, lr}
100058a2:	46de      	mov	lr, fp
100058a4:	4657      	mov	r7, sl
100058a6:	464e      	mov	r6, r9
100058a8:	4645      	mov	r5, r8
100058aa:	b5e0      	push	{r5, r6, r7, lr}
100058ac:	b083      	sub	sp, #12
100058ae:	4682      	mov	sl, r0
100058b0:	3901      	subs	r1, #1
100058b2:	b2c8      	uxtb	r0, r1
100058b4:	f7ff fd02 	bl	100052bc <tud_descriptor_configuration_cb>
100058b8:	2800      	cmp	r0, #0
100058ba:	d003      	beq.n	100058c4 <process_set_config+0x24>
100058bc:	7843      	ldrb	r3, [r0, #1]
100058be:	4699      	mov	r9, r3
100058c0:	2b02      	cmp	r3, #2
100058c2:	d00c      	beq.n	100058de <process_set_config+0x3e>
100058c4:	4956      	ldr	r1, [pc, #344]	@ (10005a20 <process_set_config+0x180>)
100058c6:	4857      	ldr	r0, [pc, #348]	@ (10005a24 <process_set_config+0x184>)
100058c8:	4a57      	ldr	r2, [pc, #348]	@ (10005a28 <process_set_config+0x188>)
100058ca:	f7ff fa25 	bl	10004d18 <__wrap_printf>
100058ce:	2000      	movs	r0, #0
100058d0:	b003      	add	sp, #12
100058d2:	bcf0      	pop	{r4, r5, r6, r7}
100058d4:	46bb      	mov	fp, r7
100058d6:	46b2      	mov	sl, r6
100058d8:	46a9      	mov	r9, r5
100058da:	46a0      	mov	r8, r4
100058dc:	bdf0      	pop	{r4, r5, r6, r7, pc}
100058de:	79c5      	ldrb	r5, [r0, #7]
100058e0:	116c      	asrs	r4, r5, #5
100058e2:	2201      	movs	r2, #1
100058e4:	4b51      	ldr	r3, [pc, #324]	@ (10005a2c <process_set_config+0x18c>)
100058e6:	4014      	ands	r4, r2
100058e8:	0124      	lsls	r4, r4, #4
100058ea:	7819      	ldrb	r1, [r3, #0]
100058ec:	2610      	movs	r6, #16
100058ee:	43b1      	bics	r1, r6
100058f0:	4321      	orrs	r1, r4
100058f2:	7019      	strb	r1, [r3, #0]
100058f4:	11ad      	asrs	r5, r5, #6
100058f6:	402a      	ands	r2, r5
100058f8:	0152      	lsls	r2, r2, #5
100058fa:	b2c9      	uxtb	r1, r1
100058fc:	2420      	movs	r4, #32
100058fe:	43a1      	bics	r1, r4
10005900:	430a      	orrs	r2, r1
10005902:	701a      	strb	r2, [r3, #0]
10005904:	0006      	movs	r6, r0
10005906:	3609      	adds	r6, #9
10005908:	7882      	ldrb	r2, [r0, #2]
1000590a:	78c3      	ldrb	r3, [r0, #3]
1000590c:	021b      	lsls	r3, r3, #8
1000590e:	4313      	orrs	r3, r2
10005910:	4683      	mov	fp, r0
10005912:	449b      	add	fp, r3
10005914:	464b      	mov	r3, r9
10005916:	9301      	str	r3, [sp, #4]
10005918:	0037      	movs	r7, r6
1000591a:	e066      	b.n	100059ea <process_set_config+0x14a>
1000591c:	78fb      	ldrb	r3, [r7, #3]
1000591e:	4699      	mov	r9, r3
10005920:	783a      	ldrb	r2, [r7, #0]
10005922:	18bf      	adds	r7, r7, r2
10005924:	e068      	b.n	100059f8 <process_set_config+0x158>
10005926:	493e      	ldr	r1, [pc, #248]	@ (10005a20 <process_set_config+0x180>)
10005928:	483e      	ldr	r0, [pc, #248]	@ (10005a24 <process_set_config+0x184>)
1000592a:	4a41      	ldr	r2, [pc, #260]	@ (10005a30 <process_set_config+0x190>)
1000592c:	f7ff f9f4 	bl	10004d18 <__wrap_printf>
10005930:	2000      	movs	r0, #0
10005932:	e7cd      	b.n	100058d0 <process_set_config+0x30>
10005934:	9a00      	ldr	r2, [sp, #0]
10005936:	1ad3      	subs	r3, r2, r3
10005938:	015b      	lsls	r3, r3, #5
1000593a:	4e3e      	ldr	r6, [pc, #248]	@ (10005a34 <process_set_config+0x194>)
1000593c:	199e      	adds	r6, r3, r6
1000593e:	6933      	ldr	r3, [r6, #16]
10005940:	0022      	movs	r2, r4
10005942:	0039      	movs	r1, r7
10005944:	4650      	mov	r0, sl
10005946:	4798      	blx	r3
10005948:	2808      	cmp	r0, #8
1000594a:	d901      	bls.n	10005950 <process_set_config+0xb0>
1000594c:	4284      	cmp	r4, r0
1000594e:	d216      	bcs.n	1000597e <process_set_config+0xde>
10005950:	3501      	adds	r5, #1
10005952:	b2ed      	uxtb	r5, r5
10005954:	4b38      	ldr	r3, [pc, #224]	@ (10005a38 <process_set_config+0x198>)
10005956:	781b      	ldrb	r3, [r3, #0]
10005958:	9500      	str	r5, [sp, #0]
1000595a:	1c5a      	adds	r2, r3, #1
1000595c:	42aa      	cmp	r2, r5
1000595e:	db3e      	blt.n	100059de <process_set_config+0x13e>
10005960:	42ab      	cmp	r3, r5
10005962:	d9e7      	bls.n	10005934 <process_set_config+0x94>
10005964:	4b35      	ldr	r3, [pc, #212]	@ (10005a3c <process_set_config+0x19c>)
10005966:	681b      	ldr	r3, [r3, #0]
10005968:	016e      	lsls	r6, r5, #5
1000596a:	199e      	adds	r6, r3, r6
1000596c:	2e00      	cmp	r6, #0
1000596e:	d1e6      	bne.n	1000593e <process_set_config+0x9e>
10005970:	492b      	ldr	r1, [pc, #172]	@ (10005a20 <process_set_config+0x180>)
10005972:	482c      	ldr	r0, [pc, #176]	@ (10005a24 <process_set_config+0x184>)
10005974:	4a32      	ldr	r2, [pc, #200]	@ (10005a40 <process_set_config+0x1a0>)
10005976:	f7ff f9cf 	bl	10004d18 <__wrap_printf>
1000597a:	2000      	movs	r0, #0
1000597c:	e7a8      	b.n	100058d0 <process_set_config+0x30>
1000597e:	0034      	movs	r4, r6
10005980:	9e00      	ldr	r6, [sp, #0]
10005982:	9000      	str	r0, [sp, #0]
10005984:	464b      	mov	r3, r9
10005986:	2b01      	cmp	r3, #1
10005988:	d011      	beq.n	100059ae <process_set_config+0x10e>
1000598a:	2000      	movs	r0, #0
1000598c:	4649      	mov	r1, r9
1000598e:	4281      	cmp	r1, r0
10005990:	d91b      	bls.n	100059ca <process_set_config+0x12a>
10005992:	78bb      	ldrb	r3, [r7, #2]
10005994:	181b      	adds	r3, r3, r0
10005996:	b2db      	uxtb	r3, r3
10005998:	4a24      	ldr	r2, [pc, #144]	@ (10005a2c <process_set_config+0x18c>)
1000599a:	18d2      	adds	r2, r2, r3
1000599c:	7912      	ldrb	r2, [r2, #4]
1000599e:	2aff      	cmp	r2, #255	@ 0xff
100059a0:	d10c      	bne.n	100059bc <process_set_config+0x11c>
100059a2:	4a22      	ldr	r2, [pc, #136]	@ (10005a2c <process_set_config+0x18c>)
100059a4:	18d3      	adds	r3, r2, r3
100059a6:	711d      	strb	r5, [r3, #4]
100059a8:	3001      	adds	r0, #1
100059aa:	b2c0      	uxtb	r0, r0
100059ac:	e7ef      	b.n	1000598e <process_set_config+0xee>
100059ae:	6921      	ldr	r1, [r4, #16]
100059b0:	4a24      	ldr	r2, [pc, #144]	@ (10005a44 <process_set_config+0x1a4>)
100059b2:	4291      	cmp	r1, r2
100059b4:	d1e9      	bne.n	1000598a <process_set_config+0xea>
100059b6:	9b01      	ldr	r3, [sp, #4]
100059b8:	4699      	mov	r9, r3
100059ba:	e7e6      	b.n	1000598a <process_set_config+0xea>
100059bc:	4918      	ldr	r1, [pc, #96]	@ (10005a20 <process_set_config+0x180>)
100059be:	4819      	ldr	r0, [pc, #100]	@ (10005a24 <process_set_config+0x184>)
100059c0:	4a21      	ldr	r2, [pc, #132]	@ (10005a48 <process_set_config+0x1a8>)
100059c2:	f7ff f9a9 	bl	10004d18 <__wrap_printf>
100059c6:	2000      	movs	r0, #0
100059c8:	e782      	b.n	100058d0 <process_set_config+0x30>
100059ca:	4820      	ldr	r0, [pc, #128]	@ (10005a4c <process_set_config+0x1ac>)
100059cc:	002b      	movs	r3, r5
100059ce:	9c00      	ldr	r4, [sp, #0]
100059d0:	0022      	movs	r2, r4
100059d2:	0039      	movs	r1, r7
100059d4:	f001 fc82 	bl	100072dc <tu_edpt_bind_driver>
100059d8:	46a4      	mov	ip, r4
100059da:	4467      	add	r7, ip
100059dc:	e000      	b.n	100059e0 <process_set_config+0x140>
100059de:	002e      	movs	r6, r5
100059e0:	4b15      	ldr	r3, [pc, #84]	@ (10005a38 <process_set_config+0x198>)
100059e2:	781b      	ldrb	r3, [r3, #0]
100059e4:	3301      	adds	r3, #1
100059e6:	429e      	cmp	r6, r3
100059e8:	dc0f      	bgt.n	10005a0a <process_set_config+0x16a>
100059ea:	455f      	cmp	r7, fp
100059ec:	d215      	bcs.n	10005a1a <process_set_config+0x17a>
100059ee:	787b      	ldrb	r3, [r7, #1]
100059f0:	2b0b      	cmp	r3, #11
100059f2:	d093      	beq.n	1000591c <process_set_config+0x7c>
100059f4:	2301      	movs	r3, #1
100059f6:	4699      	mov	r9, r3
100059f8:	787a      	ldrb	r2, [r7, #1]
100059fa:	2a04      	cmp	r2, #4
100059fc:	d193      	bne.n	10005926 <process_set_config+0x86>
100059fe:	465b      	mov	r3, fp
10005a00:	1bda      	subs	r2, r3, r7
10005a02:	b293      	uxth	r3, r2
10005a04:	2500      	movs	r5, #0
10005a06:	001c      	movs	r4, r3
10005a08:	e7a4      	b.n	10005954 <process_set_config+0xb4>
10005a0a:	2285      	movs	r2, #133	@ 0x85
10005a0c:	4904      	ldr	r1, [pc, #16]	@ (10005a20 <process_set_config+0x180>)
10005a0e:	4805      	ldr	r0, [pc, #20]	@ (10005a24 <process_set_config+0x184>)
10005a10:	00d2      	lsls	r2, r2, #3
10005a12:	f7ff f981 	bl	10004d18 <__wrap_printf>
10005a16:	2000      	movs	r0, #0
10005a18:	e75a      	b.n	100058d0 <process_set_config+0x30>
10005a1a:	2001      	movs	r0, #1
10005a1c:	e758      	b.n	100058d0 <process_set_config+0x30>
10005a1e:	46c0      	nop			@ (mov r8, r8)
10005a20:	1000932c 	.word	0x1000932c
10005a24:	10008c3c 	.word	0x10008c3c
10005a28:	000003d6 	.word	0x000003d6
10005a2c:	20001010 	.word	0x20001010
10005a30:	000003f1 	.word	0x000003f1
10005a34:	1000938c 	.word	0x1000938c
10005a38:	20001bfd 	.word	0x20001bfd
10005a3c:	20000e60 	.word	0x20000e60
10005a40:	000003fa 	.word	0x000003fa
10005a44:	10006a19 	.word	0x10006a19
10005a48:	00000419 	.word	0x00000419
10005a4c:	20001024 	.word	0x20001024

10005a50 <tud_event_hook_cb>:
10005a50:	4770      	bx	lr

10005a52 <tud_sof_cb>:
10005a52:	4770      	bx	lr

10005a54 <tud_descriptor_device_qualifier_cb>:
10005a54:	2000      	movs	r0, #0
10005a56:	4770      	bx	lr

10005a58 <tud_descriptor_other_speed_configuration_cb>:
10005a58:	2000      	movs	r0, #0
10005a5a:	4770      	bx	lr

10005a5c <process_get_descriptor>:
10005a5c:	b570      	push	{r4, r5, r6, lr}
10005a5e:	0005      	movs	r5, r0
10005a60:	000c      	movs	r4, r1
10005a62:	78cb      	ldrb	r3, [r1, #3]
10005a64:	7888      	ldrb	r0, [r1, #2]
10005a66:	2b0f      	cmp	r3, #15
10005a68:	d853      	bhi.n	10005b12 <process_get_descriptor+0xb6>
10005a6a:	009a      	lsls	r2, r3, #2
10005a6c:	492e      	ldr	r1, [pc, #184]	@ (10005b28 <process_get_descriptor+0xcc>)
10005a6e:	588a      	ldr	r2, [r1, r2]
10005a70:	4697      	mov	pc, r2
10005a72:	f7ff fc1f 	bl	100052b4 <tud_descriptor_device_cb>
10005a76:	1e02      	subs	r2, r0, #0
10005a78:	d005      	beq.n	10005a86 <process_get_descriptor+0x2a>
10005a7a:	2312      	movs	r3, #18
10005a7c:	0021      	movs	r1, r4
10005a7e:	0028      	movs	r0, r5
10005a80:	f000 fd1c 	bl	100064bc <tud_control_xfer>
10005a84:	e046      	b.n	10005b14 <process_get_descriptor+0xb8>
10005a86:	4929      	ldr	r1, [pc, #164]	@ (10005b2c <process_get_descriptor+0xd0>)
10005a88:	4829      	ldr	r0, [pc, #164]	@ (10005b30 <process_get_descriptor+0xd4>)
10005a8a:	4a2a      	ldr	r2, [pc, #168]	@ (10005b34 <process_get_descriptor+0xd8>)
10005a8c:	f7ff f944 	bl	10004d18 <__wrap_printf>
10005a90:	2000      	movs	r0, #0
10005a92:	e03f      	b.n	10005b14 <process_get_descriptor+0xb8>
10005a94:	f7ff f9a0 	bl	10004dd8 <tud_descriptor_bos_cb>
10005a98:	1e02      	subs	r2, r0, #0
10005a9a:	d03c      	beq.n	10005b16 <process_get_descriptor+0xba>
10005a9c:	7881      	ldrb	r1, [r0, #2]
10005a9e:	78c3      	ldrb	r3, [r0, #3]
10005aa0:	021b      	lsls	r3, r3, #8
10005aa2:	430b      	orrs	r3, r1
10005aa4:	0021      	movs	r1, r4
10005aa6:	0028      	movs	r0, r5
10005aa8:	f000 fd08 	bl	100064bc <tud_control_xfer>
10005aac:	e032      	b.n	10005b14 <process_get_descriptor+0xb8>
10005aae:	2b02      	cmp	r3, #2
10005ab0:	d00c      	beq.n	10005acc <process_get_descriptor+0x70>
10005ab2:	f7ff ffd1 	bl	10005a58 <tud_descriptor_other_speed_configuration_cb>
10005ab6:	1e02      	subs	r2, r0, #0
10005ab8:	d02f      	beq.n	10005b1a <process_get_descriptor+0xbe>
10005aba:	7891      	ldrb	r1, [r2, #2]
10005abc:	78d3      	ldrb	r3, [r2, #3]
10005abe:	021b      	lsls	r3, r3, #8
10005ac0:	430b      	orrs	r3, r1
10005ac2:	0021      	movs	r1, r4
10005ac4:	0028      	movs	r0, r5
10005ac6:	f000 fcf9 	bl	100064bc <tud_control_xfer>
10005aca:	e023      	b.n	10005b14 <process_get_descriptor+0xb8>
10005acc:	f7ff fbf6 	bl	100052bc <tud_descriptor_configuration_cb>
10005ad0:	1e02      	subs	r2, r0, #0
10005ad2:	d1f2      	bne.n	10005aba <process_get_descriptor+0x5e>
10005ad4:	4915      	ldr	r1, [pc, #84]	@ (10005b2c <process_get_descriptor+0xd0>)
10005ad6:	4816      	ldr	r0, [pc, #88]	@ (10005b30 <process_get_descriptor+0xd4>)
10005ad8:	4a17      	ldr	r2, [pc, #92]	@ (10005b38 <process_get_descriptor+0xdc>)
10005ada:	f7ff f91d 	bl	10004d18 <__wrap_printf>
10005ade:	2000      	movs	r0, #0
10005ae0:	e018      	b.n	10005b14 <process_get_descriptor+0xb8>
10005ae2:	7923      	ldrb	r3, [r4, #4]
10005ae4:	7961      	ldrb	r1, [r4, #5]
10005ae6:	0209      	lsls	r1, r1, #8
10005ae8:	4319      	orrs	r1, r3
10005aea:	f7ff fbeb 	bl	100052c4 <tud_descriptor_string_cb>
10005aee:	1e02      	subs	r2, r0, #0
10005af0:	d015      	beq.n	10005b1e <process_get_descriptor+0xc2>
10005af2:	7803      	ldrb	r3, [r0, #0]
10005af4:	0021      	movs	r1, r4
10005af6:	0028      	movs	r0, r5
10005af8:	f000 fce0 	bl	100064bc <tud_control_xfer>
10005afc:	e00a      	b.n	10005b14 <process_get_descriptor+0xb8>
10005afe:	f7ff ffa9 	bl	10005a54 <tud_descriptor_device_qualifier_cb>
10005b02:	1e02      	subs	r2, r0, #0
10005b04:	d00d      	beq.n	10005b22 <process_get_descriptor+0xc6>
10005b06:	7803      	ldrb	r3, [r0, #0]
10005b08:	0021      	movs	r1, r4
10005b0a:	0028      	movs	r0, r5
10005b0c:	f000 fcd6 	bl	100064bc <tud_control_xfer>
10005b10:	e000      	b.n	10005b14 <process_get_descriptor+0xb8>
10005b12:	2000      	movs	r0, #0
10005b14:	bd70      	pop	{r4, r5, r6, pc}
10005b16:	2000      	movs	r0, #0
10005b18:	e7fc      	b.n	10005b14 <process_get_descriptor+0xb8>
10005b1a:	2000      	movs	r0, #0
10005b1c:	e7fa      	b.n	10005b14 <process_get_descriptor+0xb8>
10005b1e:	2000      	movs	r0, #0
10005b20:	e7f8      	b.n	10005b14 <process_get_descriptor+0xb8>
10005b22:	2000      	movs	r0, #0
10005b24:	e7f6      	b.n	10005b14 <process_get_descriptor+0xb8>
10005b26:	46c0      	nop			@ (mov r8, r8)
10005b28:	1000922c 	.word	0x1000922c
10005b2c:	10009314 	.word	0x10009314
10005b30:	10008c3c 	.word	0x10008c3c
10005b34:	0000043a 	.word	0x0000043a
10005b38:	00000461 	.word	0x00000461

10005b3c <tud_mount_cb>:
10005b3c:	4770      	bx	lr

10005b3e <tud_umount_cb>:
10005b3e:	4770      	bx	lr

10005b40 <tud_suspend_cb>:
10005b40:	4770      	bx	lr

10005b42 <tud_resume_cb>:
10005b42:	4770      	bx	lr

10005b44 <tud_mounted>:
10005b44:	4b02      	ldr	r3, [pc, #8]	@ (10005b50 <tud_mounted+0xc>)
10005b46:	7858      	ldrb	r0, [r3, #1]
10005b48:	1e43      	subs	r3, r0, #1
10005b4a:	4198      	sbcs	r0, r3
10005b4c:	b2c0      	uxtb	r0, r0
10005b4e:	4770      	bx	lr
10005b50:	20001010 	.word	0x20001010

10005b54 <tud_suspended>:
10005b54:	4b02      	ldr	r3, [pc, #8]	@ (10005b60 <tud_suspended+0xc>)
10005b56:	7818      	ldrb	r0, [r3, #0]
10005b58:	0740      	lsls	r0, r0, #29
10005b5a:	0fc0      	lsrs	r0, r0, #31
10005b5c:	4770      	bx	lr
10005b5e:	46c0      	nop			@ (mov r8, r8)
10005b60:	20001010 	.word	0x20001010

10005b64 <tud_inited>:
10005b64:	4b03      	ldr	r3, [pc, #12]	@ (10005b74 <tud_inited+0x10>)
10005b66:	7818      	ldrb	r0, [r3, #0]
10005b68:	38ff      	subs	r0, #255	@ 0xff
10005b6a:	1e43      	subs	r3, r0, #1
10005b6c:	4198      	sbcs	r0, r3
10005b6e:	b2c0      	uxtb	r0, r0
10005b70:	4770      	bx	lr
10005b72:	46c0      	nop			@ (mov r8, r8)
10005b74:	20000cc4 	.word	0x20000cc4

10005b78 <tud_rhport_init>:
10005b78:	b5f8      	push	{r3, r4, r5, r6, r7, lr}
10005b7a:	0005      	movs	r5, r0
10005b7c:	000f      	movs	r7, r1
10005b7e:	f7ff fff1 	bl	10005b64 <tud_inited>
10005b82:	1e06      	subs	r6, r0, #0
10005b84:	d148      	bne.n	10005c18 <tud_rhport_init+0xa0>
10005b86:	2f00      	cmp	r7, #0
10005b88:	d021      	beq.n	10005bce <tud_rhport_init+0x56>
10005b8a:	482e      	ldr	r0, [pc, #184]	@ (10005c44 <tud_rhport_init+0xcc>)
10005b8c:	2254      	movs	r2, #84	@ 0x54
10005b8e:	2100      	movs	r1, #0
10005b90:	f7fd fe66 	bl	10003860 <__wrap_memset>
10005b94:	4b2c      	ldr	r3, [pc, #176]	@ (10005c48 <tud_rhport_init+0xd0>)
10005b96:	2200      	movs	r2, #0
10005b98:	701a      	strb	r2, [r3, #0]
10005b9a:	4c2c      	ldr	r4, [pc, #176]	@ (10005c4c <tud_rhport_init+0xd4>)
10005b9c:	0020      	movs	r0, r4
10005b9e:	f7fb fa11 	bl	10000fc4 <mutex_init>
10005ba2:	4b2b      	ldr	r3, [pc, #172]	@ (10005c50 <tud_rhport_init+0xd8>)
10005ba4:	601c      	str	r4, [r3, #0]
10005ba6:	4c2b      	ldr	r4, [pc, #172]	@ (10005c54 <tud_rhport_init+0xdc>)
10005ba8:	0020      	movs	r0, r4
10005baa:	f7fb fa57 	bl	1000105c <critical_section_init>
10005bae:	3c14      	subs	r4, #20
10005bb0:	0020      	movs	r0, r4
10005bb2:	f001 ff2a 	bl	10007a0a <tu_fifo_clear>
10005bb6:	4b28      	ldr	r3, [pc, #160]	@ (10005c58 <tud_rhport_init+0xe0>)
10005bb8:	601c      	str	r4, [r3, #0]
10005bba:	4b28      	ldr	r3, [pc, #160]	@ (10005c5c <tud_rhport_init+0xe4>)
10005bbc:	2b00      	cmp	r3, #0
10005bbe:	d004      	beq.n	10005bca <tud_rhport_init+0x52>
10005bc0:	4827      	ldr	r0, [pc, #156]	@ (10005c60 <tud_rhport_init+0xe8>)
10005bc2:	f7ff f929 	bl	10004e18 <usbd_app_driver_get_cb>
10005bc6:	4b27      	ldr	r3, [pc, #156]	@ (10005c64 <tud_rhport_init+0xec>)
10005bc8:	6018      	str	r0, [r3, #0]
10005bca:	2400      	movs	r4, #0
10005bcc:	e010      	b.n	10005bf0 <tud_rhport_init+0x78>
10005bce:	22e9      	movs	r2, #233	@ 0xe9
10005bd0:	4925      	ldr	r1, [pc, #148]	@ (10005c68 <tud_rhport_init+0xf0>)
10005bd2:	4826      	ldr	r0, [pc, #152]	@ (10005c6c <tud_rhport_init+0xf4>)
10005bd4:	0052      	lsls	r2, r2, #1
10005bd6:	f7ff f89f 	bl	10004d18 <__wrap_printf>
10005bda:	e01d      	b.n	10005c18 <tud_rhport_init+0xa0>
10005bdc:	1a9b      	subs	r3, r3, r2
10005bde:	015b      	lsls	r3, r3, #5
10005be0:	4a23      	ldr	r2, [pc, #140]	@ (10005c70 <tud_rhport_init+0xf8>)
10005be2:	189b      	adds	r3, r3, r2
10005be4:	685b      	ldr	r3, [r3, #4]
10005be6:	2b00      	cmp	r3, #0
10005be8:	d010      	beq.n	10005c0c <tud_rhport_init+0x94>
10005bea:	4798      	blx	r3
10005bec:	3401      	adds	r4, #1
10005bee:	b2e4      	uxtb	r4, r4
10005bf0:	4b1b      	ldr	r3, [pc, #108]	@ (10005c60 <tud_rhport_init+0xe8>)
10005bf2:	781a      	ldrb	r2, [r3, #0]
10005bf4:	0023      	movs	r3, r4
10005bf6:	1c51      	adds	r1, r2, #1
10005bf8:	42a1      	cmp	r1, r4
10005bfa:	db0f      	blt.n	10005c1c <tud_rhport_init+0xa4>
10005bfc:	42a2      	cmp	r2, r4
10005bfe:	d9ed      	bls.n	10005bdc <tud_rhport_init+0x64>
10005c00:	4b18      	ldr	r3, [pc, #96]	@ (10005c64 <tud_rhport_init+0xec>)
10005c02:	681b      	ldr	r3, [r3, #0]
10005c04:	0162      	lsls	r2, r4, #5
10005c06:	189b      	adds	r3, r3, r2
10005c08:	2b00      	cmp	r3, #0
10005c0a:	d1eb      	bne.n	10005be4 <tud_rhport_init+0x6c>
10005c0c:	22f8      	movs	r2, #248	@ 0xf8
10005c0e:	4916      	ldr	r1, [pc, #88]	@ (10005c68 <tud_rhport_init+0xf0>)
10005c10:	4816      	ldr	r0, [pc, #88]	@ (10005c6c <tud_rhport_init+0xf4>)
10005c12:	0052      	lsls	r2, r2, #1
10005c14:	f7ff f880 	bl	10004d18 <__wrap_printf>
10005c18:	0030      	movs	r0, r6
10005c1a:	bdf8      	pop	{r3, r4, r5, r6, r7, pc}
10005c1c:	4b15      	ldr	r3, [pc, #84]	@ (10005c74 <tud_rhport_init+0xfc>)
10005c1e:	701d      	strb	r5, [r3, #0]
10005c20:	0039      	movs	r1, r7
10005c22:	0028      	movs	r0, r5
10005c24:	f7ff fcc8 	bl	100055b8 <dcd_init>
10005c28:	1e06      	subs	r6, r0, #0
10005c2a:	d003      	beq.n	10005c34 <tud_rhport_init+0xbc>
10005c2c:	0028      	movs	r0, r5
10005c2e:	f7ff fc8f 	bl	10005550 <dcd_int_enable>
10005c32:	e7f1      	b.n	10005c18 <tud_rhport_init+0xa0>
10005c34:	22fc      	movs	r2, #252	@ 0xfc
10005c36:	490c      	ldr	r1, [pc, #48]	@ (10005c68 <tud_rhport_init+0xf0>)
10005c38:	480c      	ldr	r0, [pc, #48]	@ (10005c6c <tud_rhport_init+0xf4>)
10005c3a:	0052      	lsls	r2, r2, #1
10005c3c:	f7ff f86c 	bl	10004d18 <__wrap_printf>
10005c40:	e7ea      	b.n	10005c18 <tud_rhport_init+0xa0>
10005c42:	46c0      	nop			@ (mov r8, r8)
10005c44:	20001010 	.word	0x20001010
10005c48:	20001bff 	.word	0x20001bff
10005c4c:	20001008 	.word	0x20001008
10005c50:	20001064 	.word	0x20001064
10005c54:	20000cbc 	.word	0x20000cbc
10005c58:	20001068 	.word	0x20001068
10005c5c:	10004e19 	.word	0x10004e19
10005c60:	20001bfd 	.word	0x20001bfd
10005c64:	20000e60 	.word	0x20000e60
10005c68:	1000937c 	.word	0x1000937c
10005c6c:	10008c3c 	.word	0x10008c3c
10005c70:	1000938c 	.word	0x1000938c
10005c74:	20000cc4 	.word	0x20000cc4

10005c78 <usbd_edpt_open>:
10005c78:	b570      	push	{r4, r5, r6, lr}
10005c7a:	000d      	movs	r5, r1
10005c7c:	4b10      	ldr	r3, [pc, #64]	@ (10005cc0 <usbd_edpt_open+0x48>)
10005c7e:	781e      	ldrb	r6, [r3, #0]
10005c80:	788b      	ldrb	r3, [r1, #2]
10005c82:	2270      	movs	r2, #112	@ 0x70
10005c84:	421a      	tst	r2, r3
10005c86:	d10d      	bne.n	10005ca4 <usbd_edpt_open+0x2c>
10005c88:	4b0e      	ldr	r3, [pc, #56]	@ (10005cc4 <usbd_edpt_open+0x4c>)
10005c8a:	7899      	ldrb	r1, [r3, #2]
10005c8c:	0028      	movs	r0, r5
10005c8e:	f001 facf 	bl	10007230 <tu_edpt_validate>
10005c92:	1e04      	subs	r4, r0, #0
10005c94:	d00d      	beq.n	10005cb2 <usbd_edpt_open+0x3a>
10005c96:	0029      	movs	r1, r5
10005c98:	0030      	movs	r0, r6
10005c9a:	f7ff fce9 	bl	10005670 <dcd_edpt_open>
10005c9e:	0004      	movs	r4, r0
10005ca0:	0020      	movs	r0, r4
10005ca2:	bd70      	pop	{r4, r5, r6, pc}
10005ca4:	4908      	ldr	r1, [pc, #32]	@ (10005cc8 <usbd_edpt_open+0x50>)
10005ca6:	4809      	ldr	r0, [pc, #36]	@ (10005ccc <usbd_edpt_open+0x54>)
10005ca8:	4a09      	ldr	r2, [pc, #36]	@ (10005cd0 <usbd_edpt_open+0x58>)
10005caa:	f7ff f835 	bl	10004d18 <__wrap_printf>
10005cae:	2400      	movs	r4, #0
10005cb0:	e7f6      	b.n	10005ca0 <usbd_edpt_open+0x28>
10005cb2:	4905      	ldr	r1, [pc, #20]	@ (10005cc8 <usbd_edpt_open+0x50>)
10005cb4:	4805      	ldr	r0, [pc, #20]	@ (10005ccc <usbd_edpt_open+0x54>)
10005cb6:	4a07      	ldr	r2, [pc, #28]	@ (10005cd4 <usbd_edpt_open+0x5c>)
10005cb8:	f7ff f82e 	bl	10004d18 <__wrap_printf>
10005cbc:	e7f0      	b.n	10005ca0 <usbd_edpt_open+0x28>
10005cbe:	46c0      	nop			@ (mov r8, r8)
10005cc0:	20000cc4 	.word	0x20000cc4
10005cc4:	20001010 	.word	0x20001010
10005cc8:	100092e4 	.word	0x100092e4
10005ccc:	10008c3c 	.word	0x10008c3c
10005cd0:	0000050b 	.word	0x0000050b
10005cd4:	0000050c 	.word	0x0000050c

10005cd8 <usbd_open_edpt_pair>:
10005cd8:	b5f0      	push	{r4, r5, r6, r7, lr}
10005cda:	46d6      	mov	lr, sl
10005cdc:	464f      	mov	r7, r9
10005cde:	4646      	mov	r6, r8
10005ce0:	b5c0      	push	{r6, r7, lr}
10005ce2:	4681      	mov	r9, r0
10005ce4:	000c      	movs	r4, r1
10005ce6:	0017      	movs	r7, r2
10005ce8:	4698      	mov	r8, r3
10005cea:	9b08      	ldr	r3, [sp, #32]
10005cec:	469a      	mov	sl, r3
10005cee:	2500      	movs	r5, #0
10005cf0:	e017      	b.n	10005d22 <usbd_open_edpt_pair+0x4a>
10005cf2:	4918      	ldr	r1, [pc, #96]	@ (10005d54 <usbd_open_edpt_pair+0x7c>)
10005cf4:	4818      	ldr	r0, [pc, #96]	@ (10005d58 <usbd_open_edpt_pair+0x80>)
10005cf6:	4a19      	ldr	r2, [pc, #100]	@ (10005d5c <usbd_open_edpt_pair+0x84>)
10005cf8:	f7ff f80e 	bl	10004d18 <__wrap_printf>
10005cfc:	2600      	movs	r6, #0
10005cfe:	0030      	movs	r0, r6
10005d00:	bce0      	pop	{r5, r6, r7}
10005d02:	46ba      	mov	sl, r7
10005d04:	46b1      	mov	r9, r6
10005d06:	46a8      	mov	r8, r5
10005d08:	bdf0      	pop	{r4, r5, r6, r7, pc}
10005d0a:	229d      	movs	r2, #157	@ 0x9d
10005d0c:	4911      	ldr	r1, [pc, #68]	@ (10005d54 <usbd_open_edpt_pair+0x7c>)
10005d0e:	4812      	ldr	r0, [pc, #72]	@ (10005d58 <usbd_open_edpt_pair+0x80>)
10005d10:	00d2      	lsls	r2, r2, #3
10005d12:	f7ff f801 	bl	10004d18 <__wrap_printf>
10005d16:	e7f2      	b.n	10005cfe <usbd_open_edpt_pair+0x26>
10005d18:	9a09      	ldr	r2, [sp, #36]	@ 0x24
10005d1a:	7013      	strb	r3, [r2, #0]
10005d1c:	7823      	ldrb	r3, [r4, #0]
10005d1e:	18e4      	adds	r4, r4, r3
10005d20:	3501      	adds	r5, #1
10005d22:	42af      	cmp	r7, r5
10005d24:	dd14      	ble.n	10005d50 <usbd_open_edpt_pair+0x78>
10005d26:	7863      	ldrb	r3, [r4, #1]
10005d28:	2b05      	cmp	r3, #5
10005d2a:	d1e2      	bne.n	10005cf2 <usbd_open_edpt_pair+0x1a>
10005d2c:	78e1      	ldrb	r1, [r4, #3]
10005d2e:	0789      	lsls	r1, r1, #30
10005d30:	0f89      	lsrs	r1, r1, #30
10005d32:	4541      	cmp	r1, r8
10005d34:	d1dd      	bne.n	10005cf2 <usbd_open_edpt_pair+0x1a>
10005d36:	0021      	movs	r1, r4
10005d38:	4648      	mov	r0, r9
10005d3a:	f7ff ff9d 	bl	10005c78 <usbd_edpt_open>
10005d3e:	1e06      	subs	r6, r0, #0
10005d40:	d0e3      	beq.n	10005d0a <usbd_open_edpt_pair+0x32>
10005d42:	78a3      	ldrb	r3, [r4, #2]
10005d44:	09da      	lsrs	r2, r3, #7
10005d46:	2a01      	cmp	r2, #1
10005d48:	d0e6      	beq.n	10005d18 <usbd_open_edpt_pair+0x40>
10005d4a:	4652      	mov	r2, sl
10005d4c:	7013      	strb	r3, [r2, #0]
10005d4e:	e7e5      	b.n	10005d1c <usbd_open_edpt_pair+0x44>
10005d50:	2601      	movs	r6, #1
10005d52:	e7d4      	b.n	10005cfe <usbd_open_edpt_pair+0x26>
10005d54:	100092f4 	.word	0x100092f4
10005d58:	10008c3c 	.word	0x10008c3c
10005d5c:	000004e7 	.word	0x000004e7

10005d60 <usbd_edpt_claim>:
10005d60:	b510      	push	{r4, lr}
10005d62:	207f      	movs	r0, #127	@ 0x7f
10005d64:	4008      	ands	r0, r1
10005d66:	09c9      	lsrs	r1, r1, #7
10005d68:	0040      	lsls	r0, r0, #1
10005d6a:	1840      	adds	r0, r0, r1
10005d6c:	3030      	adds	r0, #48	@ 0x30
10005d6e:	4b04      	ldr	r3, [pc, #16]	@ (10005d80 <usbd_edpt_claim+0x20>)
10005d70:	18c0      	adds	r0, r0, r3
10005d72:	3004      	adds	r0, #4
10005d74:	4b03      	ldr	r3, [pc, #12]	@ (10005d84 <usbd_edpt_claim+0x24>)
10005d76:	6819      	ldr	r1, [r3, #0]
10005d78:	f001 fa16 	bl	100071a8 <tu_edpt_claim>
10005d7c:	bd10      	pop	{r4, pc}
10005d7e:	46c0      	nop			@ (mov r8, r8)
10005d80:	20001010 	.word	0x20001010
10005d84:	20001064 	.word	0x20001064

10005d88 <usbd_edpt_release>:
10005d88:	b510      	push	{r4, lr}
10005d8a:	207f      	movs	r0, #127	@ 0x7f
10005d8c:	4008      	ands	r0, r1
10005d8e:	09c9      	lsrs	r1, r1, #7
10005d90:	0040      	lsls	r0, r0, #1
10005d92:	1840      	adds	r0, r0, r1
10005d94:	3030      	adds	r0, #48	@ 0x30
10005d96:	4b04      	ldr	r3, [pc, #16]	@ (10005da8 <usbd_edpt_release+0x20>)
10005d98:	18c0      	adds	r0, r0, r3
10005d9a:	3004      	adds	r0, #4
10005d9c:	4b03      	ldr	r3, [pc, #12]	@ (10005dac <usbd_edpt_release+0x24>)
10005d9e:	6819      	ldr	r1, [r3, #0]
10005da0:	f001 fa2a 	bl	100071f8 <tu_edpt_release>
10005da4:	bd10      	pop	{r4, pc}
10005da6:	46c0      	nop			@ (mov r8, r8)
10005da8:	20001010 	.word	0x20001010
10005dac:	20001064 	.word	0x20001064

10005db0 <usbd_edpt_xfer>:
10005db0:	b5f0      	push	{r4, r5, r6, r7, lr}
10005db2:	46c6      	mov	lr, r8
10005db4:	b500      	push	{lr}
10005db6:	b082      	sub	sp, #8
10005db8:	9301      	str	r3, [sp, #4]
10005dba:	481a      	ldr	r0, [pc, #104]	@ (10005e24 <usbd_edpt_xfer+0x74>)
10005dbc:	7800      	ldrb	r0, [r0, #0]
10005dbe:	257f      	movs	r5, #127	@ 0x7f
10005dc0:	400d      	ands	r5, r1
10005dc2:	09ce      	lsrs	r6, r1, #7
10005dc4:	4c18      	ldr	r4, [pc, #96]	@ (10005e28 <usbd_edpt_xfer+0x78>)
10005dc6:	006f      	lsls	r7, r5, #1
10005dc8:	19e4      	adds	r4, r4, r7
10005dca:	19a4      	adds	r4, r4, r6
10005dcc:	3430      	adds	r4, #48	@ 0x30
10005dce:	7924      	ldrb	r4, [r4, #4]
10005dd0:	07e4      	lsls	r4, r4, #31
10005dd2:	d41d      	bmi.n	10005e10 <usbd_edpt_xfer+0x60>
10005dd4:	4c14      	ldr	r4, [pc, #80]	@ (10005e28 <usbd_edpt_xfer+0x78>)
10005dd6:	006f      	lsls	r7, r5, #1
10005dd8:	19e4      	adds	r4, r4, r7
10005dda:	19a4      	adds	r4, r4, r6
10005ddc:	3430      	adds	r4, #48	@ 0x30
10005dde:	7923      	ldrb	r3, [r4, #4]
10005de0:	2701      	movs	r7, #1
10005de2:	46bc      	mov	ip, r7
10005de4:	4667      	mov	r7, ip
10005de6:	433b      	orrs	r3, r7
10005de8:	7123      	strb	r3, [r4, #4]
10005dea:	9b01      	ldr	r3, [sp, #4]
10005dec:	f7ff fc58 	bl	100056a0 <dcd_edpt_xfer>
10005df0:	2800      	cmp	r0, #0
10005df2:	d113      	bne.n	10005e1c <usbd_edpt_xfer+0x6c>
10005df4:	4b0c      	ldr	r3, [pc, #48]	@ (10005e28 <usbd_edpt_xfer+0x78>)
10005df6:	006d      	lsls	r5, r5, #1
10005df8:	195b      	adds	r3, r3, r5
10005dfa:	199b      	adds	r3, r3, r6
10005dfc:	3330      	adds	r3, #48	@ 0x30
10005dfe:	791a      	ldrb	r2, [r3, #4]
10005e00:	2101      	movs	r1, #1
10005e02:	438a      	bics	r2, r1
10005e04:	711a      	strb	r2, [r3, #4]
10005e06:	791a      	ldrb	r2, [r3, #4]
10005e08:	3103      	adds	r1, #3
10005e0a:	438a      	bics	r2, r1
10005e0c:	711a      	strb	r2, [r3, #4]
10005e0e:	e005      	b.n	10005e1c <usbd_edpt_xfer+0x6c>
10005e10:	4906      	ldr	r1, [pc, #24]	@ (10005e2c <usbd_edpt_xfer+0x7c>)
10005e12:	4807      	ldr	r0, [pc, #28]	@ (10005e30 <usbd_edpt_xfer+0x80>)
10005e14:	4a07      	ldr	r2, [pc, #28]	@ (10005e34 <usbd_edpt_xfer+0x84>)
10005e16:	f7fe ff7f 	bl	10004d18 <__wrap_printf>
10005e1a:	2000      	movs	r0, #0
10005e1c:	b002      	add	sp, #8
10005e1e:	bc80      	pop	{r7}
10005e20:	46b8      	mov	r8, r7
10005e22:	bdf0      	pop	{r4, r5, r6, r7, pc}
10005e24:	20000cc4 	.word	0x20000cc4
10005e28:	20001010 	.word	0x20001010
10005e2c:	100092d4 	.word	0x100092d4
10005e30:	10008c3c 	.word	0x10008c3c
10005e34:	00000539 	.word	0x00000539

10005e38 <usbd_edpt_stall>:
10005e38:	b570      	push	{r4, r5, r6, lr}
10005e3a:	4b0a      	ldr	r3, [pc, #40]	@ (10005e64 <usbd_edpt_stall+0x2c>)
10005e3c:	7818      	ldrb	r0, [r3, #0]
10005e3e:	247f      	movs	r4, #127	@ 0x7f
10005e40:	400c      	ands	r4, r1
10005e42:	09cd      	lsrs	r5, r1, #7
10005e44:	f7ff fc44 	bl	100056d0 <dcd_edpt_stall>
10005e48:	4a07      	ldr	r2, [pc, #28]	@ (10005e68 <usbd_edpt_stall+0x30>)
10005e4a:	0064      	lsls	r4, r4, #1
10005e4c:	1913      	adds	r3, r2, r4
10005e4e:	195b      	adds	r3, r3, r5
10005e50:	3330      	adds	r3, #48	@ 0x30
10005e52:	791a      	ldrb	r2, [r3, #4]
10005e54:	2102      	movs	r1, #2
10005e56:	430a      	orrs	r2, r1
10005e58:	711a      	strb	r2, [r3, #4]
10005e5a:	791a      	ldrb	r2, [r3, #4]
10005e5c:	2101      	movs	r1, #1
10005e5e:	430a      	orrs	r2, r1
10005e60:	711a      	strb	r2, [r3, #4]
10005e62:	bd70      	pop	{r4, r5, r6, pc}
10005e64:	20000cc4 	.word	0x20000cc4
10005e68:	20001010 	.word	0x20001010

10005e6c <usbd_edpt_clear_stall>:
10005e6c:	b570      	push	{r4, r5, r6, lr}
10005e6e:	4b0a      	ldr	r3, [pc, #40]	@ (10005e98 <usbd_edpt_clear_stall+0x2c>)
10005e70:	7818      	ldrb	r0, [r3, #0]
10005e72:	247f      	movs	r4, #127	@ 0x7f
10005e74:	400c      	ands	r4, r1
10005e76:	09cd      	lsrs	r5, r1, #7
10005e78:	f7ff fc48 	bl	1000570c <dcd_edpt_clear_stall>
10005e7c:	4a07      	ldr	r2, [pc, #28]	@ (10005e9c <usbd_edpt_clear_stall+0x30>)
10005e7e:	0064      	lsls	r4, r4, #1
10005e80:	1913      	adds	r3, r2, r4
10005e82:	195b      	adds	r3, r3, r5
10005e84:	3330      	adds	r3, #48	@ 0x30
10005e86:	791a      	ldrb	r2, [r3, #4]
10005e88:	2102      	movs	r1, #2
10005e8a:	438a      	bics	r2, r1
10005e8c:	711a      	strb	r2, [r3, #4]
10005e8e:	791a      	ldrb	r2, [r3, #4]
10005e90:	3901      	subs	r1, #1
10005e92:	438a      	bics	r2, r1
10005e94:	711a      	strb	r2, [r3, #4]
10005e96:	bd70      	pop	{r4, r5, r6, pc}
10005e98:	20000cc4 	.word	0x20000cc4
10005e9c:	20001010 	.word	0x20001010

10005ea0 <usbd_edpt_stalled>:
10005ea0:	227f      	movs	r2, #127	@ 0x7f
10005ea2:	400a      	ands	r2, r1
10005ea4:	09c9      	lsrs	r1, r1, #7
10005ea6:	4b04      	ldr	r3, [pc, #16]	@ (10005eb8 <usbd_edpt_stalled+0x18>)
10005ea8:	0052      	lsls	r2, r2, #1
10005eaa:	189b      	adds	r3, r3, r2
10005eac:	185b      	adds	r3, r3, r1
10005eae:	3330      	adds	r3, #48	@ 0x30
10005eb0:	7918      	ldrb	r0, [r3, #4]
10005eb2:	0780      	lsls	r0, r0, #30
10005eb4:	0fc0      	lsrs	r0, r0, #31
10005eb6:	4770      	bx	lr
10005eb8:	20001010 	.word	0x20001010

10005ebc <process_control_request>:
10005ebc:	b5f0      	push	{r4, r5, r6, r7, lr}
10005ebe:	46c6      	mov	lr, r8
10005ec0:	b500      	push	{lr}
10005ec2:	b082      	sub	sp, #8
10005ec4:	0005      	movs	r5, r0
10005ec6:	000c      	movs	r4, r1
10005ec8:	2000      	movs	r0, #0
10005eca:	f000 fb4d 	bl	10006568 <usbd_control_set_complete_callback>
10005ece:	7823      	ldrb	r3, [r4, #0]
10005ed0:	2260      	movs	r2, #96	@ 0x60
10005ed2:	401a      	ands	r2, r3
10005ed4:	2a60      	cmp	r2, #96	@ 0x60
10005ed6:	d01a      	beq.n	10005f0e <process_control_request+0x52>
10005ed8:	2a40      	cmp	r2, #64	@ 0x40
10005eda:	d020      	beq.n	10005f1e <process_control_request+0x62>
10005edc:	7823      	ldrb	r3, [r4, #0]
10005ede:	06db      	lsls	r3, r3, #27
10005ee0:	0edb      	lsrs	r3, r3, #27
10005ee2:	2b01      	cmp	r3, #1
10005ee4:	d100      	bne.n	10005ee8 <process_control_request+0x2c>
10005ee6:	e0d7      	b.n	10006098 <process_control_request+0x1dc>
10005ee8:	2b02      	cmp	r3, #2
10005eea:	d100      	bne.n	10005eee <process_control_request+0x32>
10005eec:	e117      	b.n	1000611e <process_control_request+0x262>
10005eee:	2b00      	cmp	r3, #0
10005ef0:	d000      	beq.n	10005ef4 <process_control_request+0x38>
10005ef2:	e17d      	b.n	100061f0 <process_control_request+0x334>
10005ef4:	2a20      	cmp	r2, #32
10005ef6:	d01c      	beq.n	10005f32 <process_control_request+0x76>
10005ef8:	2a00      	cmp	r2, #0
10005efa:	d000      	beq.n	10005efe <process_control_request+0x42>
10005efc:	e182      	b.n	10006204 <process_control_request+0x348>
10005efe:	7863      	ldrb	r3, [r4, #1]
10005f00:	2b09      	cmp	r3, #9
10005f02:	d900      	bls.n	10005f06 <process_control_request+0x4a>
10005f04:	e180      	b.n	10006208 <process_control_request+0x34c>
10005f06:	009b      	lsls	r3, r3, #2
10005f08:	4ac6      	ldr	r2, [pc, #792]	@ (10006224 <process_control_request+0x368>)
10005f0a:	58d3      	ldr	r3, [r2, r3]
10005f0c:	469f      	mov	pc, r3
10005f0e:	3255      	adds	r2, #85	@ 0x55
10005f10:	49c5      	ldr	r1, [pc, #788]	@ (10006228 <process_control_request+0x36c>)
10005f12:	48c6      	ldr	r0, [pc, #792]	@ (1000622c <process_control_request+0x370>)
10005f14:	0092      	lsls	r2, r2, #2
10005f16:	f7fe feff 	bl	10004d18 <__wrap_printf>
10005f1a:	2600      	movs	r6, #0
10005f1c:	e169      	b.n	100061f2 <process_control_request+0x336>
10005f1e:	48c4      	ldr	r0, [pc, #784]	@ (10006230 <process_control_request+0x374>)
10005f20:	f000 fb22 	bl	10006568 <usbd_control_set_complete_callback>
10005f24:	0022      	movs	r2, r4
10005f26:	2101      	movs	r1, #1
10005f28:	0028      	movs	r0, r5
10005f2a:	f7fe ff59 	bl	10004de0 <tud_vendor_control_xfer_cb>
10005f2e:	0006      	movs	r6, r0
10005f30:	e15f      	b.n	100061f2 <process_control_request+0x336>
10005f32:	7923      	ldrb	r3, [r4, #4]
10005f34:	2b0f      	cmp	r3, #15
10005f36:	d900      	bls.n	10005f3a <process_control_request+0x7e>
10005f38:	e160      	b.n	100061fc <process_control_request+0x340>
10005f3a:	4abe      	ldr	r2, [pc, #760]	@ (10006234 <process_control_request+0x378>)
10005f3c:	18d3      	adds	r3, r2, r3
10005f3e:	791b      	ldrb	r3, [r3, #4]
10005f40:	4abd      	ldr	r2, [pc, #756]	@ (10006238 <process_control_request+0x37c>)
10005f42:	7812      	ldrb	r2, [r2, #0]
10005f44:	4293      	cmp	r3, r2
10005f46:	d207      	bcs.n	10005f58 <process_control_request+0x9c>
10005f48:	4abc      	ldr	r2, [pc, #752]	@ (1000623c <process_control_request+0x380>)
10005f4a:	6811      	ldr	r1, [r2, #0]
10005f4c:	015b      	lsls	r3, r3, #5
10005f4e:	18c9      	adds	r1, r1, r3
10005f50:	2900      	cmp	r1, #0
10005f52:	d109      	bne.n	10005f68 <process_control_request+0xac>
10005f54:	2600      	movs	r6, #0
10005f56:	e14c      	b.n	100061f2 <process_control_request+0x336>
10005f58:	1c51      	adds	r1, r2, #1
10005f5a:	4299      	cmp	r1, r3
10005f5c:	da00      	bge.n	10005f60 <process_control_request+0xa4>
10005f5e:	e14f      	b.n	10006200 <process_control_request+0x344>
10005f60:	1a9b      	subs	r3, r3, r2
10005f62:	015b      	lsls	r3, r3, #5
10005f64:	49b6      	ldr	r1, [pc, #728]	@ (10006240 <process_control_request+0x384>)
10005f66:	1859      	adds	r1, r3, r1
10005f68:	0022      	movs	r2, r4
10005f6a:	0028      	movs	r0, r5
10005f6c:	f7ff fc8a 	bl	10005884 <invoke_class_control>
10005f70:	0006      	movs	r6, r0
10005f72:	e13e      	b.n	100061f2 <process_control_request+0x336>
10005f74:	0020      	movs	r0, r4
10005f76:	f000 fafd 	bl	10006574 <usbd_control_set_request>
10005f7a:	78a1      	ldrb	r1, [r4, #2]
10005f7c:	0028      	movs	r0, r5
10005f7e:	f7ff fafd 	bl	1000557c <dcd_set_address>
10005f82:	4aac      	ldr	r2, [pc, #688]	@ (10006234 <process_control_request+0x378>)
10005f84:	7813      	ldrb	r3, [r2, #0]
10005f86:	2102      	movs	r1, #2
10005f88:	430b      	orrs	r3, r1
10005f8a:	7013      	strb	r3, [r2, #0]
10005f8c:	2601      	movs	r6, #1
10005f8e:	e130      	b.n	100061f2 <process_control_request+0x336>
10005f90:	4ba8      	ldr	r3, [pc, #672]	@ (10006234 <process_control_request+0x378>)
10005f92:	785b      	ldrb	r3, [r3, #1]
10005f94:	466a      	mov	r2, sp
10005f96:	3206      	adds	r2, #6
10005f98:	7013      	strb	r3, [r2, #0]
10005f9a:	2301      	movs	r3, #1
10005f9c:	0021      	movs	r1, r4
10005f9e:	0028      	movs	r0, r5
10005fa0:	f000 fa8c 	bl	100064bc <tud_control_xfer>
10005fa4:	2601      	movs	r6, #1
10005fa6:	e124      	b.n	100061f2 <process_control_request+0x336>
10005fa8:	78a6      	ldrb	r6, [r4, #2]
10005faa:	4ba2      	ldr	r3, [pc, #648]	@ (10006234 <process_control_request+0x378>)
10005fac:	785b      	ldrb	r3, [r3, #1]
10005fae:	b2db      	uxtb	r3, r3
10005fb0:	42b3      	cmp	r3, r6
10005fb2:	d02c      	beq.n	1000600e <process_control_request+0x152>
10005fb4:	4b9f      	ldr	r3, [pc, #636]	@ (10006234 <process_control_request+0x378>)
10005fb6:	785b      	ldrb	r3, [r3, #1]
10005fb8:	2b00      	cmp	r3, #0
10005fba:	d10c      	bne.n	10005fd6 <process_control_request+0x11a>
10005fbc:	4b9d      	ldr	r3, [pc, #628]	@ (10006234 <process_control_request+0x378>)
10005fbe:	705e      	strb	r6, [r3, #1]
10005fc0:	2e00      	cmp	r6, #0
10005fc2:	d022      	beq.n	1000600a <process_control_request+0x14e>
10005fc4:	0031      	movs	r1, r6
10005fc6:	0028      	movs	r0, r5
10005fc8:	f7ff fc6a 	bl	100058a0 <process_set_config>
10005fcc:	1e06      	subs	r6, r0, #0
10005fce:	d012      	beq.n	10005ff6 <process_control_request+0x13a>
10005fd0:	f7ff fdb4 	bl	10005b3c <tud_mount_cb>
10005fd4:	e01b      	b.n	1000600e <process_control_request+0x152>
10005fd6:	2100      	movs	r1, #0
10005fd8:	0028      	movs	r0, r5
10005fda:	f7ff fb2d 	bl	10005638 <dcd_sof_enable>
10005fde:	0028      	movs	r0, r5
10005fe0:	f7ff fb59 	bl	10005696 <dcd_edpt_close_all>
10005fe4:	4f93      	ldr	r7, [pc, #588]	@ (10006234 <process_control_request+0x378>)
10005fe6:	78bb      	ldrb	r3, [r7, #2]
10005fe8:	4698      	mov	r8, r3
10005fea:	0028      	movs	r0, r5
10005fec:	f7ff fc02 	bl	100057f4 <configuration_reset>
10005ff0:	4643      	mov	r3, r8
10005ff2:	70bb      	strb	r3, [r7, #2]
10005ff4:	e7e2      	b.n	10005fbc <process_control_request+0x100>
10005ff6:	22c9      	movs	r2, #201	@ 0xc9
10005ff8:	498b      	ldr	r1, [pc, #556]	@ (10006228 <process_control_request+0x36c>)
10005ffa:	488c      	ldr	r0, [pc, #560]	@ (1000622c <process_control_request+0x370>)
10005ffc:	0092      	lsls	r2, r2, #2
10005ffe:	f7fe fe8b 	bl	10004d18 <__wrap_printf>
10006002:	4b8c      	ldr	r3, [pc, #560]	@ (10006234 <process_control_request+0x378>)
10006004:	2200      	movs	r2, #0
10006006:	705a      	strb	r2, [r3, #1]
10006008:	e0f3      	b.n	100061f2 <process_control_request+0x336>
1000600a:	f7ff fd98 	bl	10005b3e <tud_umount_cb>
1000600e:	0021      	movs	r1, r4
10006010:	0028      	movs	r0, r5
10006012:	f000 fa3f 	bl	10006494 <tud_control_status>
10006016:	2601      	movs	r6, #1
10006018:	e0eb      	b.n	100061f2 <process_control_request+0x336>
1000601a:	0021      	movs	r1, r4
1000601c:	0028      	movs	r0, r5
1000601e:	f7ff fd1d 	bl	10005a5c <process_get_descriptor>
10006022:	0006      	movs	r6, r0
10006024:	e0e5      	b.n	100061f2 <process_control_request+0x336>
10006026:	78a2      	ldrb	r2, [r4, #2]
10006028:	78e3      	ldrb	r3, [r4, #3]
1000602a:	021b      	lsls	r3, r3, #8
1000602c:	4313      	orrs	r3, r2
1000602e:	2b01      	cmp	r3, #1
10006030:	d001      	beq.n	10006036 <process_control_request+0x17a>
10006032:	2600      	movs	r6, #0
10006034:	e0dd      	b.n	100061f2 <process_control_request+0x336>
10006036:	4a7f      	ldr	r2, [pc, #508]	@ (10006234 <process_control_request+0x378>)
10006038:	7813      	ldrb	r3, [r2, #0]
1000603a:	2108      	movs	r1, #8
1000603c:	430b      	orrs	r3, r1
1000603e:	7013      	strb	r3, [r2, #0]
10006040:	0021      	movs	r1, r4
10006042:	0028      	movs	r0, r5
10006044:	f000 fa26 	bl	10006494 <tud_control_status>
10006048:	2601      	movs	r6, #1
1000604a:	e0d2      	b.n	100061f2 <process_control_request+0x336>
1000604c:	78a2      	ldrb	r2, [r4, #2]
1000604e:	78e3      	ldrb	r3, [r4, #3]
10006050:	021b      	lsls	r3, r3, #8
10006052:	4313      	orrs	r3, r2
10006054:	2b01      	cmp	r3, #1
10006056:	d001      	beq.n	1000605c <process_control_request+0x1a0>
10006058:	2600      	movs	r6, #0
1000605a:	e0ca      	b.n	100061f2 <process_control_request+0x336>
1000605c:	4a75      	ldr	r2, [pc, #468]	@ (10006234 <process_control_request+0x378>)
1000605e:	7813      	ldrb	r3, [r2, #0]
10006060:	2108      	movs	r1, #8
10006062:	438b      	bics	r3, r1
10006064:	7013      	strb	r3, [r2, #0]
10006066:	0021      	movs	r1, r4
10006068:	0028      	movs	r0, r5
1000606a:	f000 fa13 	bl	10006494 <tud_control_status>
1000606e:	2601      	movs	r6, #1
10006070:	e0bf      	b.n	100061f2 <process_control_request+0x336>
10006072:	4b70      	ldr	r3, [pc, #448]	@ (10006234 <process_control_request+0x378>)
10006074:	781a      	ldrb	r2, [r3, #0]
10006076:	0951      	lsrs	r1, r2, #5
10006078:	0892      	lsrs	r2, r2, #2
1000607a:	2301      	movs	r3, #1
1000607c:	400b      	ands	r3, r1
1000607e:	2102      	movs	r1, #2
10006080:	400a      	ands	r2, r1
10006082:	4313      	orrs	r3, r2
10006084:	466a      	mov	r2, sp
10006086:	3206      	adds	r2, #6
10006088:	8013      	strh	r3, [r2, #0]
1000608a:	2302      	movs	r3, #2
1000608c:	0021      	movs	r1, r4
1000608e:	0028      	movs	r0, r5
10006090:	f000 fa14 	bl	100064bc <tud_control_xfer>
10006094:	2601      	movs	r6, #1
10006096:	e0ac      	b.n	100061f2 <process_control_request+0x336>
10006098:	7923      	ldrb	r3, [r4, #4]
1000609a:	2b0f      	cmp	r3, #15
1000609c:	d900      	bls.n	100060a0 <process_control_request+0x1e4>
1000609e:	e0b5      	b.n	1000620c <process_control_request+0x350>
100060a0:	4a64      	ldr	r2, [pc, #400]	@ (10006234 <process_control_request+0x378>)
100060a2:	18d3      	adds	r3, r2, r3
100060a4:	791b      	ldrb	r3, [r3, #4]
100060a6:	4a64      	ldr	r2, [pc, #400]	@ (10006238 <process_control_request+0x37c>)
100060a8:	7812      	ldrb	r2, [r2, #0]
100060aa:	4293      	cmp	r3, r2
100060ac:	d223      	bcs.n	100060f6 <process_control_request+0x23a>
100060ae:	4a63      	ldr	r2, [pc, #396]	@ (1000623c <process_control_request+0x380>)
100060b0:	6811      	ldr	r1, [r2, #0]
100060b2:	015b      	lsls	r3, r3, #5
100060b4:	18c9      	adds	r1, r1, r3
100060b6:	2900      	cmp	r1, #0
100060b8:	d100      	bne.n	100060bc <process_control_request+0x200>
100060ba:	e0a9      	b.n	10006210 <process_control_request+0x354>
100060bc:	0022      	movs	r2, r4
100060be:	0028      	movs	r0, r5
100060c0:	f7ff fbe0 	bl	10005884 <invoke_class_control>
100060c4:	1e06      	subs	r6, r0, #0
100060c6:	d000      	beq.n	100060ca <process_control_request+0x20e>
100060c8:	e093      	b.n	100061f2 <process_control_request+0x336>
100060ca:	7823      	ldrb	r3, [r4, #0]
100060cc:	2260      	movs	r2, #96	@ 0x60
100060ce:	421a      	tst	r2, r3
100060d0:	d000      	beq.n	100060d4 <process_control_request+0x218>
100060d2:	e08e      	b.n	100061f2 <process_control_request+0x336>
100060d4:	7863      	ldrb	r3, [r4, #1]
100060d6:	3b0a      	subs	r3, #10
100060d8:	2b01      	cmp	r3, #1
100060da:	d900      	bls.n	100060de <process_control_request+0x222>
100060dc:	e089      	b.n	100061f2 <process_control_request+0x336>
100060de:	2000      	movs	r0, #0
100060e0:	f000 fa42 	bl	10006568 <usbd_control_set_complete_callback>
100060e4:	7863      	ldrb	r3, [r4, #1]
100060e6:	2b0a      	cmp	r3, #10
100060e8:	d00e      	beq.n	10006108 <process_control_request+0x24c>
100060ea:	0021      	movs	r1, r4
100060ec:	0028      	movs	r0, r5
100060ee:	f000 f9d1 	bl	10006494 <tud_control_status>
100060f2:	2601      	movs	r6, #1
100060f4:	e07d      	b.n	100061f2 <process_control_request+0x336>
100060f6:	1c51      	adds	r1, r2, #1
100060f8:	4299      	cmp	r1, r3
100060fa:	da00      	bge.n	100060fe <process_control_request+0x242>
100060fc:	e08a      	b.n	10006214 <process_control_request+0x358>
100060fe:	1a9b      	subs	r3, r3, r2
10006100:	015b      	lsls	r3, r3, #5
10006102:	494f      	ldr	r1, [pc, #316]	@ (10006240 <process_control_request+0x384>)
10006104:	1859      	adds	r1, r3, r1
10006106:	e7d9      	b.n	100060bc <process_control_request+0x200>
10006108:	466b      	mov	r3, sp
1000610a:	1d9a      	adds	r2, r3, #6
1000610c:	2300      	movs	r3, #0
1000610e:	7013      	strb	r3, [r2, #0]
10006110:	3301      	adds	r3, #1
10006112:	0021      	movs	r1, r4
10006114:	0028      	movs	r0, r5
10006116:	f000 f9d1 	bl	100064bc <tud_control_xfer>
1000611a:	3601      	adds	r6, #1
1000611c:	e069      	b.n	100061f2 <process_control_request+0x336>
1000611e:	7921      	ldrb	r1, [r4, #4]
10006120:	207f      	movs	r0, #127	@ 0x7f
10006122:	4008      	ands	r0, r1
10006124:	09ce      	lsrs	r6, r1, #7
10006126:	2370      	movs	r3, #112	@ 0x70
10006128:	420b      	tst	r3, r1
1000612a:	d117      	bne.n	1000615c <process_control_request+0x2a0>
1000612c:	4b41      	ldr	r3, [pc, #260]	@ (10006234 <process_control_request+0x378>)
1000612e:	0040      	lsls	r0, r0, #1
10006130:	181b      	adds	r3, r3, r0
10006132:	199b      	adds	r3, r3, r6
10006134:	7d1b      	ldrb	r3, [r3, #20]
10006136:	4840      	ldr	r0, [pc, #256]	@ (10006238 <process_control_request+0x37c>)
10006138:	7800      	ldrb	r0, [r0, #0]
1000613a:	4283      	cmp	r3, r0
1000613c:	d215      	bcs.n	1000616a <process_control_request+0x2ae>
1000613e:	483f      	ldr	r0, [pc, #252]	@ (1000623c <process_control_request+0x380>)
10006140:	6806      	ldr	r6, [r0, #0]
10006142:	015b      	lsls	r3, r3, #5
10006144:	18f6      	adds	r6, r6, r3
10006146:	2a00      	cmp	r2, #0
10006148:	d019      	beq.n	1000617e <process_control_request+0x2c2>
1000614a:	2e00      	cmp	r6, #0
1000614c:	d064      	beq.n	10006218 <process_control_request+0x35c>
1000614e:	0022      	movs	r2, r4
10006150:	0031      	movs	r1, r6
10006152:	0028      	movs	r0, r5
10006154:	f7ff fb96 	bl	10005884 <invoke_class_control>
10006158:	0006      	movs	r6, r0
1000615a:	e04a      	b.n	100061f2 <process_control_request+0x336>
1000615c:	4932      	ldr	r1, [pc, #200]	@ (10006228 <process_control_request+0x36c>)
1000615e:	4833      	ldr	r0, [pc, #204]	@ (1000622c <process_control_request+0x370>)
10006160:	4a38      	ldr	r2, [pc, #224]	@ (10006244 <process_control_request+0x388>)
10006162:	f7fe fdd9 	bl	10004d18 <__wrap_printf>
10006166:	2600      	movs	r6, #0
10006168:	e043      	b.n	100061f2 <process_control_request+0x336>
1000616a:	1c46      	adds	r6, r0, #1
1000616c:	429e      	cmp	r6, r3
1000616e:	db04      	blt.n	1000617a <process_control_request+0x2be>
10006170:	1a1b      	subs	r3, r3, r0
10006172:	015b      	lsls	r3, r3, #5
10006174:	4e32      	ldr	r6, [pc, #200]	@ (10006240 <process_control_request+0x384>)
10006176:	199e      	adds	r6, r3, r6
10006178:	e7e5      	b.n	10006146 <process_control_request+0x28a>
1000617a:	2600      	movs	r6, #0
1000617c:	e7e3      	b.n	10006146 <process_control_request+0x28a>
1000617e:	7863      	ldrb	r3, [r4, #1]
10006180:	2b01      	cmp	r3, #1
10006182:	d010      	beq.n	100061a6 <process_control_request+0x2ea>
10006184:	2b03      	cmp	r3, #3
10006186:	d00e      	beq.n	100061a6 <process_control_request+0x2ea>
10006188:	2b00      	cmp	r3, #0
1000618a:	d147      	bne.n	1000621c <process_control_request+0x360>
1000618c:	0028      	movs	r0, r5
1000618e:	f7ff fe87 	bl	10005ea0 <usbd_edpt_stalled>
10006192:	466b      	mov	r3, sp
10006194:	1d9a      	adds	r2, r3, #6
10006196:	8010      	strh	r0, [r2, #0]
10006198:	2302      	movs	r3, #2
1000619a:	0021      	movs	r1, r4
1000619c:	0028      	movs	r0, r5
1000619e:	f000 f98d 	bl	100064bc <tud_control_xfer>
100061a2:	2601      	movs	r6, #1
100061a4:	e025      	b.n	100061f2 <process_control_request+0x336>
100061a6:	78a0      	ldrb	r0, [r4, #2]
100061a8:	78e2      	ldrb	r2, [r4, #3]
100061aa:	0212      	lsls	r2, r2, #8
100061ac:	4302      	orrs	r2, r0
100061ae:	d104      	bne.n	100061ba <process_control_request+0x2fe>
100061b0:	2b01      	cmp	r3, #1
100061b2:	d019      	beq.n	100061e8 <process_control_request+0x32c>
100061b4:	0028      	movs	r0, r5
100061b6:	f7ff fe3f 	bl	10005e38 <usbd_edpt_stall>
100061ba:	2e00      	cmp	r6, #0
100061bc:	d030      	beq.n	10006220 <process_control_request+0x364>
100061be:	0022      	movs	r2, r4
100061c0:	0031      	movs	r1, r6
100061c2:	0028      	movs	r0, r5
100061c4:	f7ff fb5e 	bl	10005884 <invoke_class_control>
100061c8:	2000      	movs	r0, #0
100061ca:	f000 f9cd 	bl	10006568 <usbd_control_set_complete_callback>
100061ce:	4b19      	ldr	r3, [pc, #100]	@ (10006234 <process_control_request+0x378>)
100061d0:	2235      	movs	r2, #53	@ 0x35
100061d2:	5c9b      	ldrb	r3, [r3, r2]
100061d4:	07db      	lsls	r3, r3, #31
100061d6:	0fde      	lsrs	r6, r3, #31
100061d8:	2b00      	cmp	r3, #0
100061da:	d10a      	bne.n	100061f2 <process_control_request+0x336>
100061dc:	0021      	movs	r1, r4
100061de:	0028      	movs	r0, r5
100061e0:	f000 f958 	bl	10006494 <tud_control_status>
100061e4:	2601      	movs	r6, #1
100061e6:	e004      	b.n	100061f2 <process_control_request+0x336>
100061e8:	0028      	movs	r0, r5
100061ea:	f7ff fe3f 	bl	10005e6c <usbd_edpt_clear_stall>
100061ee:	e7e4      	b.n	100061ba <process_control_request+0x2fe>
100061f0:	2600      	movs	r6, #0
100061f2:	0030      	movs	r0, r6
100061f4:	b002      	add	sp, #8
100061f6:	bc80      	pop	{r7}
100061f8:	46b8      	mov	r8, r7
100061fa:	bdf0      	pop	{r4, r5, r6, r7, pc}
100061fc:	2600      	movs	r6, #0
100061fe:	e7f8      	b.n	100061f2 <process_control_request+0x336>
10006200:	2600      	movs	r6, #0
10006202:	e7f6      	b.n	100061f2 <process_control_request+0x336>
10006204:	2600      	movs	r6, #0
10006206:	e7f4      	b.n	100061f2 <process_control_request+0x336>
10006208:	2600      	movs	r6, #0
1000620a:	e7f2      	b.n	100061f2 <process_control_request+0x336>
1000620c:	2600      	movs	r6, #0
1000620e:	e7f0      	b.n	100061f2 <process_control_request+0x336>
10006210:	2600      	movs	r6, #0
10006212:	e7ee      	b.n	100061f2 <process_control_request+0x336>
10006214:	2600      	movs	r6, #0
10006216:	e7ec      	b.n	100061f2 <process_control_request+0x336>
10006218:	2600      	movs	r6, #0
1000621a:	e7ea      	b.n	100061f2 <process_control_request+0x336>
1000621c:	2600      	movs	r6, #0
1000621e:	e7e8      	b.n	100061f2 <process_control_request+0x336>
10006220:	2601      	movs	r6, #1
10006222:	e7e6      	b.n	100061f2 <process_control_request+0x336>
10006224:	10009288 	.word	0x10009288
10006228:	10009340 	.word	0x10009340
1000622c:	10008c3c 	.word	0x10008c3c
10006230:	10004de1 	.word	0x10004de1
10006234:	20001010 	.word	0x20001010
10006238:	20001bfd 	.word	0x20001bfd
1000623c:	20000e60 	.word	0x20000e60
10006240:	1000938c 	.word	0x1000938c
10006244:	00000395 	.word	0x00000395

10006248 <tud_task_ext>:
10006248:	b530      	push	{r4, r5, lr}
1000624a:	b085      	sub	sp, #20
1000624c:	f7ff fc8a 	bl	10005b64 <tud_inited>
10006250:	2800      	cmp	r0, #0
10006252:	d108      	bne.n	10006266 <tud_task_ext+0x1e>
10006254:	b005      	add	sp, #20
10006256:	bd30      	pop	{r4, r5, pc}
10006258:	ac01      	add	r4, sp, #4
1000625a:	7820      	ldrb	r0, [r4, #0]
1000625c:	f7ff fb0c 	bl	10005878 <usbd_reset>
10006260:	7922      	ldrb	r2, [r4, #4]
10006262:	4b63      	ldr	r3, [pc, #396]	@ (100063f0 <tud_task_ext+0x1a8>)
10006264:	709a      	strb	r2, [r3, #2]
10006266:	4b63      	ldr	r3, [pc, #396]	@ (100063f4 <tud_task_ext+0x1ac>)
10006268:	681c      	ldr	r4, [r3, #0]
1000626a:	6962      	ldr	r2, [r4, #20]
1000626c:	f3ef 8110 	mrs	r1, PRIMASK
10006270:	b672      	cpsid	i
10006272:	6813      	ldr	r3, [r2, #0]
10006274:	2b00      	cmp	r3, #0
10006276:	d0fc      	beq.n	10006272 <tud_task_ext+0x2a>
10006278:	f3bf 8f5f 	dmb	sy
1000627c:	61a1      	str	r1, [r4, #24]
1000627e:	a901      	add	r1, sp, #4
10006280:	0020      	movs	r0, r4
10006282:	f001 fb65 	bl	10007950 <tu_fifo_read>
10006286:	6962      	ldr	r2, [r4, #20]
10006288:	69a3      	ldr	r3, [r4, #24]
1000628a:	f3bf 8f5f 	dmb	sy
1000628e:	2100      	movs	r1, #0
10006290:	6011      	str	r1, [r2, #0]
10006292:	f383 8810 	msr	PRIMASK, r3
10006296:	2800      	cmp	r0, #0
10006298:	d0dc      	beq.n	10006254 <tud_task_ext+0xc>
1000629a:	ab01      	add	r3, sp, #4
1000629c:	785b      	ldrb	r3, [r3, #1]
1000629e:	2b08      	cmp	r3, #8
100062a0:	d8e1      	bhi.n	10006266 <tud_task_ext+0x1e>
100062a2:	009b      	lsls	r3, r3, #2
100062a4:	4a54      	ldr	r2, [pc, #336]	@ (100063f8 <tud_task_ext+0x1b0>)
100062a6:	58d3      	ldr	r3, [r2, r3]
100062a8:	469f      	mov	pc, r3
100062aa:	ab01      	add	r3, sp, #4
100062ac:	7818      	ldrb	r0, [r3, #0]
100062ae:	f7ff fae3 	bl	10005878 <usbd_reset>
100062b2:	f7ff fc44 	bl	10005b3e <tud_umount_cb>
100062b6:	e7d6      	b.n	10006266 <tud_task_ext+0x1e>
100062b8:	4b50      	ldr	r3, [pc, #320]	@ (100063fc <tud_task_ext+0x1b4>)
100062ba:	781b      	ldrb	r3, [r3, #0]
100062bc:	2b00      	cmp	r3, #0
100062be:	d02d      	beq.n	1000631c <tud_task_ext+0xd4>
100062c0:	4a4e      	ldr	r2, [pc, #312]	@ (100063fc <tud_task_ext+0x1b4>)
100062c2:	7813      	ldrb	r3, [r2, #0]
100062c4:	3b01      	subs	r3, #1
100062c6:	b2db      	uxtb	r3, r3
100062c8:	7013      	strb	r3, [r2, #0]
100062ca:	7813      	ldrb	r3, [r2, #0]
100062cc:	2b00      	cmp	r3, #0
100062ce:	d1ca      	bne.n	10006266 <tud_task_ext+0x1e>
100062d0:	4b47      	ldr	r3, [pc, #284]	@ (100063f0 <tud_task_ext+0x1a8>)
100062d2:	781a      	ldrb	r2, [r3, #0]
100062d4:	2401      	movs	r4, #1
100062d6:	2101      	movs	r1, #1
100062d8:	430a      	orrs	r2, r1
100062da:	701a      	strb	r2, [r3, #0]
100062dc:	2234      	movs	r2, #52	@ 0x34
100062de:	5c99      	ldrb	r1, [r3, r2]
100062e0:	43a1      	bics	r1, r4
100062e2:	5499      	strb	r1, [r3, r2]
100062e4:	5c99      	ldrb	r1, [r3, r2]
100062e6:	2004      	movs	r0, #4
100062e8:	4381      	bics	r1, r0
100062ea:	5499      	strb	r1, [r3, r2]
100062ec:	3201      	adds	r2, #1
100062ee:	5c99      	ldrb	r1, [r3, r2]
100062f0:	43a1      	bics	r1, r4
100062f2:	5499      	strb	r1, [r3, r2]
100062f4:	5c99      	ldrb	r1, [r3, r2]
100062f6:	4381      	bics	r1, r0
100062f8:	5499      	strb	r1, [r3, r2]
100062fa:	ab01      	add	r3, sp, #4
100062fc:	7818      	ldrb	r0, [r3, #0]
100062fe:	a902      	add	r1, sp, #8
10006300:	f7ff fddc 	bl	10005ebc <process_control_request>
10006304:	2800      	cmp	r0, #0
10006306:	d1ae      	bne.n	10006266 <tud_task_ext+0x1e>
10006308:	ac01      	add	r4, sp, #4
1000630a:	7820      	ldrb	r0, [r4, #0]
1000630c:	2100      	movs	r1, #0
1000630e:	f7ff f9df 	bl	100056d0 <dcd_edpt_stall>
10006312:	7820      	ldrb	r0, [r4, #0]
10006314:	2180      	movs	r1, #128	@ 0x80
10006316:	f7ff f9db 	bl	100056d0 <dcd_edpt_stall>
1000631a:	e7a4      	b.n	10006266 <tud_task_ext+0x1e>
1000631c:	4938      	ldr	r1, [pc, #224]	@ (10006400 <tud_task_ext+0x1b8>)
1000631e:	4839      	ldr	r0, [pc, #228]	@ (10006404 <tud_task_ext+0x1bc>)
10006320:	4a39      	ldr	r2, [pc, #228]	@ (10006408 <tud_task_ext+0x1c0>)
10006322:	f7fe fcf9 	bl	10004d18 <__wrap_printf>
10006326:	e795      	b.n	10006254 <tud_task_ext+0xc>
10006328:	ab01      	add	r3, sp, #4
1000632a:	7919      	ldrb	r1, [r3, #4]
1000632c:	227f      	movs	r2, #127	@ 0x7f
1000632e:	400a      	ands	r2, r1
10006330:	09cc      	lsrs	r4, r1, #7
10006332:	4b2f      	ldr	r3, [pc, #188]	@ (100063f0 <tud_task_ext+0x1a8>)
10006334:	0050      	lsls	r0, r2, #1
10006336:	181b      	adds	r3, r3, r0
10006338:	191b      	adds	r3, r3, r4
1000633a:	3330      	adds	r3, #48	@ 0x30
1000633c:	7918      	ldrb	r0, [r3, #4]
1000633e:	2501      	movs	r5, #1
10006340:	43a8      	bics	r0, r5
10006342:	7118      	strb	r0, [r3, #4]
10006344:	7918      	ldrb	r0, [r3, #4]
10006346:	3503      	adds	r5, #3
10006348:	43a8      	bics	r0, r5
1000634a:	7118      	strb	r0, [r3, #4]
1000634c:	2a00      	cmp	r2, #0
1000634e:	d015      	beq.n	1000637c <tud_task_ext+0x134>
10006350:	4b27      	ldr	r3, [pc, #156]	@ (100063f0 <tud_task_ext+0x1a8>)
10006352:	0052      	lsls	r2, r2, #1
10006354:	189b      	adds	r3, r3, r2
10006356:	191b      	adds	r3, r3, r4
10006358:	7d1b      	ldrb	r3, [r3, #20]
1000635a:	4a2c      	ldr	r2, [pc, #176]	@ (1000640c <tud_task_ext+0x1c4>)
1000635c:	7812      	ldrb	r2, [r2, #0]
1000635e:	4293      	cmp	r3, r2
10006360:	d213      	bcs.n	1000638a <tud_task_ext+0x142>
10006362:	4a2b      	ldr	r2, [pc, #172]	@ (10006410 <tud_task_ext+0x1c8>)
10006364:	6812      	ldr	r2, [r2, #0]
10006366:	015b      	lsls	r3, r3, #5
10006368:	18d3      	adds	r3, r2, r3
1000636a:	2b00      	cmp	r3, #0
1000636c:	d015      	beq.n	1000639a <tud_task_ext+0x152>
1000636e:	699c      	ldr	r4, [r3, #24]
10006370:	a801      	add	r0, sp, #4
10006372:	7942      	ldrb	r2, [r0, #5]
10006374:	9b03      	ldr	r3, [sp, #12]
10006376:	7800      	ldrb	r0, [r0, #0]
10006378:	47a0      	blx	r4
1000637a:	e774      	b.n	10006266 <tud_task_ext+0x1e>
1000637c:	a801      	add	r0, sp, #4
1000637e:	7942      	ldrb	r2, [r0, #5]
10006380:	9b03      	ldr	r3, [sp, #12]
10006382:	7800      	ldrb	r0, [r0, #0]
10006384:	f000 f904 	bl	10006590 <usbd_control_xfer_cb>
10006388:	e76d      	b.n	10006266 <tud_task_ext+0x1e>
1000638a:	1c50      	adds	r0, r2, #1
1000638c:	4298      	cmp	r0, r3
1000638e:	db04      	blt.n	1000639a <tud_task_ext+0x152>
10006390:	1a9b      	subs	r3, r3, r2
10006392:	015b      	lsls	r3, r3, #5
10006394:	4a1f      	ldr	r2, [pc, #124]	@ (10006414 <tud_task_ext+0x1cc>)
10006396:	189b      	adds	r3, r3, r2
10006398:	e7e9      	b.n	1000636e <tud_task_ext+0x126>
1000639a:	22a4      	movs	r2, #164	@ 0xa4
1000639c:	4918      	ldr	r1, [pc, #96]	@ (10006400 <tud_task_ext+0x1b8>)
1000639e:	4819      	ldr	r0, [pc, #100]	@ (10006404 <tud_task_ext+0x1bc>)
100063a0:	0092      	lsls	r2, r2, #2
100063a2:	f7fe fcb9 	bl	10004d18 <__wrap_printf>
100063a6:	e755      	b.n	10006254 <tud_task_ext+0xc>
100063a8:	4b11      	ldr	r3, [pc, #68]	@ (100063f0 <tud_task_ext+0x1a8>)
100063aa:	781b      	ldrb	r3, [r3, #0]
100063ac:	07db      	lsls	r3, r3, #31
100063ae:	d400      	bmi.n	100063b2 <tud_task_ext+0x16a>
100063b0:	e759      	b.n	10006266 <tud_task_ext+0x1e>
100063b2:	4b0f      	ldr	r3, [pc, #60]	@ (100063f0 <tud_task_ext+0x1a8>)
100063b4:	7818      	ldrb	r0, [r3, #0]
100063b6:	0700      	lsls	r0, r0, #28
100063b8:	0fc0      	lsrs	r0, r0, #31
100063ba:	f7ff fbc1 	bl	10005b40 <tud_suspend_cb>
100063be:	e752      	b.n	10006266 <tud_task_ext+0x1e>
100063c0:	4b0b      	ldr	r3, [pc, #44]	@ (100063f0 <tud_task_ext+0x1a8>)
100063c2:	781b      	ldrb	r3, [r3, #0]
100063c4:	07db      	lsls	r3, r3, #31
100063c6:	d400      	bmi.n	100063ca <tud_task_ext+0x182>
100063c8:	e74d      	b.n	10006266 <tud_task_ext+0x1e>
100063ca:	f7ff fbba 	bl	10005b42 <tud_resume_cb>
100063ce:	e74a      	b.n	10006266 <tud_task_ext+0x1e>
100063d0:	9b02      	ldr	r3, [sp, #8]
100063d2:	2b00      	cmp	r3, #0
100063d4:	d100      	bne.n	100063d8 <tud_task_ext+0x190>
100063d6:	e746      	b.n	10006266 <tud_task_ext+0x1e>
100063d8:	9803      	ldr	r0, [sp, #12]
100063da:	4798      	blx	r3
100063dc:	e743      	b.n	10006266 <tud_task_ext+0x1e>
100063de:	4b04      	ldr	r3, [pc, #16]	@ (100063f0 <tud_task_ext+0x1a8>)
100063e0:	78db      	ldrb	r3, [r3, #3]
100063e2:	07db      	lsls	r3, r3, #31
100063e4:	d400      	bmi.n	100063e8 <tud_task_ext+0x1a0>
100063e6:	e73e      	b.n	10006266 <tud_task_ext+0x1e>
100063e8:	9802      	ldr	r0, [sp, #8]
100063ea:	f7ff fb32 	bl	10005a52 <tud_sof_cb>
100063ee:	e73a      	b.n	10006266 <tud_task_ext+0x1e>
100063f0:	20001010 	.word	0x20001010
100063f4:	20001068 	.word	0x20001068
100063f8:	100092b0 	.word	0x100092b0
100063fc:	20001bff 	.word	0x20001bff
10006400:	1000936c 	.word	0x1000936c
10006404:	10008c3c 	.word	0x10008c3c
10006408:	00000265 	.word	0x00000265
1000640c:	20001bfd 	.word	0x20001bfd
10006410:	20000e60 	.word	0x20000e60
10006414:	1000938c 	.word	0x1000938c

10006418 <status_stage_xact>:
10006418:	b510      	push	{r4, lr}
1000641a:	2300      	movs	r3, #0
1000641c:	56cb      	ldrsb	r3, [r1, r3]
1000641e:	2b00      	cmp	r3, #0
10006420:	db05      	blt.n	1000642e <status_stage_xact+0x16>
10006422:	2180      	movs	r1, #128	@ 0x80
10006424:	2300      	movs	r3, #0
10006426:	2200      	movs	r2, #0
10006428:	f7ff fcc2 	bl	10005db0 <usbd_edpt_xfer>
1000642c:	bd10      	pop	{r4, pc}
1000642e:	2100      	movs	r1, #0
10006430:	e7f8      	b.n	10006424 <status_stage_xact+0xc>
	...

10006434 <data_stage_xact>:
10006434:	b5f8      	push	{r3, r4, r5, r6, r7, lr}
10006436:	0005      	movs	r5, r0
10006438:	4b14      	ldr	r3, [pc, #80]	@ (1000648c <data_stage_xact+0x58>)
1000643a:	899f      	ldrh	r7, [r3, #12]
1000643c:	89de      	ldrh	r6, [r3, #14]
1000643e:	1bbb      	subs	r3, r7, r6
10006440:	b29b      	uxth	r3, r3
10006442:	1c1c      	adds	r4, r3, #0
10006444:	2b40      	cmp	r3, #64	@ 0x40
10006446:	d900      	bls.n	1000644a <data_stage_xact+0x16>
10006448:	2440      	movs	r4, #64	@ 0x40
1000644a:	b2a4      	uxth	r4, r4
1000644c:	4b0f      	ldr	r3, [pc, #60]	@ (1000648c <data_stage_xact+0x58>)
1000644e:	781b      	ldrb	r3, [r3, #0]
10006450:	b25b      	sxtb	r3, r3
10006452:	2b00      	cmp	r3, #0
10006454:	db08      	blt.n	10006468 <data_stage_xact+0x34>
10006456:	2100      	movs	r1, #0
10006458:	42b7      	cmp	r7, r6
1000645a:	d013      	beq.n	10006484 <data_stage_xact+0x50>
1000645c:	4a0c      	ldr	r2, [pc, #48]	@ (10006490 <data_stage_xact+0x5c>)
1000645e:	0023      	movs	r3, r4
10006460:	0028      	movs	r0, r5
10006462:	f7ff fca5 	bl	10005db0 <usbd_edpt_xfer>
10006466:	bdf8      	pop	{r3, r4, r5, r6, r7, pc}
10006468:	42b7      	cmp	r7, r6
1000646a:	d009      	beq.n	10006480 <data_stage_xact+0x4c>
1000646c:	4b07      	ldr	r3, [pc, #28]	@ (1000648c <data_stage_xact+0x58>)
1000646e:	6899      	ldr	r1, [r3, #8]
10006470:	2c40      	cmp	r4, #64	@ 0x40
10006472:	d809      	bhi.n	10006488 <data_stage_xact+0x54>
10006474:	4806      	ldr	r0, [pc, #24]	@ (10006490 <data_stage_xact+0x5c>)
10006476:	0022      	movs	r2, r4
10006478:	f7fd f9f8 	bl	1000386c <__wrap___aeabi_memcpy>
1000647c:	2180      	movs	r1, #128	@ 0x80
1000647e:	e7eb      	b.n	10006458 <data_stage_xact+0x24>
10006480:	2180      	movs	r1, #128	@ 0x80
10006482:	e7e9      	b.n	10006458 <data_stage_xact+0x24>
10006484:	2200      	movs	r2, #0
10006486:	e7ea      	b.n	1000645e <data_stage_xact+0x2a>
10006488:	2000      	movs	r0, #0
1000648a:	e7ec      	b.n	10006466 <data_stage_xact+0x32>
1000648c:	20000ff0 	.word	0x20000ff0
10006490:	20000fb0 	.word	0x20000fb0

10006494 <tud_control_status>:
10006494:	b570      	push	{r4, r5, r6, lr}
10006496:	0006      	movs	r6, r0
10006498:	000d      	movs	r5, r1
1000649a:	4c07      	ldr	r4, [pc, #28]	@ (100064b8 <tud_control_status+0x24>)
1000649c:	2208      	movs	r2, #8
1000649e:	0020      	movs	r0, r4
100064a0:	f7fd f9e4 	bl	1000386c <__wrap___aeabi_memcpy>
100064a4:	2300      	movs	r3, #0
100064a6:	60a3      	str	r3, [r4, #8]
100064a8:	81e3      	strh	r3, [r4, #14]
100064aa:	81a3      	strh	r3, [r4, #12]
100064ac:	0029      	movs	r1, r5
100064ae:	0030      	movs	r0, r6
100064b0:	f7ff ffb2 	bl	10006418 <status_stage_xact>
100064b4:	bd70      	pop	{r4, r5, r6, pc}
100064b6:	46c0      	nop			@ (mov r8, r8)
100064b8:	20000ff0 	.word	0x20000ff0

100064bc <tud_control_xfer>:
100064bc:	b5f0      	push	{r4, r5, r6, r7, lr}
100064be:	46c6      	mov	lr, r8
100064c0:	b500      	push	{lr}
100064c2:	4680      	mov	r8, r0
100064c4:	000c      	movs	r4, r1
100064c6:	0016      	movs	r6, r2
100064c8:	001d      	movs	r5, r3
100064ca:	4b1f      	ldr	r3, [pc, #124]	@ (10006548 <tud_control_xfer+0x8c>)
100064cc:	2208      	movs	r2, #8
100064ce:	001f      	movs	r7, r3
100064d0:	0018      	movs	r0, r3
100064d2:	f7fd f9cb 	bl	1000386c <__wrap___aeabi_memcpy>
100064d6:	60be      	str	r6, [r7, #8]
100064d8:	2300      	movs	r3, #0
100064da:	81fb      	strh	r3, [r7, #14]
100064dc:	79a3      	ldrb	r3, [r4, #6]
100064de:	79e1      	ldrb	r1, [r4, #7]
100064e0:	0209      	lsls	r1, r1, #8
100064e2:	4319      	orrs	r1, r3
100064e4:	1c0b      	adds	r3, r1, #0
100064e6:	42a9      	cmp	r1, r5
100064e8:	d900      	bls.n	100064ec <tud_control_xfer+0x30>
100064ea:	1c2b      	adds	r3, r5, #0
100064ec:	b299      	uxth	r1, r3
100064ee:	4a16      	ldr	r2, [pc, #88]	@ (10006548 <tud_control_xfer+0x8c>)
100064f0:	8193      	strh	r3, [r2, #12]
100064f2:	79a2      	ldrb	r2, [r4, #6]
100064f4:	79e3      	ldrb	r3, [r4, #7]
100064f6:	021b      	lsls	r3, r3, #8
100064f8:	4313      	orrs	r3, r2
100064fa:	d019      	beq.n	10006530 <tud_control_xfer+0x74>
100064fc:	2900      	cmp	r1, #0
100064fe:	d001      	beq.n	10006504 <tud_control_xfer+0x48>
10006500:	2e00      	cmp	r6, #0
10006502:	d008      	beq.n	10006516 <tud_control_xfer+0x5a>
10006504:	4640      	mov	r0, r8
10006506:	f7ff ff95 	bl	10006434 <data_stage_xact>
1000650a:	1e04      	subs	r4, r0, #0
1000650c:	d00a      	beq.n	10006524 <tud_control_xfer+0x68>
1000650e:	0020      	movs	r0, r4
10006510:	bc80      	pop	{r7}
10006512:	46b8      	mov	r8, r7
10006514:	bdf0      	pop	{r4, r5, r6, r7, pc}
10006516:	490d      	ldr	r1, [pc, #52]	@ (1000654c <tud_control_xfer+0x90>)
10006518:	480d      	ldr	r0, [pc, #52]	@ (10006550 <tud_control_xfer+0x94>)
1000651a:	2272      	movs	r2, #114	@ 0x72
1000651c:	f7fe fbfc 	bl	10004d18 <__wrap_printf>
10006520:	2400      	movs	r4, #0
10006522:	e7f4      	b.n	1000650e <tud_control_xfer+0x52>
10006524:	4909      	ldr	r1, [pc, #36]	@ (1000654c <tud_control_xfer+0x90>)
10006526:	480a      	ldr	r0, [pc, #40]	@ (10006550 <tud_control_xfer+0x94>)
10006528:	2274      	movs	r2, #116	@ 0x74
1000652a:	f7fe fbf5 	bl	10004d18 <__wrap_printf>
1000652e:	e7ee      	b.n	1000650e <tud_control_xfer+0x52>
10006530:	0021      	movs	r1, r4
10006532:	4640      	mov	r0, r8
10006534:	f7ff ff70 	bl	10006418 <status_stage_xact>
10006538:	1e04      	subs	r4, r0, #0
1000653a:	d1e8      	bne.n	1000650e <tud_control_xfer+0x52>
1000653c:	4903      	ldr	r1, [pc, #12]	@ (1000654c <tud_control_xfer+0x90>)
1000653e:	4804      	ldr	r0, [pc, #16]	@ (10006550 <tud_control_xfer+0x94>)
10006540:	2276      	movs	r2, #118	@ 0x76
10006542:	f7fe fbe9 	bl	10004d18 <__wrap_printf>
10006546:	e7e2      	b.n	1000650e <tud_control_xfer+0x52>
10006548:	20000ff0 	.word	0x20000ff0
1000654c:	100093e4 	.word	0x100093e4
10006550:	10008c3c 	.word	0x10008c3c

10006554 <usbd_control_reset>:
10006554:	b510      	push	{r4, lr}
10006556:	4803      	ldr	r0, [pc, #12]	@ (10006564 <usbd_control_reset+0x10>)
10006558:	2214      	movs	r2, #20
1000655a:	2100      	movs	r1, #0
1000655c:	f7fd f980 	bl	10003860 <__wrap_memset>
10006560:	bd10      	pop	{r4, pc}
10006562:	46c0      	nop			@ (mov r8, r8)
10006564:	20000ff0 	.word	0x20000ff0

10006568 <usbd_control_set_complete_callback>:
10006568:	4b01      	ldr	r3, [pc, #4]	@ (10006570 <usbd_control_set_complete_callback+0x8>)
1000656a:	6118      	str	r0, [r3, #16]
1000656c:	4770      	bx	lr
1000656e:	46c0      	nop			@ (mov r8, r8)
10006570:	20000ff0 	.word	0x20000ff0

10006574 <usbd_control_set_request>:
10006574:	b510      	push	{r4, lr}
10006576:	0001      	movs	r1, r0
10006578:	4c04      	ldr	r4, [pc, #16]	@ (1000658c <usbd_control_set_request+0x18>)
1000657a:	2208      	movs	r2, #8
1000657c:	0020      	movs	r0, r4
1000657e:	f7fd f975 	bl	1000386c <__wrap___aeabi_memcpy>
10006582:	2300      	movs	r3, #0
10006584:	60a3      	str	r3, [r4, #8]
10006586:	81e3      	strh	r3, [r4, #14]
10006588:	81a3      	strh	r3, [r4, #12]
1000658a:	bd10      	pop	{r4, pc}
1000658c:	20000ff0 	.word	0x20000ff0

10006590 <usbd_control_xfer_cb>:
10006590:	b570      	push	{r4, r5, r6, lr}
10006592:	0005      	movs	r5, r0
10006594:	001c      	movs	r4, r3
10006596:	09c9      	lsrs	r1, r1, #7
10006598:	4b31      	ldr	r3, [pc, #196]	@ (10006660 <usbd_control_xfer_cb+0xd0>)
1000659a:	781b      	ldrb	r3, [r3, #0]
1000659c:	09db      	lsrs	r3, r3, #7
1000659e:	428b      	cmp	r3, r1
100065a0:	d016      	beq.n	100065d0 <usbd_control_xfer_cb+0x40>
100065a2:	2c00      	cmp	r4, #0
100065a4:	d007      	beq.n	100065b6 <usbd_control_xfer_cb+0x26>
100065a6:	492f      	ldr	r1, [pc, #188]	@ (10006664 <usbd_control_xfer_cb+0xd4>)
100065a8:	482f      	ldr	r0, [pc, #188]	@ (10006668 <usbd_control_xfer_cb+0xd8>)
100065aa:	229d      	movs	r2, #157	@ 0x9d
100065ac:	f7fe fbb4 	bl	10004d18 <__wrap_printf>
100065b0:	2400      	movs	r4, #0
100065b2:	0020      	movs	r0, r4
100065b4:	bd70      	pop	{r4, r5, r6, pc}
100065b6:	4c2a      	ldr	r4, [pc, #168]	@ (10006660 <usbd_control_xfer_cb+0xd0>)
100065b8:	0021      	movs	r1, r4
100065ba:	f7ff f84b 	bl	10005654 <dcd_edpt0_status_complete>
100065be:	6923      	ldr	r3, [r4, #16]
100065c0:	2b00      	cmp	r3, #0
100065c2:	d003      	beq.n	100065cc <usbd_control_xfer_cb+0x3c>
100065c4:	4a26      	ldr	r2, [pc, #152]	@ (10006660 <usbd_control_xfer_cb+0xd0>)
100065c6:	2103      	movs	r1, #3
100065c8:	0028      	movs	r0, r5
100065ca:	4798      	blx	r3
100065cc:	2401      	movs	r4, #1
100065ce:	e7f0      	b.n	100065b2 <usbd_control_xfer_cb+0x22>
100065d0:	4b23      	ldr	r3, [pc, #140]	@ (10006660 <usbd_control_xfer_cb+0xd0>)
100065d2:	781b      	ldrb	r3, [r3, #0]
100065d4:	b25b      	sxtb	r3, r3
100065d6:	2b00      	cmp	r3, #0
100065d8:	db07      	blt.n	100065ea <usbd_control_xfer_cb+0x5a>
100065da:	4b21      	ldr	r3, [pc, #132]	@ (10006660 <usbd_control_xfer_cb+0xd0>)
100065dc:	6898      	ldr	r0, [r3, #8]
100065de:	2800      	cmp	r0, #0
100065e0:	d03c      	beq.n	1000665c <usbd_control_xfer_cb+0xcc>
100065e2:	4922      	ldr	r1, [pc, #136]	@ (1000666c <usbd_control_xfer_cb+0xdc>)
100065e4:	0022      	movs	r2, r4
100065e6:	f7fd f941 	bl	1000386c <__wrap___aeabi_memcpy>
100065ea:	4a1d      	ldr	r2, [pc, #116]	@ (10006660 <usbd_control_xfer_cb+0xd0>)
100065ec:	89d3      	ldrh	r3, [r2, #14]
100065ee:	b2a1      	uxth	r1, r4
100065f0:	185b      	adds	r3, r3, r1
100065f2:	b29b      	uxth	r3, r3
100065f4:	81d3      	strh	r3, [r2, #14]
100065f6:	6891      	ldr	r1, [r2, #8]
100065f8:	1909      	adds	r1, r1, r4
100065fa:	6091      	str	r1, [r2, #8]
100065fc:	88d2      	ldrh	r2, [r2, #6]
100065fe:	4293      	cmp	r3, r2
10006600:	d001      	beq.n	10006606 <usbd_control_xfer_cb+0x76>
10006602:	2c3f      	cmp	r4, #63	@ 0x3f
10006604:	d81f      	bhi.n	10006646 <usbd_control_xfer_cb+0xb6>
10006606:	4b16      	ldr	r3, [pc, #88]	@ (10006660 <usbd_control_xfer_cb+0xd0>)
10006608:	691b      	ldr	r3, [r3, #16]
1000660a:	2b00      	cmp	r3, #0
1000660c:	d005      	beq.n	1000661a <usbd_control_xfer_cb+0x8a>
1000660e:	4a14      	ldr	r2, [pc, #80]	@ (10006660 <usbd_control_xfer_cb+0xd0>)
10006610:	2102      	movs	r1, #2
10006612:	0028      	movs	r0, r5
10006614:	4798      	blx	r3
10006616:	2800      	cmp	r0, #0
10006618:	d00b      	beq.n	10006632 <usbd_control_xfer_cb+0xa2>
1000661a:	4911      	ldr	r1, [pc, #68]	@ (10006660 <usbd_control_xfer_cb+0xd0>)
1000661c:	0028      	movs	r0, r5
1000661e:	f7ff fefb 	bl	10006418 <status_stage_xact>
10006622:	1e04      	subs	r4, r0, #0
10006624:	d1c5      	bne.n	100065b2 <usbd_control_xfer_cb+0x22>
10006626:	490f      	ldr	r1, [pc, #60]	@ (10006664 <usbd_control_xfer_cb+0xd4>)
10006628:	480f      	ldr	r0, [pc, #60]	@ (10006668 <usbd_control_xfer_cb+0xd8>)
1000662a:	22c5      	movs	r2, #197	@ 0xc5
1000662c:	f7fe fb74 	bl	10004d18 <__wrap_printf>
10006630:	e7bf      	b.n	100065b2 <usbd_control_xfer_cb+0x22>
10006632:	2100      	movs	r1, #0
10006634:	0028      	movs	r0, r5
10006636:	f7ff f84b 	bl	100056d0 <dcd_edpt_stall>
1000663a:	2180      	movs	r1, #128	@ 0x80
1000663c:	0028      	movs	r0, r5
1000663e:	f7ff f847 	bl	100056d0 <dcd_edpt_stall>
10006642:	2401      	movs	r4, #1
10006644:	e7b5      	b.n	100065b2 <usbd_control_xfer_cb+0x22>
10006646:	0028      	movs	r0, r5
10006648:	f7ff fef4 	bl	10006434 <data_stage_xact>
1000664c:	1e04      	subs	r4, r0, #0
1000664e:	d1b0      	bne.n	100065b2 <usbd_control_xfer_cb+0x22>
10006650:	4904      	ldr	r1, [pc, #16]	@ (10006664 <usbd_control_xfer_cb+0xd4>)
10006652:	4805      	ldr	r0, [pc, #20]	@ (10006668 <usbd_control_xfer_cb+0xd8>)
10006654:	22cd      	movs	r2, #205	@ 0xcd
10006656:	f7fe fb5f 	bl	10004d18 <__wrap_printf>
1000665a:	e7aa      	b.n	100065b2 <usbd_control_xfer_cb+0x22>
1000665c:	2400      	movs	r4, #0
1000665e:	e7a8      	b.n	100065b2 <usbd_control_xfer_cb+0x22>
10006660:	20000ff0 	.word	0x20000ff0
10006664:	100093cc 	.word	0x100093cc
10006668:	10008c3c 	.word	0x10008c3c
1000666c:	20000fb0 	.word	0x20000fb0

10006670 <_prep_out_transaction>:
10006670:	b570      	push	{r4, r5, r6, lr}
10006672:	0004      	movs	r4, r0
10006674:	f7ff fa66 	bl	10005b44 <tud_mounted>
10006678:	2800      	cmp	r0, #0
1000667a:	d10b      	bne.n	10006694 <_prep_out_transaction+0x24>
1000667c:	2000      	movs	r0, #0
1000667e:	2800      	cmp	r0, #0
10006680:	d007      	beq.n	10006692 <_prep_out_transaction+0x22>
10006682:	4b21      	ldr	r3, [pc, #132]	@ (10006708 <_prep_out_transaction+0x98>)
10006684:	22c8      	movs	r2, #200	@ 0xc8
10006686:	4362      	muls	r2, r4
10006688:	189b      	adds	r3, r3, r2
1000668a:	78db      	ldrb	r3, [r3, #3]
1000668c:	2b00      	cmp	r3, #0
1000668e:	d109      	bne.n	100066a4 <_prep_out_transaction+0x34>
10006690:	2000      	movs	r0, #0
10006692:	bd70      	pop	{r4, r5, r6, pc}
10006694:	f7ff fa5e 	bl	10005b54 <tud_suspended>
10006698:	2800      	cmp	r0, #0
1000669a:	d101      	bne.n	100066a0 <_prep_out_transaction+0x30>
1000669c:	3001      	adds	r0, #1
1000669e:	e7ee      	b.n	1000667e <_prep_out_transaction+0xe>
100066a0:	2000      	movs	r0, #0
100066a2:	e7ec      	b.n	1000667e <_prep_out_transaction+0xe>
100066a4:	0015      	movs	r5, r2
100066a6:	3510      	adds	r5, #16
100066a8:	4b17      	ldr	r3, [pc, #92]	@ (10006708 <_prep_out_transaction+0x98>)
100066aa:	18ed      	adds	r5, r5, r3
100066ac:	0028      	movs	r0, r5
100066ae:	f001 f939 	bl	10007924 <tu_fifo_remaining>
100066b2:	283f      	cmp	r0, #63	@ 0x3f
100066b4:	d801      	bhi.n	100066ba <_prep_out_transaction+0x4a>
100066b6:	2000      	movs	r0, #0
100066b8:	e7eb      	b.n	10006692 <_prep_out_transaction+0x22>
100066ba:	4b13      	ldr	r3, [pc, #76]	@ (10006708 <_prep_out_transaction+0x98>)
100066bc:	22c8      	movs	r2, #200	@ 0xc8
100066be:	4362      	muls	r2, r4
100066c0:	189b      	adds	r3, r3, r2
100066c2:	78d9      	ldrb	r1, [r3, #3]
100066c4:	2000      	movs	r0, #0
100066c6:	f7ff fb4b 	bl	10005d60 <usbd_edpt_claim>
100066ca:	2800      	cmp	r0, #0
100066cc:	d0e1      	beq.n	10006692 <_prep_out_transaction+0x22>
100066ce:	0028      	movs	r0, r5
100066d0:	f001 f928 	bl	10007924 <tu_fifo_remaining>
100066d4:	283f      	cmp	r0, #63	@ 0x3f
100066d6:	d90c      	bls.n	100066f2 <_prep_out_transaction+0x82>
100066d8:	01e2      	lsls	r2, r4, #7
100066da:	4b0c      	ldr	r3, [pc, #48]	@ (1000670c <_prep_out_transaction+0x9c>)
100066dc:	18d2      	adds	r2, r2, r3
100066de:	4b0a      	ldr	r3, [pc, #40]	@ (10006708 <_prep_out_transaction+0x98>)
100066e0:	21c8      	movs	r1, #200	@ 0xc8
100066e2:	4361      	muls	r1, r4
100066e4:	185b      	adds	r3, r3, r1
100066e6:	78d9      	ldrb	r1, [r3, #3]
100066e8:	2340      	movs	r3, #64	@ 0x40
100066ea:	2000      	movs	r0, #0
100066ec:	f7ff fb60 	bl	10005db0 <usbd_edpt_xfer>
100066f0:	e7cf      	b.n	10006692 <_prep_out_transaction+0x22>
100066f2:	4b05      	ldr	r3, [pc, #20]	@ (10006708 <_prep_out_transaction+0x98>)
100066f4:	22c8      	movs	r2, #200	@ 0xc8
100066f6:	4362      	muls	r2, r4
100066f8:	189b      	adds	r3, r3, r2
100066fa:	78d9      	ldrb	r1, [r3, #3]
100066fc:	2000      	movs	r0, #0
100066fe:	f7ff fb43 	bl	10005d88 <usbd_edpt_release>
10006702:	2000      	movs	r0, #0
10006704:	e7c5      	b.n	10006692 <_prep_out_transaction+0x22>
10006706:	46c0      	nop			@ (mov r8, r8)
10006708:	20000ee8 	.word	0x20000ee8
1000670c:	20000e64 	.word	0x20000e64

10006710 <tud_cdc_n_connected>:
10006710:	b510      	push	{r4, lr}
10006712:	0004      	movs	r4, r0
10006714:	f7ff fa16 	bl	10005b44 <tud_mounted>
10006718:	2800      	cmp	r0, #0
1000671a:	d101      	bne.n	10006720 <tud_cdc_n_connected+0x10>
1000671c:	2000      	movs	r0, #0
1000671e:	bd10      	pop	{r4, pc}
10006720:	f7ff fa18 	bl	10005b54 <tud_suspended>
10006724:	2800      	cmp	r0, #0
10006726:	d108      	bne.n	1000673a <tud_cdc_n_connected+0x2a>
10006728:	4b06      	ldr	r3, [pc, #24]	@ (10006744 <tud_cdc_n_connected+0x34>)
1000672a:	22c8      	movs	r2, #200	@ 0xc8
1000672c:	4362      	muls	r2, r4
1000672e:	189b      	adds	r3, r3, r2
10006730:	791b      	ldrb	r3, [r3, #4]
10006732:	07db      	lsls	r3, r3, #31
10006734:	d503      	bpl.n	1000673e <tud_cdc_n_connected+0x2e>
10006736:	3001      	adds	r0, #1
10006738:	e7f1      	b.n	1000671e <tud_cdc_n_connected+0xe>
1000673a:	2000      	movs	r0, #0
1000673c:	e7ef      	b.n	1000671e <tud_cdc_n_connected+0xe>
1000673e:	2000      	movs	r0, #0
10006740:	e7ed      	b.n	1000671e <tud_cdc_n_connected+0xe>
10006742:	46c0      	nop			@ (mov r8, r8)
10006744:	20000ee8 	.word	0x20000ee8

10006748 <tud_cdc_n_available>:
10006748:	b510      	push	{r4, lr}
1000674a:	23c8      	movs	r3, #200	@ 0xc8
1000674c:	4343      	muls	r3, r0
1000674e:	3310      	adds	r3, #16
10006750:	4802      	ldr	r0, [pc, #8]	@ (1000675c <tud_cdc_n_available+0x14>)
10006752:	1818      	adds	r0, r3, r0
10006754:	f001 f8b6 	bl	100078c4 <tu_fifo_count>
10006758:	bd10      	pop	{r4, pc}
1000675a:	46c0      	nop			@ (mov r8, r8)
1000675c:	20000ee8 	.word	0x20000ee8

10006760 <tud_cdc_n_read>:
10006760:	b570      	push	{r4, r5, r6, lr}
10006762:	0004      	movs	r4, r0
10006764:	20c8      	movs	r0, #200	@ 0xc8
10006766:	4360      	muls	r0, r4
10006768:	0003      	movs	r3, r0
1000676a:	3310      	adds	r3, #16
1000676c:	4807      	ldr	r0, [pc, #28]	@ (1000678c <tud_cdc_n_read+0x2c>)
1000676e:	1818      	adds	r0, r3, r0
10006770:	4b07      	ldr	r3, [pc, #28]	@ (10006790 <tud_cdc_n_read+0x30>)
10006772:	429a      	cmp	r2, r3
10006774:	d808      	bhi.n	10006788 <tud_cdc_n_read+0x28>
10006776:	b292      	uxth	r2, r2
10006778:	f001 f90b 	bl	10007992 <tu_fifo_read_n>
1000677c:	0005      	movs	r5, r0
1000677e:	0020      	movs	r0, r4
10006780:	f7ff ff76 	bl	10006670 <_prep_out_transaction>
10006784:	0028      	movs	r0, r5
10006786:	bd70      	pop	{r4, r5, r6, pc}
10006788:	4a02      	ldr	r2, [pc, #8]	@ (10006794 <tud_cdc_n_read+0x34>)
1000678a:	e7f5      	b.n	10006778 <tud_cdc_n_read+0x18>
1000678c:	20000ee8 	.word	0x20000ee8
10006790:	0000fffe 	.word	0x0000fffe
10006794:	0000ffff 	.word	0x0000ffff

10006798 <tud_cdc_n_write_flush>:
10006798:	b570      	push	{r4, r5, r6, lr}
1000679a:	0005      	movs	r5, r0
1000679c:	f7ff f9d2 	bl	10005b44 <tud_mounted>
100067a0:	2800      	cmp	r0, #0
100067a2:	d104      	bne.n	100067ae <tud_cdc_n_write_flush+0x16>
100067a4:	2300      	movs	r3, #0
100067a6:	2b00      	cmp	r3, #0
100067a8:	d109      	bne.n	100067be <tud_cdc_n_write_flush+0x26>
100067aa:	2000      	movs	r0, #0
100067ac:	bd70      	pop	{r4, r5, r6, pc}
100067ae:	f7ff f9d1 	bl	10005b54 <tud_suspended>
100067b2:	2800      	cmp	r0, #0
100067b4:	d101      	bne.n	100067ba <tud_cdc_n_write_flush+0x22>
100067b6:	2301      	movs	r3, #1
100067b8:	e7f5      	b.n	100067a6 <tud_cdc_n_write_flush+0xe>
100067ba:	2300      	movs	r3, #0
100067bc:	e7f3      	b.n	100067a6 <tud_cdc_n_write_flush+0xe>
100067be:	24c8      	movs	r4, #200	@ 0xc8
100067c0:	436c      	muls	r4, r5
100067c2:	3420      	adds	r4, #32
100067c4:	4b1f      	ldr	r3, [pc, #124]	@ (10006844 <tud_cdc_n_write_flush+0xac>)
100067c6:	18e4      	adds	r4, r4, r3
100067c8:	3404      	adds	r4, #4
100067ca:	0020      	movs	r0, r4
100067cc:	f001 f87a 	bl	100078c4 <tu_fifo_count>
100067d0:	2800      	cmp	r0, #0
100067d2:	d101      	bne.n	100067d8 <tud_cdc_n_write_flush+0x40>
100067d4:	2000      	movs	r0, #0
100067d6:	e7e9      	b.n	100067ac <tud_cdc_n_write_flush+0x14>
100067d8:	4b1a      	ldr	r3, [pc, #104]	@ (10006844 <tud_cdc_n_write_flush+0xac>)
100067da:	22c8      	movs	r2, #200	@ 0xc8
100067dc:	436a      	muls	r2, r5
100067de:	189b      	adds	r3, r3, r2
100067e0:	7899      	ldrb	r1, [r3, #2]
100067e2:	2000      	movs	r0, #0
100067e4:	f7ff fabc 	bl	10005d60 <usbd_edpt_claim>
100067e8:	2800      	cmp	r0, #0
100067ea:	d101      	bne.n	100067f0 <tud_cdc_n_write_flush+0x58>
100067ec:	2000      	movs	r0, #0
100067ee:	e7dd      	b.n	100067ac <tud_cdc_n_write_flush+0x14>
100067f0:	01ee      	lsls	r6, r5, #7
100067f2:	3640      	adds	r6, #64	@ 0x40
100067f4:	4b14      	ldr	r3, [pc, #80]	@ (10006848 <tud_cdc_n_write_flush+0xb0>)
100067f6:	18f6      	adds	r6, r6, r3
100067f8:	2240      	movs	r2, #64	@ 0x40
100067fa:	0031      	movs	r1, r6
100067fc:	0020      	movs	r0, r4
100067fe:	f001 f8c8 	bl	10007992 <tu_fifo_read_n>
10006802:	1e04      	subs	r4, r0, #0
10006804:	d014      	beq.n	10006830 <tud_cdc_n_write_flush+0x98>
10006806:	4b0f      	ldr	r3, [pc, #60]	@ (10006844 <tud_cdc_n_write_flush+0xac>)
10006808:	22c8      	movs	r2, #200	@ 0xc8
1000680a:	436a      	muls	r2, r5
1000680c:	189b      	adds	r3, r3, r2
1000680e:	7899      	ldrb	r1, [r3, #2]
10006810:	0003      	movs	r3, r0
10006812:	0032      	movs	r2, r6
10006814:	2000      	movs	r0, #0
10006816:	f7ff facb 	bl	10005db0 <usbd_edpt_xfer>
1000681a:	2800      	cmp	r0, #0
1000681c:	d001      	beq.n	10006822 <tud_cdc_n_write_flush+0x8a>
1000681e:	0020      	movs	r0, r4
10006820:	e7c4      	b.n	100067ac <tud_cdc_n_write_flush+0x14>
10006822:	490a      	ldr	r1, [pc, #40]	@ (1000684c <tud_cdc_n_write_flush+0xb4>)
10006824:	480a      	ldr	r0, [pc, #40]	@ (10006850 <tud_cdc_n_write_flush+0xb8>)
10006826:	22d5      	movs	r2, #213	@ 0xd5
10006828:	f7fe fa76 	bl	10004d18 <__wrap_printf>
1000682c:	2000      	movs	r0, #0
1000682e:	e7bd      	b.n	100067ac <tud_cdc_n_write_flush+0x14>
10006830:	4b04      	ldr	r3, [pc, #16]	@ (10006844 <tud_cdc_n_write_flush+0xac>)
10006832:	22c8      	movs	r2, #200	@ 0xc8
10006834:	436a      	muls	r2, r5
10006836:	189b      	adds	r3, r3, r2
10006838:	7899      	ldrb	r1, [r3, #2]
1000683a:	2000      	movs	r0, #0
1000683c:	f7ff faa4 	bl	10005d88 <usbd_edpt_release>
10006840:	2000      	movs	r0, #0
10006842:	e7b3      	b.n	100067ac <tud_cdc_n_write_flush+0x14>
10006844:	20000ee8 	.word	0x20000ee8
10006848:	20000e64 	.word	0x20000e64
1000684c:	10009414 	.word	0x10009414
10006850:	10008c3c 	.word	0x10008c3c

10006854 <tud_cdc_n_write>:
10006854:	b570      	push	{r4, r5, r6, lr}
10006856:	0005      	movs	r5, r0
10006858:	24c8      	movs	r4, #200	@ 0xc8
1000685a:	4344      	muls	r4, r0
1000685c:	3420      	adds	r4, #32
1000685e:	4b0c      	ldr	r3, [pc, #48]	@ (10006890 <tud_cdc_n_write+0x3c>)
10006860:	18e4      	adds	r4, r4, r3
10006862:	3404      	adds	r4, #4
10006864:	4b0b      	ldr	r3, [pc, #44]	@ (10006894 <tud_cdc_n_write+0x40>)
10006866:	429a      	cmp	r2, r3
10006868:	d80b      	bhi.n	10006882 <tud_cdc_n_write+0x2e>
1000686a:	b292      	uxth	r2, r2
1000686c:	0020      	movs	r0, r4
1000686e:	f001 f8c7 	bl	10007a00 <tu_fifo_write_n>
10006872:	0006      	movs	r6, r0
10006874:	0020      	movs	r0, r4
10006876:	f001 f825 	bl	100078c4 <tu_fifo_count>
1000687a:	283f      	cmp	r0, #63	@ 0x3f
1000687c:	d803      	bhi.n	10006886 <tud_cdc_n_write+0x32>
1000687e:	0030      	movs	r0, r6
10006880:	bd70      	pop	{r4, r5, r6, pc}
10006882:	4a05      	ldr	r2, [pc, #20]	@ (10006898 <tud_cdc_n_write+0x44>)
10006884:	e7f2      	b.n	1000686c <tud_cdc_n_write+0x18>
10006886:	0028      	movs	r0, r5
10006888:	f7ff ff86 	bl	10006798 <tud_cdc_n_write_flush>
1000688c:	e7f7      	b.n	1000687e <tud_cdc_n_write+0x2a>
1000688e:	46c0      	nop			@ (mov r8, r8)
10006890:	20000ee8 	.word	0x20000ee8
10006894:	0000fffe 	.word	0x0000fffe
10006898:	0000ffff 	.word	0x0000ffff

1000689c <tud_cdc_n_write_available>:
1000689c:	b510      	push	{r4, lr}
1000689e:	23c8      	movs	r3, #200	@ 0xc8
100068a0:	4358      	muls	r0, r3
100068a2:	3020      	adds	r0, #32
100068a4:	4b02      	ldr	r3, [pc, #8]	@ (100068b0 <tud_cdc_n_write_available+0x14>)
100068a6:	18c0      	adds	r0, r0, r3
100068a8:	3004      	adds	r0, #4
100068aa:	f001 f83b 	bl	10007924 <tu_fifo_remaining>
100068ae:	bd10      	pop	{r4, pc}
100068b0:	20000ee8 	.word	0x20000ee8

100068b4 <cdcd_init>:
100068b4:	b5f0      	push	{r4, r5, r6, r7, lr}
100068b6:	46ce      	mov	lr, r9
100068b8:	4647      	mov	r7, r8
100068ba:	b580      	push	{r7, lr}
100068bc:	b083      	sub	sp, #12
100068be:	4826      	ldr	r0, [pc, #152]	@ (10006958 <cdcd_init+0xa4>)
100068c0:	22c8      	movs	r2, #200	@ 0xc8
100068c2:	2100      	movs	r1, #0
100068c4:	f7fc ffcc 	bl	10003860 <__wrap_memset>
100068c8:	4b24      	ldr	r3, [pc, #144]	@ (1000695c <cdcd_init+0xa8>)
100068ca:	2200      	movs	r2, #0
100068cc:	701a      	strb	r2, [r3, #0]
100068ce:	2700      	movs	r7, #0
100068d0:	2f00      	cmp	r7, #0
100068d2:	d004      	beq.n	100068de <cdcd_init+0x2a>
100068d4:	b003      	add	sp, #12
100068d6:	bcc0      	pop	{r6, r7}
100068d8:	46b9      	mov	r9, r7
100068da:	46b0      	mov	r8, r6
100068dc:	bdf0      	pop	{r4, r5, r6, r7, pc}
100068de:	4e1e      	ldr	r6, [pc, #120]	@ (10006958 <cdcd_init+0xa4>)
100068e0:	24c8      	movs	r4, #200	@ 0xc8
100068e2:	437c      	muls	r4, r7
100068e4:	1935      	adds	r5, r6, r4
100068e6:	23ff      	movs	r3, #255	@ 0xff
100068e8:	716b      	strb	r3, [r5, #5]
100068ea:	23e1      	movs	r3, #225	@ 0xe1
100068ec:	025b      	lsls	r3, r3, #9
100068ee:	60ab      	str	r3, [r5, #8]
100068f0:	2300      	movs	r3, #0
100068f2:	4698      	mov	r8, r3
100068f4:	732b      	strb	r3, [r5, #12]
100068f6:	736b      	strb	r3, [r5, #13]
100068f8:	3308      	adds	r3, #8
100068fa:	73ab      	strb	r3, [r5, #14]
100068fc:	0021      	movs	r1, r4
100068fe:	3138      	adds	r1, #56	@ 0x38
10006900:	1989      	adds	r1, r1, r6
10006902:	0020      	movs	r0, r4
10006904:	3010      	adds	r0, #16
10006906:	1980      	adds	r0, r0, r6
10006908:	4643      	mov	r3, r8
1000690a:	9300      	str	r3, [sp, #0]
1000690c:	3301      	adds	r3, #1
1000690e:	2240      	movs	r2, #64	@ 0x40
10006910:	f000 ff9a 	bl	10007848 <tu_fifo_config>
10006914:	0021      	movs	r1, r4
10006916:	3178      	adds	r1, #120	@ 0x78
10006918:	1989      	adds	r1, r1, r6
1000691a:	0020      	movs	r0, r4
1000691c:	3020      	adds	r0, #32
1000691e:	1980      	adds	r0, r0, r6
10006920:	3004      	adds	r0, #4
10006922:	2301      	movs	r3, #1
10006924:	9300      	str	r3, [sp, #0]
10006926:	2240      	movs	r2, #64	@ 0x40
10006928:	f000 ff8e 	bl	10007848 <tu_fifo_config>
1000692c:	0023      	movs	r3, r4
1000692e:	33b8      	adds	r3, #184	@ 0xb8
10006930:	4699      	mov	r9, r3
10006932:	44b1      	add	r9, r6
10006934:	4648      	mov	r0, r9
10006936:	f7fa fb45 	bl	10000fc4 <mutex_init>
1000693a:	34c0      	adds	r4, #192	@ 0xc0
1000693c:	19a4      	adds	r4, r4, r6
1000693e:	0020      	movs	r0, r4
10006940:	f7fa fb40 	bl	10000fc4 <mutex_init>
10006944:	4643      	mov	r3, r8
10006946:	61eb      	str	r3, [r5, #28]
10006948:	464b      	mov	r3, r9
1000694a:	622b      	str	r3, [r5, #32]
1000694c:	632c      	str	r4, [r5, #48]	@ 0x30
1000694e:	4643      	mov	r3, r8
10006950:	636b      	str	r3, [r5, #52]	@ 0x34
10006952:	3701      	adds	r7, #1
10006954:	b2ff      	uxtb	r7, r7
10006956:	e7bb      	b.n	100068d0 <cdcd_init+0x1c>
10006958:	20000ee8 	.word	0x20000ee8
1000695c:	20000ee4 	.word	0x20000ee4

10006960 <cdcd_deinit>:
10006960:	b510      	push	{r4, lr}
10006962:	2300      	movs	r3, #0
10006964:	2b00      	cmp	r3, #0
10006966:	d001      	beq.n	1000696c <cdcd_deinit+0xc>
10006968:	2001      	movs	r0, #1
1000696a:	bd10      	pop	{r4, pc}
1000696c:	0019      	movs	r1, r3
1000696e:	4a0d      	ldr	r2, [pc, #52]	@ (100069a4 <cdcd_deinit+0x44>)
10006970:	20c8      	movs	r0, #200	@ 0xc8
10006972:	4358      	muls	r0, r3
10006974:	1812      	adds	r2, r2, r0
10006976:	6a10      	ldr	r0, [r2, #32]
10006978:	6b14      	ldr	r4, [r2, #48]	@ 0x30
1000697a:	2800      	cmp	r0, #0
1000697c:	d006      	beq.n	1000698c <cdcd_deinit+0x2c>
1000697e:	4a09      	ldr	r2, [pc, #36]	@ (100069a4 <cdcd_deinit+0x44>)
10006980:	20c8      	movs	r0, #200	@ 0xc8
10006982:	4358      	muls	r0, r3
10006984:	1812      	adds	r2, r2, r0
10006986:	2000      	movs	r0, #0
10006988:	61d0      	str	r0, [r2, #28]
1000698a:	6210      	str	r0, [r2, #32]
1000698c:	2c00      	cmp	r4, #0
1000698e:	d006      	beq.n	1000699e <cdcd_deinit+0x3e>
10006990:	4a04      	ldr	r2, [pc, #16]	@ (100069a4 <cdcd_deinit+0x44>)
10006992:	20c8      	movs	r0, #200	@ 0xc8
10006994:	4341      	muls	r1, r0
10006996:	1852      	adds	r2, r2, r1
10006998:	2100      	movs	r1, #0
1000699a:	6311      	str	r1, [r2, #48]	@ 0x30
1000699c:	6351      	str	r1, [r2, #52]	@ 0x34
1000699e:	3301      	adds	r3, #1
100069a0:	b2db      	uxtb	r3, r3
100069a2:	e7df      	b.n	10006964 <cdcd_deinit+0x4>
100069a4:	20000ee8 	.word	0x20000ee8

100069a8 <cdcd_reset>:
100069a8:	b570      	push	{r4, r5, r6, lr}
100069aa:	2400      	movs	r4, #0
100069ac:	2c00      	cmp	r4, #0
100069ae:	d000      	beq.n	100069b2 <cdcd_reset+0xa>
100069b0:	bd70      	pop	{r4, r5, r6, pc}
100069b2:	0025      	movs	r5, r4
100069b4:	20c8      	movs	r0, #200	@ 0xc8
100069b6:	4360      	muls	r0, r4
100069b8:	4b15      	ldr	r3, [pc, #84]	@ (10006a10 <cdcd_reset+0x68>)
100069ba:	18c0      	adds	r0, r0, r3
100069bc:	2205      	movs	r2, #5
100069be:	2100      	movs	r1, #0
100069c0:	f7fc ff4e 	bl	10003860 <__wrap_memset>
100069c4:	4b13      	ldr	r3, [pc, #76]	@ (10006a14 <cdcd_reset+0x6c>)
100069c6:	781b      	ldrb	r3, [r3, #0]
100069c8:	07db      	lsls	r3, r3, #31
100069ca:	d50f      	bpl.n	100069ec <cdcd_reset+0x44>
100069cc:	4b11      	ldr	r3, [pc, #68]	@ (10006a14 <cdcd_reset+0x6c>)
100069ce:	781b      	ldrb	r3, [r3, #0]
100069d0:	079b      	lsls	r3, r3, #30
100069d2:	d513      	bpl.n	100069fc <cdcd_reset+0x54>
100069d4:	20c8      	movs	r0, #200	@ 0xc8
100069d6:	4368      	muls	r0, r5
100069d8:	3020      	adds	r0, #32
100069da:	4b0d      	ldr	r3, [pc, #52]	@ (10006a10 <cdcd_reset+0x68>)
100069dc:	18c0      	adds	r0, r0, r3
100069de:	3004      	adds	r0, #4
100069e0:	2101      	movs	r1, #1
100069e2:	f001 f831 	bl	10007a48 <tu_fifo_set_overwritable>
100069e6:	3401      	adds	r4, #1
100069e8:	b2e4      	uxtb	r4, r4
100069ea:	e7df      	b.n	100069ac <cdcd_reset+0x4>
100069ec:	20c8      	movs	r0, #200	@ 0xc8
100069ee:	4360      	muls	r0, r4
100069f0:	3010      	adds	r0, #16
100069f2:	4b07      	ldr	r3, [pc, #28]	@ (10006a10 <cdcd_reset+0x68>)
100069f4:	18c0      	adds	r0, r0, r3
100069f6:	f001 f808 	bl	10007a0a <tu_fifo_clear>
100069fa:	e7e7      	b.n	100069cc <cdcd_reset+0x24>
100069fc:	20c8      	movs	r0, #200	@ 0xc8
100069fe:	4368      	muls	r0, r5
10006a00:	3020      	adds	r0, #32
10006a02:	4b03      	ldr	r3, [pc, #12]	@ (10006a10 <cdcd_reset+0x68>)
10006a04:	18c0      	adds	r0, r0, r3
10006a06:	3004      	adds	r0, #4
10006a08:	f000 ffff 	bl	10007a0a <tu_fifo_clear>
10006a0c:	e7e2      	b.n	100069d4 <cdcd_reset+0x2c>
10006a0e:	46c0      	nop			@ (mov r8, r8)
10006a10:	20000ee8 	.word	0x20000ee8
10006a14:	20000ee4 	.word	0x20000ee4

10006a18 <cdcd_open>:
10006a18:	b5f0      	push	{r4, r5, r6, r7, lr}
10006a1a:	b085      	sub	sp, #20
10006a1c:	9003      	str	r0, [sp, #12]
10006a1e:	794b      	ldrb	r3, [r1, #5]
10006a20:	2b02      	cmp	r3, #2
10006a22:	d163      	bne.n	10006aec <cdcd_open+0xd4>
10006a24:	798b      	ldrb	r3, [r1, #6]
10006a26:	2b02      	cmp	r3, #2
10006a28:	d164      	bne.n	10006af4 <cdcd_open+0xdc>
10006a2a:	2700      	movs	r7, #0
10006a2c:	2f00      	cmp	r7, #0
10006a2e:	d007      	beq.n	10006a40 <cdcd_open+0x28>
10006a30:	2f00      	cmp	r7, #0
10006a32:	d10f      	bne.n	10006a54 <cdcd_open+0x3c>
10006a34:	788b      	ldrb	r3, [r1, #2]
10006a36:	7033      	strb	r3, [r6, #0]
10006a38:	780c      	ldrb	r4, [r1, #0]
10006a3a:	190c      	adds	r4, r1, r4
10006a3c:	2509      	movs	r5, #9
10006a3e:	e015      	b.n	10006a6c <cdcd_open+0x54>
10006a40:	23c8      	movs	r3, #200	@ 0xc8
10006a42:	437b      	muls	r3, r7
10006a44:	4e2c      	ldr	r6, [pc, #176]	@ (10006af8 <cdcd_open+0xe0>)
10006a46:	199e      	adds	r6, r3, r6
10006a48:	78b3      	ldrb	r3, [r6, #2]
10006a4a:	2b00      	cmp	r3, #0
10006a4c:	d0f0      	beq.n	10006a30 <cdcd_open+0x18>
10006a4e:	3701      	adds	r7, #1
10006a50:	b2ff      	uxtb	r7, r7
10006a52:	e7eb      	b.n	10006a2c <cdcd_open+0x14>
10006a54:	2242      	movs	r2, #66	@ 0x42
10006a56:	4929      	ldr	r1, [pc, #164]	@ (10006afc <cdcd_open+0xe4>)
10006a58:	4829      	ldr	r0, [pc, #164]	@ (10006b00 <cdcd_open+0xe8>)
10006a5a:	32ff      	adds	r2, #255	@ 0xff
10006a5c:	f7fe f95c 	bl	10004d18 <__wrap_printf>
10006a60:	2500      	movs	r5, #0
10006a62:	e044      	b.n	10006aee <cdcd_open+0xd6>
10006a64:	7823      	ldrb	r3, [r4, #0]
10006a66:	195d      	adds	r5, r3, r5
10006a68:	b2ad      	uxth	r5, r5
10006a6a:	18e4      	adds	r4, r4, r3
10006a6c:	7863      	ldrb	r3, [r4, #1]
10006a6e:	2b24      	cmp	r3, #36	@ 0x24
10006a70:	d101      	bne.n	10006a76 <cdcd_open+0x5e>
10006a72:	4295      	cmp	r5, r2
10006a74:	d9f6      	bls.n	10006a64 <cdcd_open+0x4c>
10006a76:	2b05      	cmp	r3, #5
10006a78:	d009      	beq.n	10006a8e <cdcd_open+0x76>
10006a7a:	7863      	ldrb	r3, [r4, #1]
10006a7c:	2b04      	cmp	r3, #4
10006a7e:	d102      	bne.n	10006a86 <cdcd_open+0x6e>
10006a80:	7963      	ldrb	r3, [r4, #5]
10006a82:	2b0a      	cmp	r3, #10
10006a84:	d018      	beq.n	10006ab8 <cdcd_open+0xa0>
10006a86:	0038      	movs	r0, r7
10006a88:	f7ff fdf2 	bl	10006670 <_prep_out_transaction>
10006a8c:	e02f      	b.n	10006aee <cdcd_open+0xd6>
10006a8e:	0021      	movs	r1, r4
10006a90:	9803      	ldr	r0, [sp, #12]
10006a92:	f7ff f8f1 	bl	10005c78 <usbd_edpt_open>
10006a96:	2800      	cmp	r0, #0
10006a98:	d006      	beq.n	10006aa8 <cdcd_open+0x90>
10006a9a:	78a3      	ldrb	r3, [r4, #2]
10006a9c:	7073      	strb	r3, [r6, #1]
10006a9e:	7823      	ldrb	r3, [r4, #0]
10006aa0:	195d      	adds	r5, r3, r5
10006aa2:	b2ad      	uxth	r5, r5
10006aa4:	18e4      	adds	r4, r4, r3
10006aa6:	e7e8      	b.n	10006a7a <cdcd_open+0x62>
10006aa8:	2254      	movs	r2, #84	@ 0x54
10006aaa:	4914      	ldr	r1, [pc, #80]	@ (10006afc <cdcd_open+0xe4>)
10006aac:	4814      	ldr	r0, [pc, #80]	@ (10006b00 <cdcd_open+0xe8>)
10006aae:	32ff      	adds	r2, #255	@ 0xff
10006ab0:	f7fe f932 	bl	10004d18 <__wrap_printf>
10006ab4:	2500      	movs	r5, #0
10006ab6:	e01a      	b.n	10006aee <cdcd_open+0xd6>
10006ab8:	7821      	ldrb	r1, [r4, #0]
10006aba:	194d      	adds	r5, r1, r5
10006abc:	b2ad      	uxth	r5, r5
10006abe:	1861      	adds	r1, r4, r1
10006ac0:	1cb3      	adds	r3, r6, #2
10006ac2:	9301      	str	r3, [sp, #4]
10006ac4:	1cf3      	adds	r3, r6, #3
10006ac6:	9300      	str	r3, [sp, #0]
10006ac8:	2302      	movs	r3, #2
10006aca:	2202      	movs	r2, #2
10006acc:	9803      	ldr	r0, [sp, #12]
10006ace:	f7ff f903 	bl	10005cd8 <usbd_open_edpt_pair>
10006ad2:	2800      	cmp	r0, #0
10006ad4:	d002      	beq.n	10006adc <cdcd_open+0xc4>
10006ad6:	350e      	adds	r5, #14
10006ad8:	b2ad      	uxth	r5, r5
10006ada:	e7d4      	b.n	10006a86 <cdcd_open+0x6e>
10006adc:	22b1      	movs	r2, #177	@ 0xb1
10006ade:	4907      	ldr	r1, [pc, #28]	@ (10006afc <cdcd_open+0xe4>)
10006ae0:	4807      	ldr	r0, [pc, #28]	@ (10006b00 <cdcd_open+0xe8>)
10006ae2:	0052      	lsls	r2, r2, #1
10006ae4:	f7fe f918 	bl	10004d18 <__wrap_printf>
10006ae8:	2500      	movs	r5, #0
10006aea:	e000      	b.n	10006aee <cdcd_open+0xd6>
10006aec:	2500      	movs	r5, #0
10006aee:	0028      	movs	r0, r5
10006af0:	b005      	add	sp, #20
10006af2:	bdf0      	pop	{r4, r5, r6, r7, pc}
10006af4:	2500      	movs	r5, #0
10006af6:	e7fa      	b.n	10006aee <cdcd_open+0xd6>
10006af8:	20000ee8 	.word	0x20000ee8
10006afc:	10009408 	.word	0x10009408
10006b00:	10008c3c 	.word	0x10008c3c

10006b04 <cdcd_control_xfer_cb>:
10006b04:	b5f8      	push	{r3, r4, r5, r6, r7, lr}
10006b06:	0014      	movs	r4, r2
10006b08:	7812      	ldrb	r2, [r2, #0]
10006b0a:	2360      	movs	r3, #96	@ 0x60
10006b0c:	4013      	ands	r3, r2
10006b0e:	2b20      	cmp	r3, #32
10006b10:	d000      	beq.n	10006b14 <cdcd_control_xfer_cb+0x10>
10006b12:	e084      	b.n	10006c1e <cdcd_control_xfer_cb+0x11a>
10006b14:	2500      	movs	r5, #0
10006b16:	2d00      	cmp	r5, #0
10006b18:	d00e      	beq.n	10006b38 <cdcd_control_xfer_cb+0x34>
10006b1a:	2d00      	cmp	r5, #0
10006b1c:	d000      	beq.n	10006b20 <cdcd_control_xfer_cb+0x1c>
10006b1e:	e080      	b.n	10006c22 <cdcd_control_xfer_cb+0x11e>
10006b20:	7863      	ldrb	r3, [r4, #1]
10006b22:	2b22      	cmp	r3, #34	@ 0x22
10006b24:	d042      	beq.n	10006bac <cdcd_control_xfer_cb+0xa8>
10006b26:	d817      	bhi.n	10006b58 <cdcd_control_xfer_cb+0x54>
10006b28:	2b20      	cmp	r3, #32
10006b2a:	d01f      	beq.n	10006b6c <cdcd_control_xfer_cb+0x68>
10006b2c:	2b21      	cmp	r3, #33	@ 0x21
10006b2e:	d111      	bne.n	10006b54 <cdcd_control_xfer_cb+0x50>
10006b30:	2901      	cmp	r1, #1
10006b32:	d033      	beq.n	10006b9c <cdcd_control_xfer_cb+0x98>
10006b34:	2001      	movs	r0, #1
10006b36:	e073      	b.n	10006c20 <cdcd_control_xfer_cb+0x11c>
10006b38:	23c8      	movs	r3, #200	@ 0xc8
10006b3a:	436b      	muls	r3, r5
10006b3c:	4a3d      	ldr	r2, [pc, #244]	@ (10006c34 <cdcd_control_xfer_cb+0x130>)
10006b3e:	189e      	adds	r6, r3, r2
10006b40:	5cd2      	ldrb	r2, [r2, r3]
10006b42:	7927      	ldrb	r7, [r4, #4]
10006b44:	7963      	ldrb	r3, [r4, #5]
10006b46:	021b      	lsls	r3, r3, #8
10006b48:	433b      	orrs	r3, r7
10006b4a:	429a      	cmp	r2, r3
10006b4c:	d0e5      	beq.n	10006b1a <cdcd_control_xfer_cb+0x16>
10006b4e:	3501      	adds	r5, #1
10006b50:	b2ed      	uxtb	r5, r5
10006b52:	e7e0      	b.n	10006b16 <cdcd_control_xfer_cb+0x12>
10006b54:	2000      	movs	r0, #0
10006b56:	e063      	b.n	10006c20 <cdcd_control_xfer_cb+0x11c>
10006b58:	2b23      	cmp	r3, #35	@ 0x23
10006b5a:	d105      	bne.n	10006b68 <cdcd_control_xfer_cb+0x64>
10006b5c:	2901      	cmp	r1, #1
10006b5e:	d04d      	beq.n	10006bfc <cdcd_control_xfer_cb+0xf8>
10006b60:	2903      	cmp	r1, #3
10006b62:	d050      	beq.n	10006c06 <cdcd_control_xfer_cb+0x102>
10006b64:	2001      	movs	r0, #1
10006b66:	e05b      	b.n	10006c20 <cdcd_control_xfer_cb+0x11c>
10006b68:	2000      	movs	r0, #0
10006b6a:	e059      	b.n	10006c20 <cdcd_control_xfer_cb+0x11c>
10006b6c:	2901      	cmp	r1, #1
10006b6e:	d003      	beq.n	10006b78 <cdcd_control_xfer_cb+0x74>
10006b70:	2903      	cmp	r1, #3
10006b72:	d009      	beq.n	10006b88 <cdcd_control_xfer_cb+0x84>
10006b74:	2001      	movs	r0, #1
10006b76:	e053      	b.n	10006c20 <cdcd_control_xfer_cb+0x11c>
10006b78:	0032      	movs	r2, r6
10006b7a:	3208      	adds	r2, #8
10006b7c:	2307      	movs	r3, #7
10006b7e:	0021      	movs	r1, r4
10006b80:	f7ff fc9c 	bl	100064bc <tud_control_xfer>
10006b84:	2001      	movs	r0, #1
10006b86:	e04b      	b.n	10006c20 <cdcd_control_xfer_cb+0x11c>
10006b88:	4b2b      	ldr	r3, [pc, #172]	@ (10006c38 <cdcd_control_xfer_cb+0x134>)
10006b8a:	2b00      	cmp	r3, #0
10006b8c:	d04b      	beq.n	10006c26 <cdcd_control_xfer_cb+0x122>
10006b8e:	0031      	movs	r1, r6
10006b90:	3108      	adds	r1, #8
10006b92:	0028      	movs	r0, r5
10006b94:	f7fe f946 	bl	10004e24 <tud_cdc_line_coding_cb>
10006b98:	2001      	movs	r0, #1
10006b9a:	e041      	b.n	10006c20 <cdcd_control_xfer_cb+0x11c>
10006b9c:	0032      	movs	r2, r6
10006b9e:	3208      	adds	r2, #8
10006ba0:	2307      	movs	r3, #7
10006ba2:	0021      	movs	r1, r4
10006ba4:	f7ff fc8a 	bl	100064bc <tud_control_xfer>
10006ba8:	2001      	movs	r0, #1
10006baa:	e039      	b.n	10006c20 <cdcd_control_xfer_cb+0x11c>
10006bac:	2901      	cmp	r1, #1
10006bae:	d003      	beq.n	10006bb8 <cdcd_control_xfer_cb+0xb4>
10006bb0:	2903      	cmp	r1, #3
10006bb2:	d006      	beq.n	10006bc2 <cdcd_control_xfer_cb+0xbe>
10006bb4:	2001      	movs	r0, #1
10006bb6:	e033      	b.n	10006c20 <cdcd_control_xfer_cb+0x11c>
10006bb8:	0021      	movs	r1, r4
10006bba:	f7ff fc6b 	bl	10006494 <tud_control_status>
10006bbe:	2001      	movs	r0, #1
10006bc0:	e02e      	b.n	10006c20 <cdcd_control_xfer_cb+0x11c>
10006bc2:	78a2      	ldrb	r2, [r4, #2]
10006bc4:	78e3      	ldrb	r3, [r4, #3]
10006bc6:	021b      	lsls	r3, r3, #8
10006bc8:	4313      	orrs	r3, r2
10006bca:	2401      	movs	r4, #1
10006bcc:	0021      	movs	r1, r4
10006bce:	4019      	ands	r1, r3
10006bd0:	000c      	movs	r4, r1
10006bd2:	085a      	lsrs	r2, r3, #1
10006bd4:	2701      	movs	r7, #1
10006bd6:	4017      	ands	r7, r2
10006bd8:	7133      	strb	r3, [r6, #4]
10006bda:	424b      	negs	r3, r1
10006bdc:	4159      	adcs	r1, r3
10006bde:	b2c9      	uxtb	r1, r1
10006be0:	0030      	movs	r0, r6
10006be2:	3024      	adds	r0, #36	@ 0x24
10006be4:	f000 ff30 	bl	10007a48 <tu_fifo_set_overwritable>
10006be8:	4b14      	ldr	r3, [pc, #80]	@ (10006c3c <cdcd_control_xfer_cb+0x138>)
10006bea:	2b00      	cmp	r3, #0
10006bec:	d01d      	beq.n	10006c2a <cdcd_control_xfer_cb+0x126>
10006bee:	003a      	movs	r2, r7
10006bf0:	0021      	movs	r1, r4
10006bf2:	0028      	movs	r0, r5
10006bf4:	e000      	b.n	10006bf8 <cdcd_control_xfer_cb+0xf4>
10006bf6:	bf00      	nop
10006bf8:	2001      	movs	r0, #1
10006bfa:	e011      	b.n	10006c20 <cdcd_control_xfer_cb+0x11c>
10006bfc:	0021      	movs	r1, r4
10006bfe:	f7ff fc49 	bl	10006494 <tud_control_status>
10006c02:	2001      	movs	r0, #1
10006c04:	e00c      	b.n	10006c20 <cdcd_control_xfer_cb+0x11c>
10006c06:	4b0e      	ldr	r3, [pc, #56]	@ (10006c40 <cdcd_control_xfer_cb+0x13c>)
10006c08:	2b00      	cmp	r3, #0
10006c0a:	d010      	beq.n	10006c2e <cdcd_control_xfer_cb+0x12a>
10006c0c:	78a3      	ldrb	r3, [r4, #2]
10006c0e:	78e1      	ldrb	r1, [r4, #3]
10006c10:	0209      	lsls	r1, r1, #8
10006c12:	4319      	orrs	r1, r3
10006c14:	0028      	movs	r0, r5
10006c16:	e000      	b.n	10006c1a <cdcd_control_xfer_cb+0x116>
10006c18:	bf00      	nop
10006c1a:	2001      	movs	r0, #1
10006c1c:	e000      	b.n	10006c20 <cdcd_control_xfer_cb+0x11c>
10006c1e:	2000      	movs	r0, #0
10006c20:	bdf8      	pop	{r3, r4, r5, r6, r7, pc}
10006c22:	2000      	movs	r0, #0
10006c24:	e7fc      	b.n	10006c20 <cdcd_control_xfer_cb+0x11c>
10006c26:	2001      	movs	r0, #1
10006c28:	e7fa      	b.n	10006c20 <cdcd_control_xfer_cb+0x11c>
10006c2a:	2001      	movs	r0, #1
10006c2c:	e7f8      	b.n	10006c20 <cdcd_control_xfer_cb+0x11c>
10006c2e:	2001      	movs	r0, #1
10006c30:	e7f6      	b.n	10006c20 <cdcd_control_xfer_cb+0x11c>
10006c32:	46c0      	nop			@ (mov r8, r8)
10006c34:	20000ee8 	.word	0x20000ee8
10006c38:	10004e25 	.word	0x10004e25
	...

10006c44 <cdcd_xfer_cb>:
10006c44:	b5f0      	push	{r4, r5, r6, r7, lr}
10006c46:	46d6      	mov	lr, sl
10006c48:	4647      	mov	r7, r8
10006c4a:	b580      	push	{r7, lr}
10006c4c:	b083      	sub	sp, #12
10006c4e:	9001      	str	r0, [sp, #4]
10006c50:	000f      	movs	r7, r1
10006c52:	9300      	str	r3, [sp, #0]
10006c54:	2400      	movs	r4, #0
10006c56:	2c00      	cmp	r4, #0
10006c58:	d00f      	beq.n	10006c7a <cdcd_xfer_cb+0x36>
10006c5a:	2c00      	cmp	r4, #0
10006c5c:	d11a      	bne.n	10006c94 <cdcd_xfer_cb+0x50>
10006c5e:	46a0      	mov	r8, r4
10006c60:	78eb      	ldrb	r3, [r5, #3]
10006c62:	42bb      	cmp	r3, r7
10006c64:	d01e      	beq.n	10006ca4 <cdcd_xfer_cb+0x60>
10006c66:	78ab      	ldrb	r3, [r5, #2]
10006c68:	42bb      	cmp	r3, r7
10006c6a:	d054      	beq.n	10006d16 <cdcd_xfer_cb+0xd2>
10006c6c:	2401      	movs	r4, #1
10006c6e:	0020      	movs	r0, r4
10006c70:	b003      	add	sp, #12
10006c72:	bcc0      	pop	{r6, r7}
10006c74:	46ba      	mov	sl, r7
10006c76:	46b0      	mov	r8, r6
10006c78:	bdf0      	pop	{r4, r5, r6, r7, pc}
10006c7a:	25c8      	movs	r5, #200	@ 0xc8
10006c7c:	4365      	muls	r5, r4
10006c7e:	4b3c      	ldr	r3, [pc, #240]	@ (10006d70 <cdcd_xfer_cb+0x12c>)
10006c80:	18ed      	adds	r5, r5, r3
10006c82:	78eb      	ldrb	r3, [r5, #3]
10006c84:	42bb      	cmp	r3, r7
10006c86:	d0e8      	beq.n	10006c5a <cdcd_xfer_cb+0x16>
10006c88:	78ab      	ldrb	r3, [r5, #2]
10006c8a:	42bb      	cmp	r3, r7
10006c8c:	d0e5      	beq.n	10006c5a <cdcd_xfer_cb+0x16>
10006c8e:	3401      	adds	r4, #1
10006c90:	b2e4      	uxtb	r4, r4
10006c92:	e7e0      	b.n	10006c56 <cdcd_xfer_cb+0x12>
10006c94:	22e6      	movs	r2, #230	@ 0xe6
10006c96:	4937      	ldr	r1, [pc, #220]	@ (10006d74 <cdcd_xfer_cb+0x130>)
10006c98:	4837      	ldr	r0, [pc, #220]	@ (10006d78 <cdcd_xfer_cb+0x134>)
10006c9a:	0052      	lsls	r2, r2, #1
10006c9c:	f7fe f83c 	bl	10004d18 <__wrap_printf>
10006ca0:	2400      	movs	r4, #0
10006ca2:	e7e4      	b.n	10006c6e <cdcd_xfer_cb+0x2a>
10006ca4:	2310      	movs	r3, #16
10006ca6:	469a      	mov	sl, r3
10006ca8:	44aa      	add	sl, r5
10006caa:	01e1      	lsls	r1, r4, #7
10006cac:	4b33      	ldr	r3, [pc, #204]	@ (10006d7c <cdcd_xfer_cb+0x138>)
10006cae:	18c9      	adds	r1, r1, r3
10006cb0:	466b      	mov	r3, sp
10006cb2:	881a      	ldrh	r2, [r3, #0]
10006cb4:	4650      	mov	r0, sl
10006cb6:	f000 fea3 	bl	10007a00 <tu_fifo_write_n>
10006cba:	4b31      	ldr	r3, [pc, #196]	@ (10006d80 <cdcd_xfer_cb+0x13c>)
10006cbc:	2b00      	cmp	r3, #0
10006cbe:	d01a      	beq.n	10006cf6 <cdcd_xfer_cb+0xb2>
10006cc0:	796b      	ldrb	r3, [r5, #5]
10006cc2:	2bff      	cmp	r3, #255	@ 0xff
10006cc4:	d017      	beq.n	10006cf6 <cdcd_xfer_cb+0xb2>
10006cc6:	2600      	movs	r6, #0
10006cc8:	e000      	b.n	10006ccc <cdcd_xfer_cb+0x88>
10006cca:	3601      	adds	r6, #1
10006ccc:	9b00      	ldr	r3, [sp, #0]
10006cce:	429e      	cmp	r6, r3
10006cd0:	d211      	bcs.n	10006cf6 <cdcd_xfer_cb+0xb2>
10006cd2:	796a      	ldrb	r2, [r5, #5]
10006cd4:	4b29      	ldr	r3, [pc, #164]	@ (10006d7c <cdcd_xfer_cb+0x138>)
10006cd6:	4641      	mov	r1, r8
10006cd8:	01c9      	lsls	r1, r1, #7
10006cda:	185b      	adds	r3, r3, r1
10006cdc:	5d9b      	ldrb	r3, [r3, r6]
10006cde:	429a      	cmp	r2, r3
10006ce0:	d1f3      	bne.n	10006cca <cdcd_xfer_cb+0x86>
10006ce2:	4650      	mov	r0, sl
10006ce4:	f000 fe03 	bl	100078ee <tu_fifo_empty>
10006ce8:	2800      	cmp	r0, #0
10006cea:	d1ee      	bne.n	10006cca <cdcd_xfer_cb+0x86>
10006cec:	7969      	ldrb	r1, [r5, #5]
10006cee:	0020      	movs	r0, r4
10006cf0:	e000      	b.n	10006cf4 <cdcd_xfer_cb+0xb0>
10006cf2:	bf00      	nop
10006cf4:	e7e9      	b.n	10006cca <cdcd_xfer_cb+0x86>
10006cf6:	4b23      	ldr	r3, [pc, #140]	@ (10006d84 <cdcd_xfer_cb+0x140>)
10006cf8:	2b00      	cmp	r3, #0
10006cfa:	d004      	beq.n	10006d06 <cdcd_xfer_cb+0xc2>
10006cfc:	4650      	mov	r0, sl
10006cfe:	f000 fdf6 	bl	100078ee <tu_fifo_empty>
10006d02:	2800      	cmp	r0, #0
10006d04:	d003      	beq.n	10006d0e <cdcd_xfer_cb+0xca>
10006d06:	0020      	movs	r0, r4
10006d08:	f7ff fcb2 	bl	10006670 <_prep_out_transaction>
10006d0c:	e7ab      	b.n	10006c66 <cdcd_xfer_cb+0x22>
10006d0e:	0020      	movs	r0, r4
10006d10:	e000      	b.n	10006d14 <cdcd_xfer_cb+0xd0>
10006d12:	bf00      	nop
10006d14:	e7f7      	b.n	10006d06 <cdcd_xfer_cb+0xc2>
10006d16:	4b1c      	ldr	r3, [pc, #112]	@ (10006d88 <cdcd_xfer_cb+0x144>)
10006d18:	2b00      	cmp	r3, #0
10006d1a:	d002      	beq.n	10006d22 <cdcd_xfer_cb+0xde>
10006d1c:	0020      	movs	r0, r4
10006d1e:	e000      	b.n	10006d22 <cdcd_xfer_cb+0xde>
10006d20:	bf00      	nop
10006d22:	0020      	movs	r0, r4
10006d24:	f7ff fd38 	bl	10006798 <tud_cdc_n_write_flush>
10006d28:	2800      	cmp	r0, #0
10006d2a:	d001      	beq.n	10006d30 <cdcd_xfer_cb+0xec>
10006d2c:	2401      	movs	r4, #1
10006d2e:	e79e      	b.n	10006c6e <cdcd_xfer_cb+0x2a>
10006d30:	0028      	movs	r0, r5
10006d32:	3024      	adds	r0, #36	@ 0x24
10006d34:	f000 fdc6 	bl	100078c4 <tu_fifo_count>
10006d38:	2800      	cmp	r0, #0
10006d3a:	d115      	bne.n	10006d68 <cdcd_xfer_cb+0x124>
10006d3c:	9b00      	ldr	r3, [sp, #0]
10006d3e:	2b00      	cmp	r3, #0
10006d40:	d014      	beq.n	10006d6c <cdcd_xfer_cb+0x128>
10006d42:	069e      	lsls	r6, r3, #26
10006d44:	d001      	beq.n	10006d4a <cdcd_xfer_cb+0x106>
10006d46:	2401      	movs	r4, #1
10006d48:	e791      	b.n	10006c6e <cdcd_xfer_cb+0x2a>
10006d4a:	78a9      	ldrb	r1, [r5, #2]
10006d4c:	9801      	ldr	r0, [sp, #4]
10006d4e:	f7ff f807 	bl	10005d60 <usbd_edpt_claim>
10006d52:	1e04      	subs	r4, r0, #0
10006d54:	d101      	bne.n	10006d5a <cdcd_xfer_cb+0x116>
10006d56:	2401      	movs	r4, #1
10006d58:	e789      	b.n	10006c6e <cdcd_xfer_cb+0x2a>
10006d5a:	78a9      	ldrb	r1, [r5, #2]
10006d5c:	2300      	movs	r3, #0
10006d5e:	2200      	movs	r2, #0
10006d60:	9801      	ldr	r0, [sp, #4]
10006d62:	f7ff f825 	bl	10005db0 <usbd_edpt_xfer>
10006d66:	e782      	b.n	10006c6e <cdcd_xfer_cb+0x2a>
10006d68:	2401      	movs	r4, #1
10006d6a:	e780      	b.n	10006c6e <cdcd_xfer_cb+0x2a>
10006d6c:	2401      	movs	r4, #1
10006d6e:	e77e      	b.n	10006c6e <cdcd_xfer_cb+0x2a>
10006d70:	20000ee8 	.word	0x20000ee8
10006d74:	100093f8 	.word	0x100093f8
10006d78:	10008c3c 	.word	0x10008c3c
10006d7c:	20000e64 	.word	0x20000e64
	...

10006d8c <tud_vendor_n_mounted>:
10006d8c:	2800      	cmp	r0, #0
10006d8e:	d117      	bne.n	10006dc0 <tud_vendor_n_mounted+0x34>
10006d90:	4b0c      	ldr	r3, [pc, #48]	@ (10006dc4 <tud_vendor_n_mounted+0x38>)
10006d92:	2293      	movs	r2, #147	@ 0x93
10006d94:	0092      	lsls	r2, r2, #2
10006d96:	4342      	muls	r2, r0
10006d98:	189b      	adds	r3, r3, r2
10006d9a:	332a      	adds	r3, #42	@ 0x2a
10006d9c:	33ff      	adds	r3, #255	@ 0xff
10006d9e:	781b      	ldrb	r3, [r3, #0]
10006da0:	2b00      	cmp	r3, #0
10006da2:	d109      	bne.n	10006db8 <tud_vendor_n_mounted+0x2c>
10006da4:	4b07      	ldr	r3, [pc, #28]	@ (10006dc4 <tud_vendor_n_mounted+0x38>)
10006da6:	2293      	movs	r2, #147	@ 0x93
10006da8:	0092      	lsls	r2, r2, #2
10006daa:	4342      	muls	r2, r0
10006dac:	189b      	adds	r3, r3, r2
10006dae:	795b      	ldrb	r3, [r3, #5]
10006db0:	2b00      	cmp	r3, #0
10006db2:	d003      	beq.n	10006dbc <tud_vendor_n_mounted+0x30>
10006db4:	3001      	adds	r0, #1
10006db6:	e004      	b.n	10006dc2 <tud_vendor_n_mounted+0x36>
10006db8:	2001      	movs	r0, #1
10006dba:	e002      	b.n	10006dc2 <tud_vendor_n_mounted+0x36>
10006dbc:	2000      	movs	r0, #0
10006dbe:	e000      	b.n	10006dc2 <tud_vendor_n_mounted+0x36>
10006dc0:	2000      	movs	r0, #0
10006dc2:	4770      	bx	lr
10006dc4:	200011ac 	.word	0x200011ac

10006dc8 <tud_vendor_n_write_flush>:
10006dc8:	b510      	push	{r4, lr}
10006dca:	2800      	cmp	r0, #0
10006dcc:	d001      	beq.n	10006dd2 <tud_vendor_n_write_flush+0xa>
10006dce:	2000      	movs	r0, #0
10006dd0:	bd10      	pop	{r4, pc}
10006dd2:	2193      	movs	r1, #147	@ 0x93
10006dd4:	0089      	lsls	r1, r1, #2
10006dd6:	4341      	muls	r1, r0
10006dd8:	4b02      	ldr	r3, [pc, #8]	@ (10006de4 <tud_vendor_n_write_flush+0x1c>)
10006dda:	18c9      	adds	r1, r1, r3
10006ddc:	3104      	adds	r1, #4
10006dde:	f000 fb03 	bl	100073e8 <tu_edpt_stream_write_xfer>
10006de2:	e7f5      	b.n	10006dd0 <tud_vendor_n_write_flush+0x8>
10006de4:	200011ac 	.word	0x200011ac

10006de8 <vendord_init>:
10006de8:	b5f0      	push	{r4, r5, r6, r7, lr}
10006dea:	46d6      	mov	lr, sl
10006dec:	464f      	mov	r7, r9
10006dee:	4646      	mov	r6, r8
10006df0:	b5c0      	push	{r6, r7, lr}
10006df2:	b084      	sub	sp, #16
10006df4:	4821      	ldr	r0, [pc, #132]	@ (10006e7c <vendord_init+0x94>)
10006df6:	2293      	movs	r2, #147	@ 0x93
10006df8:	0092      	lsls	r2, r2, #2
10006dfa:	2100      	movs	r1, #0
10006dfc:	f7fc fd30 	bl	10003860 <__wrap_memset>
10006e00:	2500      	movs	r5, #0
10006e02:	2d00      	cmp	r5, #0
10006e04:	d005      	beq.n	10006e12 <vendord_init+0x2a>
10006e06:	b004      	add	sp, #16
10006e08:	bce0      	pop	{r5, r6, r7}
10006e0a:	46ba      	mov	sl, r7
10006e0c:	46b1      	mov	r9, r6
10006e0e:	46a8      	mov	r8, r5
10006e10:	bdf0      	pop	{r4, r5, r6, r7, pc}
10006e12:	2493      	movs	r4, #147	@ 0x93
10006e14:	00a4      	lsls	r4, r4, #2
10006e16:	436c      	muls	r4, r5
10006e18:	0023      	movs	r3, r4
10006e1a:	3349      	adds	r3, #73	@ 0x49
10006e1c:	33ff      	adds	r3, #255	@ 0xff
10006e1e:	4a17      	ldr	r2, [pc, #92]	@ (10006e7c <vendord_init+0x94>)
10006e20:	4691      	mov	r9, r2
10006e22:	444b      	add	r3, r9
10006e24:	3304      	adds	r3, #4
10006e26:	01ee      	lsls	r6, r5, #7
10006e28:	4a15      	ldr	r2, [pc, #84]	@ (10006e80 <vendord_init+0x98>)
10006e2a:	4692      	mov	sl, r2
10006e2c:	18b2      	adds	r2, r6, r2
10006e2e:	0020      	movs	r0, r4
10006e30:	3029      	adds	r0, #41	@ 0x29
10006e32:	30ff      	adds	r0, #255	@ 0xff
10006e34:	4448      	add	r0, r9
10006e36:	2140      	movs	r1, #64	@ 0x40
10006e38:	4688      	mov	r8, r1
10006e3a:	9103      	str	r1, [sp, #12]
10006e3c:	9202      	str	r2, [sp, #8]
10006e3e:	2780      	movs	r7, #128	@ 0x80
10006e40:	007f      	lsls	r7, r7, #1
10006e42:	9701      	str	r7, [sp, #4]
10006e44:	9300      	str	r3, [sp, #0]
10006e46:	2300      	movs	r3, #0
10006e48:	2200      	movs	r2, #0
10006e4a:	2100      	movs	r1, #0
10006e4c:	f000 fa59 	bl	10007302 <tu_edpt_stream_init>
10006e50:	0023      	movs	r3, r4
10006e52:	3320      	adds	r3, #32
10006e54:	444b      	add	r3, r9
10006e56:	3308      	adds	r3, #8
10006e58:	3640      	adds	r6, #64	@ 0x40
10006e5a:	4456      	add	r6, sl
10006e5c:	0020      	movs	r0, r4
10006e5e:	4448      	add	r0, r9
10006e60:	3004      	adds	r0, #4
10006e62:	4642      	mov	r2, r8
10006e64:	9203      	str	r2, [sp, #12]
10006e66:	9602      	str	r6, [sp, #8]
10006e68:	9701      	str	r7, [sp, #4]
10006e6a:	9300      	str	r3, [sp, #0]
10006e6c:	2300      	movs	r3, #0
10006e6e:	3a3f      	subs	r2, #63	@ 0x3f
10006e70:	2100      	movs	r1, #0
10006e72:	f000 fa46 	bl	10007302 <tu_edpt_stream_init>
10006e76:	3501      	adds	r5, #1
10006e78:	b2ed      	uxtb	r5, r5
10006e7a:	e7c2      	b.n	10006e02 <vendord_init+0x1a>
10006e7c:	200011ac 	.word	0x200011ac
10006e80:	2000112c 	.word	0x2000112c

10006e84 <vendord_deinit>:
10006e84:	b570      	push	{r4, r5, r6, lr}
10006e86:	2500      	movs	r5, #0
10006e88:	2d00      	cmp	r5, #0
10006e8a:	d001      	beq.n	10006e90 <vendord_deinit+0xc>
10006e8c:	2001      	movs	r0, #1
10006e8e:	bd70      	pop	{r4, r5, r6, pc}
10006e90:	2493      	movs	r4, #147	@ 0x93
10006e92:	00a4      	lsls	r4, r4, #2
10006e94:	436c      	muls	r4, r5
10006e96:	0020      	movs	r0, r4
10006e98:	3029      	adds	r0, #41	@ 0x29
10006e9a:	30ff      	adds	r0, #255	@ 0xff
10006e9c:	4e05      	ldr	r6, [pc, #20]	@ (10006eb4 <vendord_deinit+0x30>)
10006e9e:	1980      	adds	r0, r0, r6
10006ea0:	f000 fa60 	bl	10007364 <tu_edpt_stream_deinit>
10006ea4:	19a0      	adds	r0, r4, r6
10006ea6:	3004      	adds	r0, #4
10006ea8:	f000 fa5c 	bl	10007364 <tu_edpt_stream_deinit>
10006eac:	3501      	adds	r5, #1
10006eae:	b2ed      	uxtb	r5, r5
10006eb0:	e7ea      	b.n	10006e88 <vendord_deinit+0x4>
10006eb2:	46c0      	nop			@ (mov r8, r8)
10006eb4:	200011ac 	.word	0x200011ac

10006eb8 <vendord_reset>:
10006eb8:	b5f0      	push	{r4, r5, r6, r7, lr}
10006eba:	46c6      	mov	lr, r8
10006ebc:	b500      	push	{lr}
10006ebe:	2500      	movs	r5, #0
10006ec0:	2d00      	cmp	r5, #0
10006ec2:	d002      	beq.n	10006eca <vendord_reset+0x12>
10006ec4:	bc80      	pop	{r7}
10006ec6:	46b8      	mov	r8, r7
10006ec8:	bdf0      	pop	{r4, r5, r6, r7, pc}
10006eca:	2493      	movs	r4, #147	@ 0x93
10006ecc:	00a4      	lsls	r4, r4, #2
10006ece:	436c      	muls	r4, r5
10006ed0:	4b0c      	ldr	r3, [pc, #48]	@ (10006f04 <vendord_reset+0x4c>)
10006ed2:	4698      	mov	r8, r3
10006ed4:	18e6      	adds	r6, r4, r3
10006ed6:	2700      	movs	r7, #0
10006ed8:	7037      	strb	r7, [r6, #0]
10006eda:	0020      	movs	r0, r4
10006edc:	3031      	adds	r0, #49	@ 0x31
10006ede:	30ff      	adds	r0, #255	@ 0xff
10006ee0:	4440      	add	r0, r8
10006ee2:	f000 fd92 	bl	10007a0a <tu_fifo_clear>
10006ee6:	3408      	adds	r4, #8
10006ee8:	0020      	movs	r0, r4
10006eea:	4440      	add	r0, r8
10006eec:	3004      	adds	r0, #4
10006eee:	f000 fd8c 	bl	10007a0a <tu_fifo_clear>
10006ef2:	0033      	movs	r3, r6
10006ef4:	332a      	adds	r3, #42	@ 0x2a
10006ef6:	33ff      	adds	r3, #255	@ 0xff
10006ef8:	701f      	strb	r7, [r3, #0]
10006efa:	7177      	strb	r7, [r6, #5]
10006efc:	3501      	adds	r5, #1
10006efe:	b2ed      	uxtb	r5, r5
10006f00:	e7de      	b.n	10006ec0 <vendord_reset+0x8>
10006f02:	46c0      	nop			@ (mov r8, r8)
10006f04:	200011ac 	.word	0x200011ac

10006f08 <vendord_open>:
10006f08:	b5f0      	push	{r4, r5, r6, r7, lr}
10006f0a:	46c6      	mov	lr, r8
10006f0c:	b500      	push	{lr}
10006f0e:	b082      	sub	sp, #8
10006f10:	9001      	str	r0, [sp, #4]
10006f12:	000f      	movs	r7, r1
10006f14:	794b      	ldrb	r3, [r1, #5]
10006f16:	2bff      	cmp	r3, #255	@ 0xff
10006f18:	d000      	beq.n	10006f1c <vendord_open+0x14>
10006f1a:	e08c      	b.n	10007036 <vendord_open+0x12e>
10006f1c:	780c      	ldrb	r4, [r1, #0]
10006f1e:	190c      	adds	r4, r1, r4
10006f20:	18a5      	adds	r5, r4, r2
10006f22:	2600      	movs	r6, #0
10006f24:	2e00      	cmp	r6, #0
10006f26:	d001      	beq.n	10006f2c <vendord_open+0x24>
10006f28:	2000      	movs	r0, #0
10006f2a:	e085      	b.n	10007038 <vendord_open+0x130>
10006f2c:	0030      	movs	r0, r6
10006f2e:	f7ff ff2d 	bl	10006d8c <tud_vendor_n_mounted>
10006f32:	2800      	cmp	r0, #0
10006f34:	d002      	beq.n	10006f3c <vendord_open+0x34>
10006f36:	3601      	adds	r6, #1
10006f38:	b2f6      	uxtb	r6, r6
10006f3a:	e7f3      	b.n	10006f24 <vendord_open+0x1c>
10006f3c:	2393      	movs	r3, #147	@ 0x93
10006f3e:	009b      	lsls	r3, r3, #2
10006f40:	4373      	muls	r3, r6
10006f42:	4a3f      	ldr	r2, [pc, #252]	@ (10007040 <vendord_open+0x138>)
10006f44:	4698      	mov	r8, r3
10006f46:	4490      	add	r8, r2
10006f48:	78bb      	ldrb	r3, [r7, #2]
10006f4a:	4642      	mov	r2, r8
10006f4c:	7013      	strb	r3, [r2, #0]
10006f4e:	e033      	b.n	10006fb8 <vendord_open+0xb0>
10006f50:	42ac      	cmp	r4, r5
10006f52:	d26d      	bcs.n	10007030 <vendord_open+0x128>
10006f54:	0021      	movs	r1, r4
10006f56:	9801      	ldr	r0, [sp, #4]
10006f58:	f7fe fe8e 	bl	10005c78 <usbd_edpt_open>
10006f5c:	2800      	cmp	r0, #0
10006f5e:	d036      	beq.n	10006fce <vendord_open+0xc6>
10006f60:	3601      	adds	r6, #1
10006f62:	b2f6      	uxtb	r6, r6
10006f64:	78a3      	ldrb	r3, [r4, #2]
10006f66:	09db      	lsrs	r3, r3, #7
10006f68:	2b01      	cmp	r3, #1
10006f6a:	d037      	beq.n	10006fdc <vendord_open+0xd4>
10006f6c:	4640      	mov	r0, r8
10006f6e:	3031      	adds	r0, #49	@ 0x31
10006f70:	30ff      	adds	r0, #255	@ 0xff
10006f72:	f000 fd4a 	bl	10007a0a <tu_fifo_clear>
10006f76:	78a1      	ldrb	r1, [r4, #2]
10006f78:	2294      	movs	r2, #148	@ 0x94
10006f7a:	0052      	lsls	r2, r2, #1
10006f7c:	4643      	mov	r3, r8
10006f7e:	189b      	adds	r3, r3, r2
10006f80:	7059      	strb	r1, [r3, #1]
10006f82:	7921      	ldrb	r1, [r4, #4]
10006f84:	7963      	ldrb	r3, [r4, #5]
10006f86:	021b      	lsls	r3, r3, #8
10006f88:	430b      	orrs	r3, r1
10006f8a:	055b      	lsls	r3, r3, #21
10006f8c:	0d5b      	lsrs	r3, r3, #21
10006f8e:	492d      	ldr	r1, [pc, #180]	@ (10007044 <vendord_open+0x13c>)
10006f90:	468c      	mov	ip, r1
10006f92:	4463      	add	r3, ip
10006f94:	4259      	negs	r1, r3
10006f96:	414b      	adcs	r3, r1
10006f98:	005b      	lsls	r3, r3, #1
10006f9a:	4641      	mov	r1, r8
10006f9c:	5c89      	ldrb	r1, [r1, r2]
10006f9e:	2002      	movs	r0, #2
10006fa0:	4381      	bics	r1, r0
10006fa2:	430b      	orrs	r3, r1
10006fa4:	4641      	mov	r1, r8
10006fa6:	548b      	strb	r3, [r1, r2]
10006fa8:	1889      	adds	r1, r1, r2
10006faa:	9801      	ldr	r0, [sp, #4]
10006fac:	f000 fa5e 	bl	1000746c <tu_edpt_stream_read_xfer>
10006fb0:	2800      	cmp	r0, #0
10006fb2:	d036      	beq.n	10007022 <vendord_open+0x11a>
10006fb4:	7823      	ldrb	r3, [r4, #0]
10006fb6:	18e4      	adds	r4, r4, r3
10006fb8:	793b      	ldrb	r3, [r7, #4]
10006fba:	42b3      	cmp	r3, r6
10006fbc:	d938      	bls.n	10007030 <vendord_open+0x128>
10006fbe:	7863      	ldrb	r3, [r4, #1]
10006fc0:	2b05      	cmp	r3, #5
10006fc2:	d0c5      	beq.n	10006f50 <vendord_open+0x48>
10006fc4:	42ac      	cmp	r4, r5
10006fc6:	d2c3      	bcs.n	10006f50 <vendord_open+0x48>
10006fc8:	7823      	ldrb	r3, [r4, #0]
10006fca:	18e4      	adds	r4, r4, r3
10006fcc:	e7f7      	b.n	10006fbe <vendord_open+0xb6>
10006fce:	491e      	ldr	r1, [pc, #120]	@ (10007048 <vendord_open+0x140>)
10006fd0:	481e      	ldr	r0, [pc, #120]	@ (1000704c <vendord_open+0x144>)
10006fd2:	22e0      	movs	r2, #224	@ 0xe0
10006fd4:	f7fd fea0 	bl	10004d18 <__wrap_printf>
10006fd8:	2000      	movs	r0, #0
10006fda:	e02d      	b.n	10007038 <vendord_open+0x130>
10006fdc:	4640      	mov	r0, r8
10006fde:	300c      	adds	r0, #12
10006fe0:	f000 fd13 	bl	10007a0a <tu_fifo_clear>
10006fe4:	78a3      	ldrb	r3, [r4, #2]
10006fe6:	4642      	mov	r2, r8
10006fe8:	7153      	strb	r3, [r2, #5]
10006fea:	7922      	ldrb	r2, [r4, #4]
10006fec:	7963      	ldrb	r3, [r4, #5]
10006fee:	021b      	lsls	r3, r3, #8
10006ff0:	4313      	orrs	r3, r2
10006ff2:	055b      	lsls	r3, r3, #21
10006ff4:	0d5b      	lsrs	r3, r3, #21
10006ff6:	4a13      	ldr	r2, [pc, #76]	@ (10007044 <vendord_open+0x13c>)
10006ff8:	4694      	mov	ip, r2
10006ffa:	4463      	add	r3, ip
10006ffc:	425a      	negs	r2, r3
10006ffe:	4153      	adcs	r3, r2
10007000:	005b      	lsls	r3, r3, #1
10007002:	4642      	mov	r2, r8
10007004:	7912      	ldrb	r2, [r2, #4]
10007006:	2102      	movs	r1, #2
10007008:	438a      	bics	r2, r1
1000700a:	4313      	orrs	r3, r2
1000700c:	4642      	mov	r2, r8
1000700e:	7113      	strb	r3, [r2, #4]
10007010:	4b0b      	ldr	r3, [pc, #44]	@ (10007040 <vendord_open+0x138>)
10007012:	1ad3      	subs	r3, r2, r3
10007014:	109b      	asrs	r3, r3, #2
10007016:	480e      	ldr	r0, [pc, #56]	@ (10007050 <vendord_open+0x148>)
10007018:	4358      	muls	r0, r3
1000701a:	b2c0      	uxtb	r0, r0
1000701c:	f7ff fed4 	bl	10006dc8 <tud_vendor_n_write_flush>
10007020:	e7c8      	b.n	10006fb4 <vendord_open+0xac>
10007022:	4909      	ldr	r1, [pc, #36]	@ (10007048 <vendord_open+0x140>)
10007024:	4809      	ldr	r0, [pc, #36]	@ (1000704c <vendord_open+0x144>)
10007026:	22e8      	movs	r2, #232	@ 0xe8
10007028:	f7fd fe76 	bl	10004d18 <__wrap_printf>
1000702c:	2000      	movs	r0, #0
1000702e:	e003      	b.n	10007038 <vendord_open+0x130>
10007030:	1be0      	subs	r0, r4, r7
10007032:	b280      	uxth	r0, r0
10007034:	e000      	b.n	10007038 <vendord_open+0x130>
10007036:	2000      	movs	r0, #0
10007038:	b002      	add	sp, #8
1000703a:	bc80      	pop	{r7}
1000703c:	46b8      	mov	r8, r7
1000703e:	bdf0      	pop	{r4, r5, r6, r7, pc}
10007040:	200011ac 	.word	0x200011ac
10007044:	fffffe00 	.word	0xfffffe00
10007048:	1000942c 	.word	0x1000942c
1000704c:	10008c3c 	.word	0x10008c3c
10007050:	08b51d9b 	.word	0x08b51d9b

10007054 <vendord_xfer_cb>:
10007054:	b5f0      	push	{r4, r5, r6, r7, lr}
10007056:	b083      	sub	sp, #12
10007058:	0006      	movs	r6, r0
1000705a:	001d      	movs	r5, r3
1000705c:	2400      	movs	r4, #0
1000705e:	2c00      	cmp	r4, #0
10007060:	d00c      	beq.n	1000707c <vendord_xfer_cb+0x28>
10007062:	2c00      	cmp	r4, #0
10007064:	d157      	bne.n	10007116 <vendord_xfer_cb+0xc2>
10007066:	9401      	str	r4, [sp, #4]
10007068:	232a      	movs	r3, #42	@ 0x2a
1000706a:	33ff      	adds	r3, #255	@ 0xff
1000706c:	5cfb      	ldrb	r3, [r7, r3]
1000706e:	428b      	cmp	r3, r1
10007070:	d015      	beq.n	1000709e <vendord_xfer_cb+0x4a>
10007072:	797b      	ldrb	r3, [r7, #5]
10007074:	428b      	cmp	r3, r1
10007076:	d036      	beq.n	100070e6 <vendord_xfer_cb+0x92>
10007078:	2001      	movs	r0, #1
1000707a:	e04d      	b.n	10007118 <vendord_xfer_cb+0xc4>
1000707c:	2393      	movs	r3, #147	@ 0x93
1000707e:	009b      	lsls	r3, r3, #2
10007080:	4363      	muls	r3, r4
10007082:	4f26      	ldr	r7, [pc, #152]	@ (1000711c <vendord_xfer_cb+0xc8>)
10007084:	19df      	adds	r7, r3, r7
10007086:	003b      	movs	r3, r7
10007088:	332a      	adds	r3, #42	@ 0x2a
1000708a:	33ff      	adds	r3, #255	@ 0xff
1000708c:	781b      	ldrb	r3, [r3, #0]
1000708e:	428b      	cmp	r3, r1
10007090:	d0e7      	beq.n	10007062 <vendord_xfer_cb+0xe>
10007092:	797b      	ldrb	r3, [r7, #5]
10007094:	428b      	cmp	r3, r1
10007096:	d0e4      	beq.n	10007062 <vendord_xfer_cb+0xe>
10007098:	3401      	adds	r4, #1
1000709a:	b2e4      	uxtb	r4, r4
1000709c:	e7df      	b.n	1000705e <vendord_xfer_cb+0xa>
1000709e:	003b      	movs	r3, r7
100070a0:	3331      	adds	r3, #49	@ 0x31
100070a2:	33ff      	adds	r3, #255	@ 0xff
100070a4:	889b      	ldrh	r3, [r3, #4]
100070a6:	2b00      	cmp	r3, #0
100070a8:	d112      	bne.n	100070d0 <vendord_xfer_cb+0x7c>
100070aa:	4b1d      	ldr	r3, [pc, #116]	@ (10007120 <vendord_xfer_cb+0xcc>)
100070ac:	2b00      	cmp	r3, #0
100070ae:	d007      	beq.n	100070c0 <vendord_xfer_cb+0x6c>
100070b0:	9b01      	ldr	r3, [sp, #4]
100070b2:	01d9      	lsls	r1, r3, #7
100070b4:	4b1b      	ldr	r3, [pc, #108]	@ (10007124 <vendord_xfer_cb+0xd0>)
100070b6:	18c9      	adds	r1, r1, r3
100070b8:	b2aa      	uxth	r2, r5
100070ba:	0020      	movs	r0, r4
100070bc:	e000      	b.n	100070c0 <vendord_xfer_cb+0x6c>
100070be:	bf00      	nop
100070c0:	0039      	movs	r1, r7
100070c2:	3129      	adds	r1, #41	@ 0x29
100070c4:	31ff      	adds	r1, #255	@ 0xff
100070c6:	0030      	movs	r0, r6
100070c8:	f000 f9d0 	bl	1000746c <tu_edpt_stream_read_xfer>
100070cc:	2001      	movs	r0, #1
100070ce:	e023      	b.n	10007118 <vendord_xfer_cb+0xc4>
100070d0:	003b      	movs	r3, r7
100070d2:	3329      	adds	r3, #41	@ 0x29
100070d4:	33ff      	adds	r3, #255	@ 0xff
100070d6:	6859      	ldr	r1, [r3, #4]
100070d8:	b2aa      	uxth	r2, r5
100070da:	0038      	movs	r0, r7
100070dc:	3031      	adds	r0, #49	@ 0x31
100070de:	30ff      	adds	r0, #255	@ 0xff
100070e0:	f000 fc8e 	bl	10007a00 <tu_fifo_write_n>
100070e4:	e7e1      	b.n	100070aa <vendord_xfer_cb+0x56>
100070e6:	4b10      	ldr	r3, [pc, #64]	@ (10007128 <vendord_xfer_cb+0xd4>)
100070e8:	2b00      	cmp	r3, #0
100070ea:	d004      	beq.n	100070f6 <vendord_xfer_cb+0xa2>
100070ec:	0429      	lsls	r1, r5, #16
100070ee:	0c09      	lsrs	r1, r1, #16
100070f0:	0020      	movs	r0, r4
100070f2:	e000      	b.n	100070f6 <vendord_xfer_cb+0xa2>
100070f4:	bf00      	nop
100070f6:	1d3c      	adds	r4, r7, #4
100070f8:	0021      	movs	r1, r4
100070fa:	0030      	movs	r0, r6
100070fc:	f000 f974 	bl	100073e8 <tu_edpt_stream_write_xfer>
10007100:	2800      	cmp	r0, #0
10007102:	d001      	beq.n	10007108 <vendord_xfer_cb+0xb4>
10007104:	2001      	movs	r0, #1
10007106:	e007      	b.n	10007118 <vendord_xfer_cb+0xc4>
10007108:	002a      	movs	r2, r5
1000710a:	0021      	movs	r1, r4
1000710c:	0030      	movs	r0, r6
1000710e:	f000 f92b 	bl	10007368 <tu_edpt_stream_write_zlp_if_needed>
10007112:	2001      	movs	r0, #1
10007114:	e000      	b.n	10007118 <vendord_xfer_cb+0xc4>
10007116:	2000      	movs	r0, #0
10007118:	b003      	add	sp, #12
1000711a:	bdf0      	pop	{r4, r5, r6, r7, pc}
1000711c:	200011ac 	.word	0x200011ac
10007120:	00000000 	.word	0x00000000
10007124:	2000112c 	.word	0x2000112c
10007128:	00000000 	.word	0x00000000

1000712c <tusb_rhport_init>:
1000712c:	b510      	push	{r4, lr}
1000712e:	b082      	sub	sp, #8
10007130:	2900      	cmp	r1, #0
10007132:	d00a      	beq.n	1000714a <tusb_rhport_init+0x1e>
10007134:	2801      	cmp	r0, #1
10007136:	d81d      	bhi.n	10007174 <tusb_rhport_init+0x48>
10007138:	780b      	ldrb	r3, [r1, #0]
1000713a:	2b00      	cmp	r3, #0
1000713c:	d01a      	beq.n	10007174 <tusb_rhport_init+0x48>
1000713e:	4a17      	ldr	r2, [pc, #92]	@ (1000719c <tusb_rhport_init+0x70>)
10007140:	5413      	strb	r3, [r2, r0]
10007142:	2b01      	cmp	r3, #1
10007144:	d01f      	beq.n	10007186 <tusb_rhport_init+0x5a>
10007146:	2401      	movs	r4, #1
10007148:	e01a      	b.n	10007180 <tusb_rhport_init+0x54>
1000714a:	2301      	movs	r3, #1
1000714c:	466a      	mov	r2, sp
1000714e:	7113      	strb	r3, [r2, #4]
10007150:	2300      	movs	r3, #0
10007152:	7153      	strb	r3, [r2, #5]
10007154:	a901      	add	r1, sp, #4
10007156:	2000      	movs	r0, #0
10007158:	f7fe fd0e 	bl	10005b78 <tud_rhport_init>
1000715c:	1e04      	subs	r4, r0, #0
1000715e:	d003      	beq.n	10007168 <tusb_rhport_init+0x3c>
10007160:	4b0e      	ldr	r3, [pc, #56]	@ (1000719c <tusb_rhport_init+0x70>)
10007162:	2201      	movs	r2, #1
10007164:	701a      	strb	r2, [r3, #0]
10007166:	e00b      	b.n	10007180 <tusb_rhport_init+0x54>
10007168:	490d      	ldr	r1, [pc, #52]	@ (100071a0 <tusb_rhport_init+0x74>)
1000716a:	480e      	ldr	r0, [pc, #56]	@ (100071a4 <tusb_rhport_init+0x78>)
1000716c:	2247      	movs	r2, #71	@ 0x47
1000716e:	f7fd fdd3 	bl	10004d18 <__wrap_printf>
10007172:	e005      	b.n	10007180 <tusb_rhport_init+0x54>
10007174:	490a      	ldr	r1, [pc, #40]	@ (100071a0 <tusb_rhport_init+0x74>)
10007176:	480b      	ldr	r0, [pc, #44]	@ (100071a4 <tusb_rhport_init+0x78>)
10007178:	225a      	movs	r2, #90	@ 0x5a
1000717a:	f7fd fdcd 	bl	10004d18 <__wrap_printf>
1000717e:	2400      	movs	r4, #0
10007180:	0020      	movs	r0, r4
10007182:	b002      	add	sp, #8
10007184:	bd10      	pop	{r4, pc}
10007186:	f7fe fcf7 	bl	10005b78 <tud_rhport_init>
1000718a:	1e04      	subs	r4, r0, #0
1000718c:	d1f8      	bne.n	10007180 <tusb_rhport_init+0x54>
1000718e:	4904      	ldr	r1, [pc, #16]	@ (100071a0 <tusb_rhport_init+0x74>)
10007190:	4804      	ldr	r0, [pc, #16]	@ (100071a4 <tusb_rhport_init+0x78>)
10007192:	225f      	movs	r2, #95	@ 0x5f
10007194:	f7fd fdc0 	bl	10004d18 <__wrap_printf>
10007198:	e7f2      	b.n	10007180 <tusb_rhport_init+0x54>
1000719a:	46c0      	nop			@ (mov r8, r8)
1000719c:	20001004 	.word	0x20001004
100071a0:	100094ac 	.word	0x100094ac
100071a4:	10008c3c 	.word	0x10008c3c

100071a8 <tu_edpt_claim>:
100071a8:	b570      	push	{r4, r5, r6, lr}
100071aa:	0004      	movs	r4, r0
100071ac:	000d      	movs	r5, r1
100071ae:	7803      	ldrb	r3, [r0, #0]
100071b0:	07db      	lsls	r3, r3, #31
100071b2:	0fd8      	lsrs	r0, r3, #31
100071b4:	2b00      	cmp	r3, #0
100071b6:	d11d      	bne.n	100071f4 <tu_edpt_claim+0x4c>
100071b8:	7823      	ldrb	r3, [r4, #0]
100071ba:	075b      	lsls	r3, r3, #29
100071bc:	0fde      	lsrs	r6, r3, #31
100071be:	2b00      	cmp	r3, #0
100071c0:	db19      	blt.n	100071f6 <tu_edpt_claim+0x4e>
100071c2:	2101      	movs	r1, #1
100071c4:	4249      	negs	r1, r1
100071c6:	0028      	movs	r0, r5
100071c8:	f000 fec2 	bl	10007f50 <__mutex_enter_timeout_ms_veneer>
100071cc:	7823      	ldrb	r3, [r4, #0]
100071ce:	07db      	lsls	r3, r3, #31
100071d0:	0fda      	lsrs	r2, r3, #31
100071d2:	2b00      	cmp	r3, #0
100071d4:	d107      	bne.n	100071e6 <tu_edpt_claim+0x3e>
100071d6:	7823      	ldrb	r3, [r4, #0]
100071d8:	075b      	lsls	r3, r3, #29
100071da:	d409      	bmi.n	100071f0 <tu_edpt_claim+0x48>
100071dc:	7823      	ldrb	r3, [r4, #0]
100071de:	2204      	movs	r2, #4
100071e0:	4313      	orrs	r3, r2
100071e2:	7023      	strb	r3, [r4, #0]
100071e4:	2601      	movs	r6, #1
100071e6:	0028      	movs	r0, r5
100071e8:	f000 fe92 	bl	10007f10 <__mutex_exit_veneer>
100071ec:	0030      	movs	r0, r6
100071ee:	e002      	b.n	100071f6 <tu_edpt_claim+0x4e>
100071f0:	0016      	movs	r6, r2
100071f2:	e7f8      	b.n	100071e6 <tu_edpt_claim+0x3e>
100071f4:	2000      	movs	r0, #0
100071f6:	bd70      	pop	{r4, r5, r6, pc}

100071f8 <tu_edpt_release>:
100071f8:	b570      	push	{r4, r5, r6, lr}
100071fa:	0006      	movs	r6, r0
100071fc:	000c      	movs	r4, r1
100071fe:	2101      	movs	r1, #1
10007200:	4249      	negs	r1, r1
10007202:	0020      	movs	r0, r4
10007204:	f000 fea4 	bl	10007f50 <__mutex_enter_timeout_ms_veneer>
10007208:	7833      	ldrb	r3, [r6, #0]
1000720a:	075b      	lsls	r3, r3, #29
1000720c:	0fdd      	lsrs	r5, r3, #31
1000720e:	2b00      	cmp	r3, #0
10007210:	db04      	blt.n	1000721c <tu_edpt_release+0x24>
10007212:	0020      	movs	r0, r4
10007214:	f000 fe7c 	bl	10007f10 <__mutex_exit_veneer>
10007218:	0028      	movs	r0, r5
1000721a:	bd70      	pop	{r4, r5, r6, pc}
1000721c:	7833      	ldrb	r3, [r6, #0]
1000721e:	07db      	lsls	r3, r3, #31
10007220:	d404      	bmi.n	1000722c <tu_edpt_release+0x34>
10007222:	7833      	ldrb	r3, [r6, #0]
10007224:	2204      	movs	r2, #4
10007226:	4393      	bics	r3, r2
10007228:	7033      	strb	r3, [r6, #0]
1000722a:	e7f2      	b.n	10007212 <tu_edpt_release+0x1a>
1000722c:	2500      	movs	r5, #0
1000722e:	e7f0      	b.n	10007212 <tu_edpt_release+0x1a>

10007230 <tu_edpt_validate>:
10007230:	b510      	push	{r4, lr}
10007232:	7902      	ldrb	r2, [r0, #4]
10007234:	7943      	ldrb	r3, [r0, #5]
10007236:	021b      	lsls	r3, r3, #8
10007238:	4313      	orrs	r3, r2
1000723a:	055b      	lsls	r3, r3, #21
1000723c:	0d5b      	lsrs	r3, r3, #21
1000723e:	78c2      	ldrb	r2, [r0, #3]
10007240:	0792      	lsls	r2, r2, #30
10007242:	0f92      	lsrs	r2, r2, #30
10007244:	2a02      	cmp	r2, #2
10007246:	d014      	beq.n	10007272 <tu_edpt_validate+0x42>
10007248:	2a03      	cmp	r2, #3
1000724a:	d02d      	beq.n	100072a8 <tu_edpt_validate+0x78>
1000724c:	2a01      	cmp	r2, #1
1000724e:	d13c      	bne.n	100072ca <tu_edpt_validate+0x9a>
10007250:	2902      	cmp	r1, #2
10007252:	d004      	beq.n	1000725e <tu_edpt_validate+0x2e>
10007254:	4a1e      	ldr	r2, [pc, #120]	@ (100072d0 <tu_edpt_validate+0xa0>)
10007256:	429a      	cmp	r2, r3
10007258:	d304      	bcc.n	10007264 <tu_edpt_validate+0x34>
1000725a:	2001      	movs	r0, #1
1000725c:	e036      	b.n	100072cc <tu_edpt_validate+0x9c>
1000725e:	2280      	movs	r2, #128	@ 0x80
10007260:	00d2      	lsls	r2, r2, #3
10007262:	e7f8      	b.n	10007256 <tu_edpt_validate+0x26>
10007264:	491b      	ldr	r1, [pc, #108]	@ (100072d4 <tu_edpt_validate+0xa4>)
10007266:	481c      	ldr	r0, [pc, #112]	@ (100072d8 <tu_edpt_validate+0xa8>)
10007268:	22d1      	movs	r2, #209	@ 0xd1
1000726a:	f7fd fd55 	bl	10004d18 <__wrap_printf>
1000726e:	2000      	movs	r0, #0
10007270:	e02c      	b.n	100072cc <tu_edpt_validate+0x9c>
10007272:	2902      	cmp	r1, #2
10007274:	d003      	beq.n	1000727e <tu_edpt_validate+0x4e>
10007276:	2b40      	cmp	r3, #64	@ 0x40
10007278:	d80f      	bhi.n	1000729a <tu_edpt_validate+0x6a>
1000727a:	2001      	movs	r0, #1
1000727c:	e026      	b.n	100072cc <tu_edpt_validate+0x9c>
1000727e:	2280      	movs	r2, #128	@ 0x80
10007280:	0092      	lsls	r2, r2, #2
10007282:	4293      	cmp	r3, r2
10007284:	d101      	bne.n	1000728a <tu_edpt_validate+0x5a>
10007286:	2001      	movs	r0, #1
10007288:	e020      	b.n	100072cc <tu_edpt_validate+0x9c>
1000728a:	4912      	ldr	r1, [pc, #72]	@ (100072d4 <tu_edpt_validate+0xa4>)
1000728c:	4812      	ldr	r0, [pc, #72]	@ (100072d8 <tu_edpt_validate+0xa8>)
1000728e:	3a29      	subs	r2, #41	@ 0x29
10007290:	3aff      	subs	r2, #255	@ 0xff
10007292:	f7fd fd41 	bl	10004d18 <__wrap_printf>
10007296:	2000      	movs	r0, #0
10007298:	e018      	b.n	100072cc <tu_edpt_validate+0x9c>
1000729a:	490e      	ldr	r1, [pc, #56]	@ (100072d4 <tu_edpt_validate+0xa4>)
1000729c:	480e      	ldr	r0, [pc, #56]	@ (100072d8 <tu_edpt_validate+0xa8>)
1000729e:	22db      	movs	r2, #219	@ 0xdb
100072a0:	f7fd fd3a 	bl	10004d18 <__wrap_printf>
100072a4:	2000      	movs	r0, #0
100072a6:	e011      	b.n	100072cc <tu_edpt_validate+0x9c>
100072a8:	2902      	cmp	r1, #2
100072aa:	d004      	beq.n	100072b6 <tu_edpt_validate+0x86>
100072ac:	2240      	movs	r2, #64	@ 0x40
100072ae:	429a      	cmp	r2, r3
100072b0:	d304      	bcc.n	100072bc <tu_edpt_validate+0x8c>
100072b2:	2001      	movs	r0, #1
100072b4:	e00a      	b.n	100072cc <tu_edpt_validate+0x9c>
100072b6:	2280      	movs	r2, #128	@ 0x80
100072b8:	00d2      	lsls	r2, r2, #3
100072ba:	e7f8      	b.n	100072ae <tu_edpt_validate+0x7e>
100072bc:	4905      	ldr	r1, [pc, #20]	@ (100072d4 <tu_edpt_validate+0xa4>)
100072be:	4806      	ldr	r0, [pc, #24]	@ (100072d8 <tu_edpt_validate+0xa8>)
100072c0:	22e1      	movs	r2, #225	@ 0xe1
100072c2:	f7fd fd29 	bl	10004d18 <__wrap_printf>
100072c6:	2000      	movs	r0, #0
100072c8:	e000      	b.n	100072cc <tu_edpt_validate+0x9c>
100072ca:	2000      	movs	r0, #0
100072cc:	bd10      	pop	{r4, pc}
100072ce:	46c0      	nop			@ (mov r8, r8)
100072d0:	000003ff 	.word	0x000003ff
100072d4:	10009498 	.word	0x10009498
100072d8:	10008c3c 	.word	0x10008c3c

100072dc <tu_edpt_bind_driver>:
100072dc:	b530      	push	{r4, r5, lr}
100072de:	188a      	adds	r2, r1, r2
100072e0:	e001      	b.n	100072e6 <tu_edpt_bind_driver+0xa>
100072e2:	780c      	ldrb	r4, [r1, #0]
100072e4:	1909      	adds	r1, r1, r4
100072e6:	4291      	cmp	r1, r2
100072e8:	d20a      	bcs.n	10007300 <tu_edpt_bind_driver+0x24>
100072ea:	784c      	ldrb	r4, [r1, #1]
100072ec:	2c05      	cmp	r4, #5
100072ee:	d1f8      	bne.n	100072e2 <tu_edpt_bind_driver+0x6>
100072f0:	788d      	ldrb	r5, [r1, #2]
100072f2:	347a      	adds	r4, #122	@ 0x7a
100072f4:	402c      	ands	r4, r5
100072f6:	0064      	lsls	r4, r4, #1
100072f8:	1904      	adds	r4, r0, r4
100072fa:	09ed      	lsrs	r5, r5, #7
100072fc:	5563      	strb	r3, [r4, r5]
100072fe:	e7f0      	b.n	100072e2 <tu_edpt_bind_driver+0x6>
10007300:	bd30      	pop	{r4, r5, pc}

10007302 <tu_edpt_stream_init>:
10007302:	b5f0      	push	{r4, r5, r6, r7, lr}
10007304:	b085      	sub	sp, #20
10007306:	0004      	movs	r4, r0
10007308:	9203      	str	r2, [sp, #12]
1000730a:	aa0a      	add	r2, sp, #40	@ 0x28
1000730c:	ca40      	ldmia	r2!, {r6}
1000730e:	8817      	ldrh	r7, [r2, #0]
10007310:	aa0d      	add	r2, sp, #52	@ 0x34
10007312:	8815      	ldrh	r5, [r2, #0]
10007314:	2201      	movs	r2, #1
10007316:	400a      	ands	r2, r1
10007318:	7801      	ldrb	r1, [r0, #0]
1000731a:	2001      	movs	r0, #1
1000731c:	4381      	bics	r1, r0
1000731e:	4311      	orrs	r1, r2
10007320:	7021      	strb	r1, [r4, #0]
10007322:	0020      	movs	r0, r4
10007324:	3008      	adds	r0, #8
10007326:	9300      	str	r3, [sp, #0]
10007328:	2301      	movs	r3, #1
1000732a:	003a      	movs	r2, r7
1000732c:	0031      	movs	r1, r6
1000732e:	f000 fa8b 	bl	10007848 <tu_fifo_config>
10007332:	2e00      	cmp	r6, #0
10007334:	d001      	beq.n	1000733a <tu_edpt_stream_init+0x38>
10007336:	2f00      	cmp	r7, #0
10007338:	d105      	bne.n	10007346 <tu_edpt_stream_init+0x44>
1000733a:	9b0c      	ldr	r3, [sp, #48]	@ 0x30
1000733c:	6063      	str	r3, [r4, #4]
1000733e:	8065      	strh	r5, [r4, #2]
10007340:	2001      	movs	r0, #1
10007342:	b005      	add	sp, #20
10007344:	bdf0      	pop	{r4, r5, r6, r7, pc}
10007346:	0026      	movs	r6, r4
10007348:	361c      	adds	r6, #28
1000734a:	0030      	movs	r0, r6
1000734c:	f7f9 fe3a 	bl	10000fc4 <mutex_init>
10007350:	9b03      	ldr	r3, [sp, #12]
10007352:	2b00      	cmp	r3, #0
10007354:	d004      	beq.n	10007360 <tu_edpt_stream_init+0x5e>
10007356:	0033      	movs	r3, r6
10007358:	2600      	movs	r6, #0
1000735a:	6163      	str	r3, [r4, #20]
1000735c:	61a6      	str	r6, [r4, #24]
1000735e:	e7ec      	b.n	1000733a <tu_edpt_stream_init+0x38>
10007360:	2300      	movs	r3, #0
10007362:	e7fa      	b.n	1000735a <tu_edpt_stream_init+0x58>

10007364 <tu_edpt_stream_deinit>:
10007364:	2001      	movs	r0, #1
10007366:	4770      	bx	lr

10007368 <tu_edpt_stream_write_zlp_if_needed>:
10007368:	b5f8      	push	{r3, r4, r5, r6, r7, lr}
1000736a:	0006      	movs	r6, r0
1000736c:	000c      	movs	r4, r1
1000736e:	0015      	movs	r5, r2
10007370:	780b      	ldrb	r3, [r1, #0]
10007372:	079b      	lsls	r3, r3, #30
10007374:	d511      	bpl.n	1000739a <tu_edpt_stream_write_zlp_if_needed+0x32>
10007376:	2780      	movs	r7, #128	@ 0x80
10007378:	00bf      	lsls	r7, r7, #2
1000737a:	0020      	movs	r0, r4
1000737c:	3008      	adds	r0, #8
1000737e:	f000 faa1 	bl	100078c4 <tu_fifo_count>
10007382:	2800      	cmp	r0, #0
10007384:	d125      	bne.n	100073d2 <tu_edpt_stream_write_zlp_if_needed+0x6a>
10007386:	2d00      	cmp	r5, #0
10007388:	d025      	beq.n	100073d6 <tu_edpt_stream_write_zlp_if_needed+0x6e>
1000738a:	3f01      	subs	r7, #1
1000738c:	423d      	tst	r5, r7
1000738e:	d124      	bne.n	100073da <tu_edpt_stream_write_zlp_if_needed+0x72>
10007390:	7823      	ldrb	r3, [r4, #0]
10007392:	07db      	lsls	r3, r3, #31
10007394:	d503      	bpl.n	1000739e <tu_edpt_stream_write_zlp_if_needed+0x36>
10007396:	2000      	movs	r0, #0
10007398:	e01c      	b.n	100073d4 <tu_edpt_stream_write_zlp_if_needed+0x6c>
1000739a:	2740      	movs	r7, #64	@ 0x40
1000739c:	e7ed      	b.n	1000737a <tu_edpt_stream_write_zlp_if_needed+0x12>
1000739e:	7861      	ldrb	r1, [r4, #1]
100073a0:	0030      	movs	r0, r6
100073a2:	f7fe fcdd 	bl	10005d60 <usbd_edpt_claim>
100073a6:	2800      	cmp	r0, #0
100073a8:	d0f5      	beq.n	10007396 <tu_edpt_stream_write_zlp_if_needed+0x2e>
100073aa:	7823      	ldrb	r3, [r4, #0]
100073ac:	07db      	lsls	r3, r3, #31
100073ae:	d507      	bpl.n	100073c0 <tu_edpt_stream_write_zlp_if_needed+0x58>
100073b0:	22b5      	movs	r2, #181	@ 0xb5
100073b2:	490b      	ldr	r1, [pc, #44]	@ (100073e0 <tu_edpt_stream_write_zlp_if_needed+0x78>)
100073b4:	480b      	ldr	r0, [pc, #44]	@ (100073e4 <tu_edpt_stream_write_zlp_if_needed+0x7c>)
100073b6:	0052      	lsls	r2, r2, #1
100073b8:	f7fd fcae 	bl	10004d18 <__wrap_printf>
100073bc:	2000      	movs	r0, #0
100073be:	e009      	b.n	100073d4 <tu_edpt_stream_write_zlp_if_needed+0x6c>
100073c0:	7861      	ldrb	r1, [r4, #1]
100073c2:	2300      	movs	r3, #0
100073c4:	2200      	movs	r2, #0
100073c6:	0030      	movs	r0, r6
100073c8:	f7fe fcf2 	bl	10005db0 <usbd_edpt_xfer>
100073cc:	2800      	cmp	r0, #0
100073ce:	d101      	bne.n	100073d4 <tu_edpt_stream_write_zlp_if_needed+0x6c>
100073d0:	e7ee      	b.n	100073b0 <tu_edpt_stream_write_zlp_if_needed+0x48>
100073d2:	2000      	movs	r0, #0
100073d4:	bdf8      	pop	{r3, r4, r5, r6, r7, pc}
100073d6:	2000      	movs	r0, #0
100073d8:	e7fc      	b.n	100073d4 <tu_edpt_stream_write_zlp_if_needed+0x6c>
100073da:	2000      	movs	r0, #0
100073dc:	e7fa      	b.n	100073d4 <tu_edpt_stream_write_zlp_if_needed+0x6c>
100073de:	46c0      	nop			@ (mov r8, r8)
100073e0:	10009474 	.word	0x10009474
100073e4:	10008c3c 	.word	0x10008c3c

100073e8 <tu_edpt_stream_write_xfer>:
100073e8:	b570      	push	{r4, r5, r6, lr}
100073ea:	0005      	movs	r5, r0
100073ec:	000c      	movs	r4, r1
100073ee:	000e      	movs	r6, r1
100073f0:	3608      	adds	r6, #8
100073f2:	0030      	movs	r0, r6
100073f4:	f000 fa66 	bl	100078c4 <tu_fifo_count>
100073f8:	2800      	cmp	r0, #0
100073fa:	d030      	beq.n	1000745e <tu_edpt_stream_write_xfer+0x76>
100073fc:	7823      	ldrb	r3, [r4, #0]
100073fe:	07db      	lsls	r3, r3, #31
10007400:	d501      	bpl.n	10007406 <tu_edpt_stream_write_xfer+0x1e>
10007402:	2000      	movs	r0, #0
10007404:	bd70      	pop	{r4, r5, r6, pc}
10007406:	7861      	ldrb	r1, [r4, #1]
10007408:	0028      	movs	r0, r5
1000740a:	f7fe fca9 	bl	10005d60 <usbd_edpt_claim>
1000740e:	2800      	cmp	r0, #0
10007410:	d0f7      	beq.n	10007402 <tu_edpt_stream_write_xfer+0x1a>
10007412:	6861      	ldr	r1, [r4, #4]
10007414:	8862      	ldrh	r2, [r4, #2]
10007416:	0030      	movs	r0, r6
10007418:	f000 fabb 	bl	10007992 <tu_fifo_read_n>
1000741c:	1e06      	subs	r6, r0, #0
1000741e:	d014      	beq.n	1000744a <tu_edpt_stream_write_xfer+0x62>
10007420:	7823      	ldrb	r3, [r4, #0]
10007422:	07db      	lsls	r3, r3, #31
10007424:	d507      	bpl.n	10007436 <tu_edpt_stream_write_xfer+0x4e>
10007426:	22bc      	movs	r2, #188	@ 0xbc
10007428:	490e      	ldr	r1, [pc, #56]	@ (10007464 <tu_edpt_stream_write_xfer+0x7c>)
1000742a:	480f      	ldr	r0, [pc, #60]	@ (10007468 <tu_edpt_stream_write_xfer+0x80>)
1000742c:	0052      	lsls	r2, r2, #1
1000742e:	f7fd fc73 	bl	10004d18 <__wrap_printf>
10007432:	2000      	movs	r0, #0
10007434:	e7e6      	b.n	10007404 <tu_edpt_stream_write_xfer+0x1c>
10007436:	6862      	ldr	r2, [r4, #4]
10007438:	7861      	ldrb	r1, [r4, #1]
1000743a:	0003      	movs	r3, r0
1000743c:	0028      	movs	r0, r5
1000743e:	f7fe fcb7 	bl	10005db0 <usbd_edpt_xfer>
10007442:	2800      	cmp	r0, #0
10007444:	d0ef      	beq.n	10007426 <tu_edpt_stream_write_xfer+0x3e>
10007446:	0030      	movs	r0, r6
10007448:	e7dc      	b.n	10007404 <tu_edpt_stream_write_xfer+0x1c>
1000744a:	7823      	ldrb	r3, [r4, #0]
1000744c:	07db      	lsls	r3, r3, #31
1000744e:	d501      	bpl.n	10007454 <tu_edpt_stream_write_xfer+0x6c>
10007450:	2000      	movs	r0, #0
10007452:	e7d7      	b.n	10007404 <tu_edpt_stream_write_xfer+0x1c>
10007454:	7861      	ldrb	r1, [r4, #1]
10007456:	0028      	movs	r0, r5
10007458:	f7fe fc96 	bl	10005d88 <usbd_edpt_release>
1000745c:	e7f8      	b.n	10007450 <tu_edpt_stream_write_xfer+0x68>
1000745e:	2000      	movs	r0, #0
10007460:	e7d0      	b.n	10007404 <tu_edpt_stream_write_xfer+0x1c>
10007462:	46c0      	nop			@ (mov r8, r8)
10007464:	10009458 	.word	0x10009458
10007468:	10008c3c 	.word	0x10008c3c

1000746c <tu_edpt_stream_read_xfer>:
1000746c:	b5f8      	push	{r3, r4, r5, r6, r7, lr}
1000746e:	0005      	movs	r5, r0
10007470:	000c      	movs	r4, r1
10007472:	898b      	ldrh	r3, [r1, #12]
10007474:	2b00      	cmp	r3, #0
10007476:	d122      	bne.n	100074be <tu_edpt_stream_read_xfer+0x52>
10007478:	780b      	ldrb	r3, [r1, #0]
1000747a:	07db      	lsls	r3, r3, #31
1000747c:	d501      	bpl.n	10007482 <tu_edpt_stream_read_xfer+0x16>
1000747e:	2000      	movs	r0, #0
10007480:	bdf8      	pop	{r3, r4, r5, r6, r7, pc}
10007482:	7849      	ldrb	r1, [r1, #1]
10007484:	f7fe fc6c 	bl	10005d60 <usbd_edpt_claim>
10007488:	2800      	cmp	r0, #0
1000748a:	d0f8      	beq.n	1000747e <tu_edpt_stream_read_xfer+0x12>
1000748c:	8863      	ldrh	r3, [r4, #2]
1000748e:	7822      	ldrb	r2, [r4, #0]
10007490:	07d2      	lsls	r2, r2, #31
10007492:	d507      	bpl.n	100074a4 <tu_edpt_stream_read_xfer+0x38>
10007494:	22d9      	movs	r2, #217	@ 0xd9
10007496:	4930      	ldr	r1, [pc, #192]	@ (10007558 <tu_edpt_stream_read_xfer+0xec>)
10007498:	4830      	ldr	r0, [pc, #192]	@ (1000755c <tu_edpt_stream_read_xfer+0xf0>)
1000749a:	0052      	lsls	r2, r2, #1
1000749c:	f7fd fc3c 	bl	10004d18 <__wrap_printf>
100074a0:	2000      	movs	r0, #0
100074a2:	e7ed      	b.n	10007480 <tu_edpt_stream_read_xfer+0x14>
100074a4:	7861      	ldrb	r1, [r4, #1]
100074a6:	2b00      	cmp	r3, #0
100074a8:	d007      	beq.n	100074ba <tu_edpt_stream_read_xfer+0x4e>
100074aa:	6862      	ldr	r2, [r4, #4]
100074ac:	0028      	movs	r0, r5
100074ae:	f7fe fc7f 	bl	10005db0 <usbd_edpt_xfer>
100074b2:	2800      	cmp	r0, #0
100074b4:	d0ee      	beq.n	10007494 <tu_edpt_stream_read_xfer+0x28>
100074b6:	8860      	ldrh	r0, [r4, #2]
100074b8:	e7e2      	b.n	10007480 <tu_edpt_stream_read_xfer+0x14>
100074ba:	2200      	movs	r2, #0
100074bc:	e7f6      	b.n	100074ac <tu_edpt_stream_read_xfer+0x40>
100074be:	780b      	ldrb	r3, [r1, #0]
100074c0:	079b      	lsls	r3, r3, #30
100074c2:	d50d      	bpl.n	100074e0 <tu_edpt_stream_read_xfer+0x74>
100074c4:	2680      	movs	r6, #128	@ 0x80
100074c6:	00b6      	lsls	r6, r6, #2
100074c8:	0027      	movs	r7, r4
100074ca:	3708      	adds	r7, #8
100074cc:	0038      	movs	r0, r7
100074ce:	f000 fa29 	bl	10007924 <tu_fifo_remaining>
100074d2:	4286      	cmp	r6, r0
100074d4:	d83e      	bhi.n	10007554 <tu_edpt_stream_read_xfer+0xe8>
100074d6:	7823      	ldrb	r3, [r4, #0]
100074d8:	07db      	lsls	r3, r3, #31
100074da:	d503      	bpl.n	100074e4 <tu_edpt_stream_read_xfer+0x78>
100074dc:	2000      	movs	r0, #0
100074de:	e7cf      	b.n	10007480 <tu_edpt_stream_read_xfer+0x14>
100074e0:	2640      	movs	r6, #64	@ 0x40
100074e2:	e7f1      	b.n	100074c8 <tu_edpt_stream_read_xfer+0x5c>
100074e4:	7861      	ldrb	r1, [r4, #1]
100074e6:	0028      	movs	r0, r5
100074e8:	f7fe fc3a 	bl	10005d60 <usbd_edpt_claim>
100074ec:	2800      	cmp	r0, #0
100074ee:	d0f5      	beq.n	100074dc <tu_edpt_stream_read_xfer+0x70>
100074f0:	0038      	movs	r0, r7
100074f2:	f000 fa17 	bl	10007924 <tu_fifo_remaining>
100074f6:	4286      	cmp	r6, r0
100074f8:	d822      	bhi.n	10007540 <tu_edpt_stream_read_xfer+0xd4>
100074fa:	4276      	negs	r6, r6
100074fc:	b2b6      	uxth	r6, r6
100074fe:	8862      	ldrh	r2, [r4, #2]
10007500:	4030      	ands	r0, r6
10007502:	1c03      	adds	r3, r0, #0
10007504:	b280      	uxth	r0, r0
10007506:	4290      	cmp	r0, r2
10007508:	d900      	bls.n	1000750c <tu_edpt_stream_read_xfer+0xa0>
1000750a:	1c13      	adds	r3, r2, #0
1000750c:	b29e      	uxth	r6, r3
1000750e:	7823      	ldrb	r3, [r4, #0]
10007510:	07db      	lsls	r3, r3, #31
10007512:	d507      	bpl.n	10007524 <tu_edpt_stream_read_xfer+0xb8>
10007514:	22c8      	movs	r2, #200	@ 0xc8
10007516:	4910      	ldr	r1, [pc, #64]	@ (10007558 <tu_edpt_stream_read_xfer+0xec>)
10007518:	4810      	ldr	r0, [pc, #64]	@ (1000755c <tu_edpt_stream_read_xfer+0xf0>)
1000751a:	32ff      	adds	r2, #255	@ 0xff
1000751c:	f7fd fbfc 	bl	10004d18 <__wrap_printf>
10007520:	2000      	movs	r0, #0
10007522:	e7ad      	b.n	10007480 <tu_edpt_stream_read_xfer+0x14>
10007524:	7861      	ldrb	r1, [r4, #1]
10007526:	2e00      	cmp	r6, #0
10007528:	d008      	beq.n	1000753c <tu_edpt_stream_read_xfer+0xd0>
1000752a:	6862      	ldr	r2, [r4, #4]
1000752c:	0033      	movs	r3, r6
1000752e:	0028      	movs	r0, r5
10007530:	f7fe fc3e 	bl	10005db0 <usbd_edpt_xfer>
10007534:	2800      	cmp	r0, #0
10007536:	d0ed      	beq.n	10007514 <tu_edpt_stream_read_xfer+0xa8>
10007538:	0030      	movs	r0, r6
1000753a:	e7a1      	b.n	10007480 <tu_edpt_stream_read_xfer+0x14>
1000753c:	2200      	movs	r2, #0
1000753e:	e7f5      	b.n	1000752c <tu_edpt_stream_read_xfer+0xc0>
10007540:	7823      	ldrb	r3, [r4, #0]
10007542:	07db      	lsls	r3, r3, #31
10007544:	d501      	bpl.n	1000754a <tu_edpt_stream_read_xfer+0xde>
10007546:	2000      	movs	r0, #0
10007548:	e79a      	b.n	10007480 <tu_edpt_stream_read_xfer+0x14>
1000754a:	7861      	ldrb	r1, [r4, #1]
1000754c:	0028      	movs	r0, r5
1000754e:	f7fe fc1b 	bl	10005d88 <usbd_edpt_release>
10007552:	e7f8      	b.n	10007546 <tu_edpt_stream_read_xfer+0xda>
10007554:	2000      	movs	r0, #0
10007556:	e793      	b.n	10007480 <tu_edpt_stream_read_xfer+0x14>
10007558:	1000943c 	.word	0x1000943c
1000755c:	10008c3c 	.word	0x10008c3c

10007560 <advance_index>:
10007560:	0003      	movs	r3, r0
10007562:	188a      	adds	r2, r1, r2
10007564:	b290      	uxth	r0, r2
10007566:	4281      	cmp	r1, r0
10007568:	d802      	bhi.n	10007570 <advance_index+0x10>
1000756a:	005a      	lsls	r2, r3, #1
1000756c:	4290      	cmp	r0, r2
1000756e:	db03      	blt.n	10007578 <advance_index+0x18>
10007570:	005b      	lsls	r3, r3, #1
10007572:	b29b      	uxth	r3, r3
10007574:	1ac0      	subs	r0, r0, r3
10007576:	b280      	uxth	r0, r0
10007578:	4770      	bx	lr

1000757a <_tu_fifo_peek>:
1000757a:	b570      	push	{r4, r5, r6, lr}
1000757c:	0005      	movs	r5, r0
1000757e:	0008      	movs	r0, r1
10007580:	88ac      	ldrh	r4, [r5, #4]
10007582:	429a      	cmp	r2, r3
10007584:	d30b      	bcc.n	1000759e <_tu_fifo_peek+0x24>
10007586:	1ad1      	subs	r1, r2, r3
10007588:	b289      	uxth	r1, r1
1000758a:	2900      	cmp	r1, #0
1000758c:	d01e      	beq.n	100075cc <_tu_fifo_peek+0x52>
1000758e:	428c      	cmp	r4, r1
10007590:	d210      	bcs.n	100075b4 <_tu_fifo_peek+0x3a>
10007592:	4294      	cmp	r4, r2
10007594:	d809      	bhi.n	100075aa <_tu_fifo_peek+0x30>
10007596:	1b12      	subs	r2, r2, r4
10007598:	b293      	uxth	r3, r2
1000759a:	816b      	strh	r3, [r5, #10]
1000759c:	e00a      	b.n	100075b4 <_tu_fifo_peek+0x3a>
1000759e:	1ad1      	subs	r1, r2, r3
100075a0:	b289      	uxth	r1, r1
100075a2:	0066      	lsls	r6, r4, #1
100075a4:	1989      	adds	r1, r1, r6
100075a6:	b289      	uxth	r1, r1
100075a8:	e7ef      	b.n	1000758a <_tu_fifo_peek+0x10>
100075aa:	18a2      	adds	r2, r4, r2
100075ac:	b293      	uxth	r3, r2
100075ae:	e7f4      	b.n	1000759a <_tu_fifo_peek+0x20>
100075b0:	1b1b      	subs	r3, r3, r4
100075b2:	b29b      	uxth	r3, r3
100075b4:	429c      	cmp	r4, r3
100075b6:	d9fb      	bls.n	100075b0 <_tu_fifo_peek+0x36>
100075b8:	6829      	ldr	r1, [r5, #0]
100075ba:	88ea      	ldrh	r2, [r5, #6]
100075bc:	0452      	lsls	r2, r2, #17
100075be:	0c52      	lsrs	r2, r2, #17
100075c0:	4353      	muls	r3, r2
100075c2:	18c9      	adds	r1, r1, r3
100075c4:	f7fc f952 	bl	1000386c <__wrap___aeabi_memcpy>
100075c8:	2001      	movs	r0, #1
100075ca:	bd70      	pop	{r4, r5, r6, pc}
100075cc:	2000      	movs	r0, #0
100075ce:	e7fc      	b.n	100075ca <_tu_fifo_peek+0x50>

100075d0 <_ff_pull_n>:
100075d0:	b5f8      	push	{r3, r4, r5, r6, r7, lr}
100075d2:	46ce      	mov	lr, r9
100075d4:	4647      	mov	r7, r8
100075d6:	b580      	push	{r7, lr}
100075d8:	0005      	movs	r5, r0
100075da:	468c      	mov	ip, r1
100075dc:	a908      	add	r1, sp, #32
100075de:	7809      	ldrb	r1, [r1, #0]
100075e0:	8884      	ldrh	r4, [r0, #4]
100075e2:	1ae0      	subs	r0, r4, r3
100075e4:	b280      	uxth	r0, r0
100075e6:	1b1c      	subs	r4, r3, r4
100075e8:	1914      	adds	r4, r2, r4
100075ea:	b2a4      	uxth	r4, r4
100075ec:	88ef      	ldrh	r7, [r5, #6]
100075ee:	047f      	lsls	r7, r7, #17
100075f0:	0c7e      	lsrs	r6, r7, #17
100075f2:	0007      	movs	r7, r0
100075f4:	4377      	muls	r7, r6
100075f6:	b2bf      	uxth	r7, r7
100075f8:	4374      	muls	r4, r6
100075fa:	b2a4      	uxth	r4, r4
100075fc:	46a1      	mov	r9, r4
100075fe:	682c      	ldr	r4, [r5, #0]
10007600:	46a0      	mov	r8, r4
10007602:	4373      	muls	r3, r6
10007604:	4443      	add	r3, r8
10007606:	2900      	cmp	r1, #0
10007608:	d106      	bne.n	10007618 <_ff_pull_n+0x48>
1000760a:	4290      	cmp	r0, r2
1000760c:	d308      	bcc.n	10007620 <_ff_pull_n+0x50>
1000760e:	4372      	muls	r2, r6
10007610:	0019      	movs	r1, r3
10007612:	4660      	mov	r0, ip
10007614:	f7fc f92a 	bl	1000386c <__wrap___aeabi_memcpy>
10007618:	bcc0      	pop	{r6, r7}
1000761a:	46b9      	mov	r9, r7
1000761c:	46b0      	mov	r8, r6
1000761e:	bdf8      	pop	{r3, r4, r5, r6, r7, pc}
10007620:	003a      	movs	r2, r7
10007622:	0019      	movs	r1, r3
10007624:	4664      	mov	r4, ip
10007626:	0020      	movs	r0, r4
10007628:	f7fc f920 	bl	1000386c <__wrap___aeabi_memcpy>
1000762c:	6829      	ldr	r1, [r5, #0]
1000762e:	19e0      	adds	r0, r4, r7
10007630:	464a      	mov	r2, r9
10007632:	f7fc f91b 	bl	1000386c <__wrap___aeabi_memcpy>
10007636:	e7ef      	b.n	10007618 <_ff_pull_n+0x48>

10007638 <_tu_fifo_peek_n>:
10007638:	b5f0      	push	{r4, r5, r6, r7, lr}
1000763a:	46c6      	mov	lr, r8
1000763c:	b500      	push	{lr}
1000763e:	b082      	sub	sp, #8
10007640:	001e      	movs	r6, r3
10007642:	ab08      	add	r3, sp, #32
10007644:	881b      	ldrh	r3, [r3, #0]
10007646:	ac09      	add	r4, sp, #36	@ 0x24
10007648:	7827      	ldrb	r7, [r4, #0]
1000764a:	8884      	ldrh	r4, [r0, #4]
1000764c:	429e      	cmp	r6, r3
1000764e:	d30f      	bcc.n	10007670 <_tu_fifo_peek_n+0x38>
10007650:	1af5      	subs	r5, r6, r3
10007652:	b2ad      	uxth	r5, r5
10007654:	2d00      	cmp	r5, #0
10007656:	d01f      	beq.n	10007698 <_tu_fifo_peek_n+0x60>
10007658:	42ac      	cmp	r4, r5
1000765a:	d205      	bcs.n	10007668 <_tu_fifo_peek_n+0x30>
1000765c:	42b4      	cmp	r4, r6
1000765e:	d810      	bhi.n	10007682 <_tu_fifo_peek_n+0x4a>
10007660:	1b33      	subs	r3, r6, r4
10007662:	b29b      	uxth	r3, r3
10007664:	8143      	strh	r3, [r0, #10]
10007666:	0025      	movs	r5, r4
10007668:	4295      	cmp	r5, r2
1000766a:	d30f      	bcc.n	1000768c <_tu_fifo_peek_n+0x54>
1000766c:	0015      	movs	r5, r2
1000766e:	e00d      	b.n	1000768c <_tu_fifo_peek_n+0x54>
10007670:	1af5      	subs	r5, r6, r3
10007672:	b2ad      	uxth	r5, r5
10007674:	46a8      	mov	r8, r5
10007676:	0065      	lsls	r5, r4, #1
10007678:	46ac      	mov	ip, r5
1000767a:	4645      	mov	r5, r8
1000767c:	4465      	add	r5, ip
1000767e:	b2ad      	uxth	r5, r5
10007680:	e7e8      	b.n	10007654 <_tu_fifo_peek_n+0x1c>
10007682:	19a6      	adds	r6, r4, r6
10007684:	b2b3      	uxth	r3, r6
10007686:	e7ed      	b.n	10007664 <_tu_fifo_peek_n+0x2c>
10007688:	1b1b      	subs	r3, r3, r4
1000768a:	b29b      	uxth	r3, r3
1000768c:	429c      	cmp	r4, r3
1000768e:	d9fb      	bls.n	10007688 <_tu_fifo_peek_n+0x50>
10007690:	9700      	str	r7, [sp, #0]
10007692:	002a      	movs	r2, r5
10007694:	f7ff ff9c 	bl	100075d0 <_ff_pull_n>
10007698:	0028      	movs	r0, r5
1000769a:	b002      	add	sp, #8
1000769c:	bc80      	pop	{r7}
1000769e:	46b8      	mov	r8, r7
100076a0:	bdf0      	pop	{r4, r5, r6, r7, pc}

100076a2 <_tu_fifo_read_n>:
100076a2:	b5f0      	push	{r4, r5, r6, r7, lr}
100076a4:	b083      	sub	sp, #12
100076a6:	0004      	movs	r4, r0
100076a8:	000d      	movs	r5, r1
100076aa:	0016      	movs	r6, r2
100076ac:	001f      	movs	r7, r3
100076ae:	6900      	ldr	r0, [r0, #16]
100076b0:	2800      	cmp	r0, #0
100076b2:	d003      	beq.n	100076bc <_tu_fifo_read_n+0x1a>
100076b4:	2101      	movs	r1, #1
100076b6:	4249      	negs	r1, r1
100076b8:	f000 fc4a 	bl	10007f50 <__mutex_enter_timeout_ms_veneer>
100076bc:	8923      	ldrh	r3, [r4, #8]
100076be:	b29b      	uxth	r3, r3
100076c0:	8962      	ldrh	r2, [r4, #10]
100076c2:	9701      	str	r7, [sp, #4]
100076c4:	9200      	str	r2, [sp, #0]
100076c6:	0032      	movs	r2, r6
100076c8:	0029      	movs	r1, r5
100076ca:	0020      	movs	r0, r4
100076cc:	f7ff ffb4 	bl	10007638 <_tu_fifo_peek_n>
100076d0:	0005      	movs	r5, r0
100076d2:	8961      	ldrh	r1, [r4, #10]
100076d4:	b289      	uxth	r1, r1
100076d6:	88a0      	ldrh	r0, [r4, #4]
100076d8:	002a      	movs	r2, r5
100076da:	f7ff ff41 	bl	10007560 <advance_index>
100076de:	8160      	strh	r0, [r4, #10]
100076e0:	6920      	ldr	r0, [r4, #16]
100076e2:	2800      	cmp	r0, #0
100076e4:	d001      	beq.n	100076ea <_tu_fifo_read_n+0x48>
100076e6:	f000 fc13 	bl	10007f10 <__mutex_exit_veneer>
100076ea:	0028      	movs	r0, r5
100076ec:	b003      	add	sp, #12
100076ee:	bdf0      	pop	{r4, r5, r6, r7, pc}

100076f0 <_ff_push_n>:
100076f0:	b5f8      	push	{r3, r4, r5, r6, r7, lr}
100076f2:	46ce      	mov	lr, r9
100076f4:	4647      	mov	r7, r8
100076f6:	b580      	push	{r7, lr}
100076f8:	0005      	movs	r5, r0
100076fa:	468c      	mov	ip, r1
100076fc:	a908      	add	r1, sp, #32
100076fe:	7808      	ldrb	r0, [r1, #0]
10007700:	88ac      	ldrh	r4, [r5, #4]
10007702:	1ae1      	subs	r1, r4, r3
10007704:	b289      	uxth	r1, r1
10007706:	1b1c      	subs	r4, r3, r4
10007708:	1914      	adds	r4, r2, r4
1000770a:	b2a4      	uxth	r4, r4
1000770c:	88ef      	ldrh	r7, [r5, #6]
1000770e:	047f      	lsls	r7, r7, #17
10007710:	0c7e      	lsrs	r6, r7, #17
10007712:	000f      	movs	r7, r1
10007714:	4377      	muls	r7, r6
10007716:	b2bf      	uxth	r7, r7
10007718:	4374      	muls	r4, r6
1000771a:	b2a4      	uxth	r4, r4
1000771c:	46a1      	mov	r9, r4
1000771e:	682c      	ldr	r4, [r5, #0]
10007720:	46a0      	mov	r8, r4
10007722:	4373      	muls	r3, r6
10007724:	4443      	add	r3, r8
10007726:	2800      	cmp	r0, #0
10007728:	d106      	bne.n	10007738 <_ff_push_n+0x48>
1000772a:	4291      	cmp	r1, r2
1000772c:	d308      	bcc.n	10007740 <_ff_push_n+0x50>
1000772e:	4372      	muls	r2, r6
10007730:	4661      	mov	r1, ip
10007732:	0018      	movs	r0, r3
10007734:	f7fc f89a 	bl	1000386c <__wrap___aeabi_memcpy>
10007738:	bcc0      	pop	{r6, r7}
1000773a:	46b9      	mov	r9, r7
1000773c:	46b0      	mov	r8, r6
1000773e:	bdf8      	pop	{r3, r4, r5, r6, r7, pc}
10007740:	003a      	movs	r2, r7
10007742:	4664      	mov	r4, ip
10007744:	0021      	movs	r1, r4
10007746:	0018      	movs	r0, r3
10007748:	f7fc f890 	bl	1000386c <__wrap___aeabi_memcpy>
1000774c:	6828      	ldr	r0, [r5, #0]
1000774e:	19e1      	adds	r1, r4, r7
10007750:	464a      	mov	r2, r9
10007752:	f7fc f88b 	bl	1000386c <__wrap___aeabi_memcpy>
10007756:	e7ef      	b.n	10007738 <_ff_push_n+0x48>

10007758 <_tu_fifo_write_n>:
10007758:	b5f0      	push	{r4, r5, r6, r7, lr}
1000775a:	b085      	sub	sp, #20
1000775c:	0006      	movs	r6, r0
1000775e:	9103      	str	r1, [sp, #12]
10007760:	1e15      	subs	r5, r2, #0
10007762:	9302      	str	r3, [sp, #8]
10007764:	d100      	bne.n	10007768 <_tu_fifo_write_n+0x10>
10007766:	e06d      	b.n	10007844 <_tu_fifo_write_n+0xec>
10007768:	68c0      	ldr	r0, [r0, #12]
1000776a:	2800      	cmp	r0, #0
1000776c:	d003      	beq.n	10007776 <_tu_fifo_write_n+0x1e>
1000776e:	2101      	movs	r1, #1
10007770:	4249      	negs	r1, r1
10007772:	f000 fbed 	bl	10007f50 <__mutex_enter_timeout_ms_veneer>
10007776:	8934      	ldrh	r4, [r6, #8]
10007778:	b2a4      	uxth	r4, r4
1000777a:	8971      	ldrh	r1, [r6, #10]
1000777c:	b289      	uxth	r1, r1
1000777e:	79f3      	ldrb	r3, [r6, #7]
10007780:	09db      	lsrs	r3, r3, #7
10007782:	d11a      	bne.n	100077ba <_tu_fifo_write_n+0x62>
10007784:	88b3      	ldrh	r3, [r6, #4]
10007786:	428c      	cmp	r4, r1
10007788:	d30f      	bcc.n	100077aa <_tu_fifo_write_n+0x52>
1000778a:	1a61      	subs	r1, r4, r1
1000778c:	b289      	uxth	r1, r1
1000778e:	428b      	cmp	r3, r1
10007790:	d911      	bls.n	100077b6 <_tu_fifo_write_n+0x5e>
10007792:	1a5b      	subs	r3, r3, r1
10007794:	b29b      	uxth	r3, r3
10007796:	1c2f      	adds	r7, r5, #0
10007798:	429d      	cmp	r5, r3
1000779a:	d900      	bls.n	1000779e <_tu_fifo_write_n+0x46>
1000779c:	1c1f      	adds	r7, r3, #0
1000779e:	b2bf      	uxth	r7, r7
100077a0:	2f00      	cmp	r7, #0
100077a2:	d047      	beq.n	10007834 <_tu_fifo_write_n+0xdc>
100077a4:	88b2      	ldrh	r2, [r6, #4]
100077a6:	0023      	movs	r3, r4
100077a8:	e035      	b.n	10007816 <_tu_fifo_write_n+0xbe>
100077aa:	1a61      	subs	r1, r4, r1
100077ac:	b289      	uxth	r1, r1
100077ae:	005a      	lsls	r2, r3, #1
100077b0:	1889      	adds	r1, r1, r2
100077b2:	b289      	uxth	r1, r1
100077b4:	e7eb      	b.n	1000778e <_tu_fifo_write_n+0x36>
100077b6:	2300      	movs	r3, #0
100077b8:	e7ed      	b.n	10007796 <_tu_fifo_write_n+0x3e>
100077ba:	88b7      	ldrh	r7, [r6, #4]
100077bc:	42af      	cmp	r7, r5
100077be:	d80e      	bhi.n	100077de <_tu_fifo_write_n+0x86>
100077c0:	9b02      	ldr	r3, [sp, #8]
100077c2:	2b00      	cmp	r3, #0
100077c4:	d121      	bne.n	1000780a <_tu_fifo_write_n+0xb2>
100077c6:	1bed      	subs	r5, r5, r7
100077c8:	88f3      	ldrh	r3, [r6, #6]
100077ca:	045b      	lsls	r3, r3, #17
100077cc:	0c5b      	lsrs	r3, r3, #17
100077ce:	436b      	muls	r3, r5
100077d0:	9a03      	ldr	r2, [sp, #12]
100077d2:	4694      	mov	ip, r2
100077d4:	449c      	add	ip, r3
100077d6:	4663      	mov	r3, ip
100077d8:	9303      	str	r3, [sp, #12]
100077da:	000c      	movs	r4, r1
100077dc:	e7e0      	b.n	100077a0 <_tu_fifo_write_n+0x48>
100077de:	428c      	cmp	r4, r1
100077e0:	d30d      	bcc.n	100077fe <_tu_fifo_write_n+0xa6>
100077e2:	1a63      	subs	r3, r4, r1
100077e4:	b29b      	uxth	r3, r3
100077e6:	195b      	adds	r3, r3, r5
100077e8:	007a      	lsls	r2, r7, #1
100077ea:	4293      	cmp	r3, r2
100077ec:	db0f      	blt.n	1000780e <_tu_fifo_write_n+0xb6>
100077ee:	1b7a      	subs	r2, r7, r5
100077f0:	b292      	uxth	r2, r2
100077f2:	0038      	movs	r0, r7
100077f4:	f7ff feb4 	bl	10007560 <advance_index>
100077f8:	0004      	movs	r4, r0
100077fa:	002f      	movs	r7, r5
100077fc:	e7d0      	b.n	100077a0 <_tu_fifo_write_n+0x48>
100077fe:	1a63      	subs	r3, r4, r1
10007800:	b29b      	uxth	r3, r3
10007802:	007a      	lsls	r2, r7, #1
10007804:	189b      	adds	r3, r3, r2
10007806:	b29b      	uxth	r3, r3
10007808:	e7ed      	b.n	100077e6 <_tu_fifo_write_n+0x8e>
1000780a:	000c      	movs	r4, r1
1000780c:	e7c8      	b.n	100077a0 <_tu_fifo_write_n+0x48>
1000780e:	002f      	movs	r7, r5
10007810:	e7c6      	b.n	100077a0 <_tu_fifo_write_n+0x48>
10007812:	1a9b      	subs	r3, r3, r2
10007814:	b29b      	uxth	r3, r3
10007816:	429a      	cmp	r2, r3
10007818:	d9fb      	bls.n	10007812 <_tu_fifo_write_n+0xba>
1000781a:	9a02      	ldr	r2, [sp, #8]
1000781c:	9200      	str	r2, [sp, #0]
1000781e:	003a      	movs	r2, r7
10007820:	9903      	ldr	r1, [sp, #12]
10007822:	0030      	movs	r0, r6
10007824:	f7ff ff64 	bl	100076f0 <_ff_push_n>
10007828:	88b0      	ldrh	r0, [r6, #4]
1000782a:	003a      	movs	r2, r7
1000782c:	0021      	movs	r1, r4
1000782e:	f7ff fe97 	bl	10007560 <advance_index>
10007832:	8130      	strh	r0, [r6, #8]
10007834:	68f0      	ldr	r0, [r6, #12]
10007836:	2800      	cmp	r0, #0
10007838:	d001      	beq.n	1000783e <_tu_fifo_write_n+0xe6>
1000783a:	f000 fb69 	bl	10007f10 <__mutex_exit_veneer>
1000783e:	0038      	movs	r0, r7
10007840:	b005      	add	sp, #20
10007842:	bdf0      	pop	{r4, r5, r6, r7, pc}
10007844:	0017      	movs	r7, r2
10007846:	e7fa      	b.n	1000783e <_tu_fifo_write_n+0xe6>

10007848 <tu_fifo_config>:
10007848:	b5f0      	push	{r4, r5, r6, r7, lr}
1000784a:	b083      	sub	sp, #12
1000784c:	0004      	movs	r4, r0
1000784e:	9101      	str	r1, [sp, #4]
10007850:	0016      	movs	r6, r2
10007852:	001d      	movs	r5, r3
10007854:	ab08      	add	r3, sp, #32
10007856:	781f      	ldrb	r7, [r3, #0]
10007858:	2380      	movs	r3, #128	@ 0x80
1000785a:	021b      	lsls	r3, r3, #8
1000785c:	429a      	cmp	r2, r3
1000785e:	d82d      	bhi.n	100078bc <tu_fifo_config+0x74>
10007860:	68c0      	ldr	r0, [r0, #12]
10007862:	2800      	cmp	r0, #0
10007864:	d003      	beq.n	1000786e <tu_fifo_config+0x26>
10007866:	2101      	movs	r1, #1
10007868:	4249      	negs	r1, r1
1000786a:	f000 fb71 	bl	10007f50 <__mutex_enter_timeout_ms_veneer>
1000786e:	6920      	ldr	r0, [r4, #16]
10007870:	2800      	cmp	r0, #0
10007872:	d003      	beq.n	1000787c <tu_fifo_config+0x34>
10007874:	2101      	movs	r1, #1
10007876:	4249      	negs	r1, r1
10007878:	f000 fb6a 	bl	10007f50 <__mutex_enter_timeout_ms_veneer>
1000787c:	9b01      	ldr	r3, [sp, #4]
1000787e:	6023      	str	r3, [r4, #0]
10007880:	80a6      	strh	r6, [r4, #4]
10007882:	046d      	lsls	r5, r5, #17
10007884:	0c6b      	lsrs	r3, r5, #17
10007886:	88e5      	ldrh	r5, [r4, #6]
10007888:	0bed      	lsrs	r5, r5, #15
1000788a:	03ed      	lsls	r5, r5, #15
1000788c:	431d      	orrs	r5, r3
1000788e:	80e5      	strh	r5, [r4, #6]
10007890:	01fb      	lsls	r3, r7, #7
10007892:	79e2      	ldrb	r2, [r4, #7]
10007894:	277f      	movs	r7, #127	@ 0x7f
10007896:	4017      	ands	r7, r2
10007898:	431f      	orrs	r7, r3
1000789a:	71e7      	strb	r7, [r4, #7]
1000789c:	2300      	movs	r3, #0
1000789e:	8163      	strh	r3, [r4, #10]
100078a0:	8123      	strh	r3, [r4, #8]
100078a2:	68e0      	ldr	r0, [r4, #12]
100078a4:	2800      	cmp	r0, #0
100078a6:	d001      	beq.n	100078ac <tu_fifo_config+0x64>
100078a8:	f000 fb32 	bl	10007f10 <__mutex_exit_veneer>
100078ac:	6920      	ldr	r0, [r4, #16]
100078ae:	2800      	cmp	r0, #0
100078b0:	d006      	beq.n	100078c0 <tu_fifo_config+0x78>
100078b2:	f000 fb2d 	bl	10007f10 <__mutex_exit_veneer>
100078b6:	2001      	movs	r0, #1
100078b8:	b003      	add	sp, #12
100078ba:	bdf0      	pop	{r4, r5, r6, r7, pc}
100078bc:	2000      	movs	r0, #0
100078be:	e7fb      	b.n	100078b8 <tu_fifo_config+0x70>
100078c0:	2001      	movs	r0, #1
100078c2:	e7f9      	b.n	100078b8 <tu_fifo_config+0x70>

100078c4 <tu_fifo_count>:
100078c4:	8881      	ldrh	r1, [r0, #4]
100078c6:	8903      	ldrh	r3, [r0, #8]
100078c8:	b29b      	uxth	r3, r3
100078ca:	8942      	ldrh	r2, [r0, #10]
100078cc:	b292      	uxth	r2, r2
100078ce:	4293      	cmp	r3, r2
100078d0:	d307      	bcc.n	100078e2 <tu_fifo_count+0x1e>
100078d2:	1a9b      	subs	r3, r3, r2
100078d4:	b29b      	uxth	r3, r3
100078d6:	1c08      	adds	r0, r1, #0
100078d8:	4299      	cmp	r1, r3
100078da:	d900      	bls.n	100078de <tu_fifo_count+0x1a>
100078dc:	1c18      	adds	r0, r3, #0
100078de:	b280      	uxth	r0, r0
100078e0:	4770      	bx	lr
100078e2:	1a9b      	subs	r3, r3, r2
100078e4:	b29b      	uxth	r3, r3
100078e6:	004a      	lsls	r2, r1, #1
100078e8:	189b      	adds	r3, r3, r2
100078ea:	b29b      	uxth	r3, r3
100078ec:	e7f3      	b.n	100078d6 <tu_fifo_count+0x12>

100078ee <tu_fifo_empty>:
100078ee:	8903      	ldrh	r3, [r0, #8]
100078f0:	8940      	ldrh	r0, [r0, #10]
100078f2:	1a18      	subs	r0, r3, r0
100078f4:	4243      	negs	r3, r0
100078f6:	4158      	adcs	r0, r3
100078f8:	b2c0      	uxtb	r0, r0
100078fa:	4770      	bx	lr

100078fc <tu_fifo_full>:
100078fc:	8881      	ldrh	r1, [r0, #4]
100078fe:	8903      	ldrh	r3, [r0, #8]
10007900:	b29b      	uxth	r3, r3
10007902:	8942      	ldrh	r2, [r0, #10]
10007904:	b292      	uxth	r2, r2
10007906:	4293      	cmp	r3, r2
10007908:	d306      	bcc.n	10007918 <tu_fifo_full+0x1c>
1000790a:	1a9b      	subs	r3, r3, r2
1000790c:	b29b      	uxth	r3, r3
1000790e:	2000      	movs	r0, #0
10007910:	428b      	cmp	r3, r1
10007912:	4140      	adcs	r0, r0
10007914:	b2c0      	uxtb	r0, r0
10007916:	4770      	bx	lr
10007918:	1a9b      	subs	r3, r3, r2
1000791a:	b29b      	uxth	r3, r3
1000791c:	004a      	lsls	r2, r1, #1
1000791e:	189b      	adds	r3, r3, r2
10007920:	b29b      	uxth	r3, r3
10007922:	e7f4      	b.n	1000790e <tu_fifo_full+0x12>

10007924 <tu_fifo_remaining>:
10007924:	8882      	ldrh	r2, [r0, #4]
10007926:	8903      	ldrh	r3, [r0, #8]
10007928:	b29b      	uxth	r3, r3
1000792a:	8941      	ldrh	r1, [r0, #10]
1000792c:	b289      	uxth	r1, r1
1000792e:	428b      	cmp	r3, r1
10007930:	d306      	bcc.n	10007940 <tu_fifo_remaining+0x1c>
10007932:	1a5b      	subs	r3, r3, r1
10007934:	b29b      	uxth	r3, r3
10007936:	429a      	cmp	r2, r3
10007938:	d908      	bls.n	1000794c <tu_fifo_remaining+0x28>
1000793a:	1ad0      	subs	r0, r2, r3
1000793c:	b280      	uxth	r0, r0
1000793e:	4770      	bx	lr
10007940:	1a5b      	subs	r3, r3, r1
10007942:	b29b      	uxth	r3, r3
10007944:	0051      	lsls	r1, r2, #1
10007946:	185b      	adds	r3, r3, r1
10007948:	b29b      	uxth	r3, r3
1000794a:	e7f4      	b.n	10007936 <tu_fifo_remaining+0x12>
1000794c:	2000      	movs	r0, #0
1000794e:	e7f6      	b.n	1000793e <tu_fifo_remaining+0x1a>

10007950 <tu_fifo_read>:
10007950:	b570      	push	{r4, r5, r6, lr}
10007952:	0004      	movs	r4, r0
10007954:	000d      	movs	r5, r1
10007956:	6900      	ldr	r0, [r0, #16]
10007958:	2800      	cmp	r0, #0
1000795a:	d003      	beq.n	10007964 <tu_fifo_read+0x14>
1000795c:	2101      	movs	r1, #1
1000795e:	4249      	negs	r1, r1
10007960:	f000 faf6 	bl	10007f50 <__mutex_enter_timeout_ms_veneer>
10007964:	8922      	ldrh	r2, [r4, #8]
10007966:	b292      	uxth	r2, r2
10007968:	8963      	ldrh	r3, [r4, #10]
1000796a:	b29b      	uxth	r3, r3
1000796c:	0029      	movs	r1, r5
1000796e:	0020      	movs	r0, r4
10007970:	f7ff fe03 	bl	1000757a <_tu_fifo_peek>
10007974:	0005      	movs	r5, r0
10007976:	8961      	ldrh	r1, [r4, #10]
10007978:	b289      	uxth	r1, r1
1000797a:	88a0      	ldrh	r0, [r4, #4]
1000797c:	002a      	movs	r2, r5
1000797e:	f7ff fdef 	bl	10007560 <advance_index>
10007982:	8160      	strh	r0, [r4, #10]
10007984:	6920      	ldr	r0, [r4, #16]
10007986:	2800      	cmp	r0, #0
10007988:	d001      	beq.n	1000798e <tu_fifo_read+0x3e>
1000798a:	f000 fac1 	bl	10007f10 <__mutex_exit_veneer>
1000798e:	0028      	movs	r0, r5
10007990:	bd70      	pop	{r4, r5, r6, pc}

10007992 <tu_fifo_read_n>:
10007992:	b510      	push	{r4, lr}
10007994:	2300      	movs	r3, #0
10007996:	f7ff fe84 	bl	100076a2 <_tu_fifo_read_n>
1000799a:	bd10      	pop	{r4, pc}

1000799c <tu_fifo_write>:
1000799c:	b5f8      	push	{r3, r4, r5, r6, r7, lr}
1000799e:	0004      	movs	r4, r0
100079a0:	000e      	movs	r6, r1
100079a2:	68c0      	ldr	r0, [r0, #12]
100079a4:	2800      	cmp	r0, #0
100079a6:	d003      	beq.n	100079b0 <tu_fifo_write+0x14>
100079a8:	2101      	movs	r1, #1
100079aa:	4249      	negs	r1, r1
100079ac:	f000 fad0 	bl	10007f50 <__mutex_enter_timeout_ms_veneer>
100079b0:	8925      	ldrh	r5, [r4, #8]
100079b2:	b2ad      	uxth	r5, r5
100079b4:	0020      	movs	r0, r4
100079b6:	f7ff ffa1 	bl	100078fc <tu_fifo_full>
100079ba:	2800      	cmp	r0, #0
100079bc:	d002      	beq.n	100079c4 <tu_fifo_write+0x28>
100079be:	79e7      	ldrb	r7, [r4, #7]
100079c0:	09ff      	lsrs	r7, r7, #7
100079c2:	d016      	beq.n	100079f2 <tu_fifo_write+0x56>
100079c4:	88a2      	ldrh	r2, [r4, #4]
100079c6:	002b      	movs	r3, r5
100079c8:	e001      	b.n	100079ce <tu_fifo_write+0x32>
100079ca:	1a9b      	subs	r3, r3, r2
100079cc:	b29b      	uxth	r3, r3
100079ce:	429a      	cmp	r2, r3
100079d0:	d9fb      	bls.n	100079ca <tu_fifo_write+0x2e>
100079d2:	6820      	ldr	r0, [r4, #0]
100079d4:	88e2      	ldrh	r2, [r4, #6]
100079d6:	0452      	lsls	r2, r2, #17
100079d8:	0c52      	lsrs	r2, r2, #17
100079da:	4353      	muls	r3, r2
100079dc:	18c0      	adds	r0, r0, r3
100079de:	0031      	movs	r1, r6
100079e0:	f7fb ff44 	bl	1000386c <__wrap___aeabi_memcpy>
100079e4:	88a0      	ldrh	r0, [r4, #4]
100079e6:	2201      	movs	r2, #1
100079e8:	0029      	movs	r1, r5
100079ea:	f7ff fdb9 	bl	10007560 <advance_index>
100079ee:	8120      	strh	r0, [r4, #8]
100079f0:	2701      	movs	r7, #1
100079f2:	68e0      	ldr	r0, [r4, #12]
100079f4:	2800      	cmp	r0, #0
100079f6:	d001      	beq.n	100079fc <tu_fifo_write+0x60>
100079f8:	f000 fa8a 	bl	10007f10 <__mutex_exit_veneer>
100079fc:	0038      	movs	r0, r7
100079fe:	bdf8      	pop	{r3, r4, r5, r6, r7, pc}

10007a00 <tu_fifo_write_n>:
10007a00:	b510      	push	{r4, lr}
10007a02:	2300      	movs	r3, #0
10007a04:	f7ff fea8 	bl	10007758 <_tu_fifo_write_n>
10007a08:	bd10      	pop	{r4, pc}

10007a0a <tu_fifo_clear>:
10007a0a:	b510      	push	{r4, lr}
10007a0c:	0004      	movs	r4, r0
10007a0e:	68c0      	ldr	r0, [r0, #12]
10007a10:	2800      	cmp	r0, #0
10007a12:	d003      	beq.n	10007a1c <tu_fifo_clear+0x12>
10007a14:	2101      	movs	r1, #1
10007a16:	4249      	negs	r1, r1
10007a18:	f000 fa9a 	bl	10007f50 <__mutex_enter_timeout_ms_veneer>
10007a1c:	6920      	ldr	r0, [r4, #16]
10007a1e:	2800      	cmp	r0, #0
10007a20:	d003      	beq.n	10007a2a <tu_fifo_clear+0x20>
10007a22:	2101      	movs	r1, #1
10007a24:	4249      	negs	r1, r1
10007a26:	f000 fa93 	bl	10007f50 <__mutex_enter_timeout_ms_veneer>
10007a2a:	2300      	movs	r3, #0
10007a2c:	8163      	strh	r3, [r4, #10]
10007a2e:	8123      	strh	r3, [r4, #8]
10007a30:	68e0      	ldr	r0, [r4, #12]
10007a32:	2800      	cmp	r0, #0
10007a34:	d001      	beq.n	10007a3a <tu_fifo_clear+0x30>
10007a36:	f000 fa6b 	bl	10007f10 <__mutex_exit_veneer>
10007a3a:	6920      	ldr	r0, [r4, #16]
10007a3c:	2800      	cmp	r0, #0
10007a3e:	d001      	beq.n	10007a44 <tu_fifo_clear+0x3a>
10007a40:	f000 fa66 	bl	10007f10 <__mutex_exit_veneer>
10007a44:	2001      	movs	r0, #1
10007a46:	bd10      	pop	{r4, pc}

10007a48 <tu_fifo_set_overwritable>:
10007a48:	b570      	push	{r4, r5, r6, lr}
10007a4a:	0004      	movs	r4, r0
10007a4c:	000d      	movs	r5, r1
10007a4e:	68c0      	ldr	r0, [r0, #12]
10007a50:	2800      	cmp	r0, #0
10007a52:	d003      	beq.n	10007a5c <tu_fifo_set_overwritable+0x14>
10007a54:	2101      	movs	r1, #1
10007a56:	4249      	negs	r1, r1
10007a58:	f000 fa7a 	bl	10007f50 <__mutex_enter_timeout_ms_veneer>
10007a5c:	6920      	ldr	r0, [r4, #16]
10007a5e:	2800      	cmp	r0, #0
10007a60:	d003      	beq.n	10007a6a <tu_fifo_set_overwritable+0x22>
10007a62:	2101      	movs	r1, #1
10007a64:	4249      	negs	r1, r1
10007a66:	f000 fa73 	bl	10007f50 <__mutex_enter_timeout_ms_veneer>
10007a6a:	01ed      	lsls	r5, r5, #7
10007a6c:	79e3      	ldrb	r3, [r4, #7]
10007a6e:	217f      	movs	r1, #127	@ 0x7f
10007a70:	4019      	ands	r1, r3
10007a72:	4329      	orrs	r1, r5
10007a74:	71e1      	strb	r1, [r4, #7]
10007a76:	68e0      	ldr	r0, [r4, #12]
10007a78:	2800      	cmp	r0, #0
10007a7a:	d001      	beq.n	10007a80 <tu_fifo_set_overwritable+0x38>
10007a7c:	f000 fa48 	bl	10007f10 <__mutex_exit_veneer>
10007a80:	6920      	ldr	r0, [r4, #16]
10007a82:	2800      	cmp	r0, #0
10007a84:	d001      	beq.n	10007a8a <tu_fifo_set_overwritable+0x42>
10007a86:	f000 fa43 	bl	10007f10 <__mutex_exit_veneer>
10007a8a:	2001      	movs	r0, #1
10007a8c:	bd70      	pop	{r4, r5, r6, pc}
	...

10007a90 <i2c_unreset>:
10007a90:	4b07      	ldr	r3, [pc, #28]	@ (10007ab0 <i2c_unreset+0x20>)
10007a92:	4283      	cmp	r3, r0
10007a94:	d00a      	beq.n	10007aac <i2c_unreset+0x1c>
10007a96:	2304      	movs	r3, #4
10007a98:	2201      	movs	r2, #1
10007a9a:	409a      	lsls	r2, r3
10007a9c:	4b05      	ldr	r3, [pc, #20]	@ (10007ab4 <i2c_unreset+0x24>)
10007a9e:	601a      	str	r2, [r3, #0]
10007aa0:	4b05      	ldr	r3, [pc, #20]	@ (10007ab8 <i2c_unreset+0x28>)
10007aa2:	681b      	ldr	r3, [r3, #0]
10007aa4:	0011      	movs	r1, r2
10007aa6:	4399      	bics	r1, r3
10007aa8:	d1fa      	bne.n	10007aa0 <i2c_unreset+0x10>
10007aaa:	4770      	bx	lr
10007aac:	2303      	movs	r3, #3
10007aae:	e7f3      	b.n	10007a98 <i2c_unreset+0x8>
10007ab0:	20000cc8 	.word	0x20000cc8
10007ab4:	4000f000 	.word	0x4000f000
10007ab8:	4000c008 	.word	0x4000c008

10007abc <i2c_write_blocking_internal>:
10007abc:	b5f0      	push	{r4, r5, r6, r7, lr}
10007abe:	46de      	mov	lr, fp
10007ac0:	4657      	mov	r7, sl
10007ac2:	464e      	mov	r6, r9
10007ac4:	4645      	mov	r5, r8
10007ac6:	b5e0      	push	{r5, r6, r7, lr}
10007ac8:	b087      	sub	sp, #28
10007aca:	0007      	movs	r7, r0
10007acc:	4693      	mov	fp, r2
10007ace:	0018      	movs	r0, r3
10007ad0:	9303      	str	r3, [sp, #12]
10007ad2:	ab10      	add	r3, sp, #64	@ 0x40
10007ad4:	781a      	ldrb	r2, [r3, #0]
10007ad6:	9205      	str	r2, [sp, #20]
10007ad8:	9d11      	ldr	r5, [sp, #68]	@ 0x44
10007ada:	9a12      	ldr	r2, [sp, #72]	@ 0x48
10007adc:	4690      	mov	r8, r2
10007ade:	683b      	ldr	r3, [r7, #0]
10007ae0:	2200      	movs	r2, #0
10007ae2:	66da      	str	r2, [r3, #108]	@ 0x6c
10007ae4:	683b      	ldr	r3, [r7, #0]
10007ae6:	6059      	str	r1, [r3, #4]
10007ae8:	683b      	ldr	r3, [r7, #0]
10007aea:	3201      	adds	r2, #1
10007aec:	66da      	str	r2, [r3, #108]	@ 0x6c
10007aee:	9002      	str	r0, [sp, #8]
10007af0:	2300      	movs	r3, #0
10007af2:	4699      	mov	r9, r3
10007af4:	9304      	str	r3, [sp, #16]
10007af6:	2600      	movs	r6, #0
10007af8:	2400      	movs	r4, #0
10007afa:	e02d      	b.n	10007b58 <i2c_write_blocking_internal+0x9c>
10007afc:	793b      	ldrb	r3, [r7, #4]
10007afe:	2b00      	cmp	r3, #0
10007b00:	d039      	beq.n	10007b76 <i2c_write_blocking_internal+0xba>
10007b02:	2301      	movs	r3, #1
10007b04:	e037      	b.n	10007b76 <i2c_write_blocking_internal+0xba>
10007b06:	9a05      	ldr	r2, [sp, #20]
10007b08:	2a00      	cmp	r2, #0
10007b0a:	d001      	beq.n	10007b10 <i2c_write_blocking_internal+0x54>
10007b0c:	2200      	movs	r2, #0
10007b0e:	e036      	b.n	10007b7e <i2c_write_blocking_internal+0xc2>
10007b10:	2201      	movs	r2, #1
10007b12:	e034      	b.n	10007b7e <i2c_write_blocking_internal+0xc2>
10007b14:	2100      	movs	r1, #0
10007b16:	4640      	mov	r0, r8
10007b18:	47a8      	blx	r5
10007b1a:	0006      	movs	r6, r0
10007b1c:	4304      	orrs	r4, r0
10007b1e:	b2e4      	uxtb	r4, r4
10007b20:	2e00      	cmp	r6, #0
10007b22:	d106      	bne.n	10007b32 <i2c_write_blocking_internal+0x76>
10007b24:	683b      	ldr	r3, [r7, #0]
10007b26:	6b5b      	ldr	r3, [r3, #52]	@ 0x34
10007b28:	06db      	lsls	r3, r3, #27
10007b2a:	d402      	bmi.n	10007b32 <i2c_write_blocking_internal+0x76>
10007b2c:	2d00      	cmp	r5, #0
10007b2e:	d1f1      	bne.n	10007b14 <i2c_write_blocking_internal+0x58>
10007b30:	e7f6      	b.n	10007b20 <i2c_write_blocking_internal+0x64>
10007b32:	2e00      	cmp	r6, #0
10007b34:	d109      	bne.n	10007b4a <i2c_write_blocking_internal+0x8e>
10007b36:	683b      	ldr	r3, [r7, #0]
10007b38:	2280      	movs	r2, #128	@ 0x80
10007b3a:	589a      	ldr	r2, [r3, r2]
10007b3c:	9204      	str	r2, [sp, #16]
10007b3e:	2a00      	cmp	r2, #0
10007b40:	d128      	bne.n	10007b94 <i2c_write_blocking_internal+0xd8>
10007b42:	2c00      	cmp	r4, #0
10007b44:	d139      	bne.n	10007bba <i2c_write_blocking_internal+0xfe>
10007b46:	45ca      	cmp	sl, r9
10007b48:	d027      	beq.n	10007b9a <i2c_write_blocking_internal+0xde>
10007b4a:	2c00      	cmp	r4, #0
10007b4c:	d13d      	bne.n	10007bca <i2c_write_blocking_internal+0x10e>
10007b4e:	2301      	movs	r3, #1
10007b50:	469c      	mov	ip, r3
10007b52:	44e1      	add	r9, ip
10007b54:	9b01      	ldr	r3, [sp, #4]
10007b56:	469b      	mov	fp, r3
10007b58:	9b02      	ldr	r3, [sp, #8]
10007b5a:	4599      	cmp	r9, r3
10007b5c:	da35      	bge.n	10007bca <i2c_write_blocking_internal+0x10e>
10007b5e:	9b03      	ldr	r3, [sp, #12]
10007b60:	3b01      	subs	r3, #1
10007b62:	469a      	mov	sl, r3
10007b64:	2d00      	cmp	r5, #0
10007b66:	d002      	beq.n	10007b6e <i2c_write_blocking_internal+0xb2>
10007b68:	2101      	movs	r1, #1
10007b6a:	4640      	mov	r0, r8
10007b6c:	47a8      	blx	r5
10007b6e:	464b      	mov	r3, r9
10007b70:	2b00      	cmp	r3, #0
10007b72:	d0c3      	beq.n	10007afc <i2c_write_blocking_internal+0x40>
10007b74:	2300      	movs	r3, #0
10007b76:	029b      	lsls	r3, r3, #10
10007b78:	45ca      	cmp	sl, r9
10007b7a:	d0c4      	beq.n	10007b06 <i2c_write_blocking_internal+0x4a>
10007b7c:	2200      	movs	r2, #0
10007b7e:	0252      	lsls	r2, r2, #9
10007b80:	4313      	orrs	r3, r2
10007b82:	465a      	mov	r2, fp
10007b84:	3201      	adds	r2, #1
10007b86:	9201      	str	r2, [sp, #4]
10007b88:	465a      	mov	r2, fp
10007b8a:	7811      	ldrb	r1, [r2, #0]
10007b8c:	683a      	ldr	r2, [r7, #0]
10007b8e:	430b      	orrs	r3, r1
10007b90:	6113      	str	r3, [r2, #16]
10007b92:	e7cb      	b.n	10007b2c <i2c_write_blocking_internal+0x70>
10007b94:	6d5b      	ldr	r3, [r3, #84]	@ 0x54
10007b96:	2401      	movs	r4, #1
10007b98:	e00f      	b.n	10007bba <i2c_write_blocking_internal+0xfe>
10007b9a:	9b05      	ldr	r3, [sp, #20]
10007b9c:	2b00      	cmp	r3, #0
10007b9e:	d1d4      	bne.n	10007b4a <i2c_write_blocking_internal+0x8e>
10007ba0:	e00b      	b.n	10007bba <i2c_write_blocking_internal+0xfe>
10007ba2:	2100      	movs	r1, #0
10007ba4:	4640      	mov	r0, r8
10007ba6:	47a8      	blx	r5
10007ba8:	0006      	movs	r6, r0
10007baa:	4304      	orrs	r4, r0
10007bac:	b2e4      	uxtb	r4, r4
10007bae:	2e00      	cmp	r6, #0
10007bb0:	d106      	bne.n	10007bc0 <i2c_write_blocking_internal+0x104>
10007bb2:	683b      	ldr	r3, [r7, #0]
10007bb4:	6b5b      	ldr	r3, [r3, #52]	@ 0x34
10007bb6:	059b      	lsls	r3, r3, #22
10007bb8:	d402      	bmi.n	10007bc0 <i2c_write_blocking_internal+0x104>
10007bba:	2d00      	cmp	r5, #0
10007bbc:	d1f1      	bne.n	10007ba2 <i2c_write_blocking_internal+0xe6>
10007bbe:	e7f6      	b.n	10007bae <i2c_write_blocking_internal+0xf2>
10007bc0:	2e00      	cmp	r6, #0
10007bc2:	d1c2      	bne.n	10007b4a <i2c_write_blocking_internal+0x8e>
10007bc4:	683b      	ldr	r3, [r7, #0]
10007bc6:	6e1b      	ldr	r3, [r3, #96]	@ 0x60
10007bc8:	e7bf      	b.n	10007b4a <i2c_write_blocking_internal+0x8e>
10007bca:	2c00      	cmp	r4, #0
10007bcc:	d008      	beq.n	10007be0 <i2c_write_blocking_internal+0x124>
10007bce:	2e00      	cmp	r6, #0
10007bd0:	d110      	bne.n	10007bf4 <i2c_write_blocking_internal+0x138>
10007bd2:	9a04      	ldr	r2, [sp, #16]
10007bd4:	2a00      	cmp	r2, #0
10007bd6:	d011      	beq.n	10007bfc <i2c_write_blocking_internal+0x140>
10007bd8:	07d3      	lsls	r3, r2, #31
10007bda:	d413      	bmi.n	10007c04 <i2c_write_blocking_internal+0x148>
10007bdc:	0713      	lsls	r3, r2, #28
10007bde:	d515      	bpl.n	10007c0c <i2c_write_blocking_internal+0x150>
10007be0:	9b05      	ldr	r3, [sp, #20]
10007be2:	713b      	strb	r3, [r7, #4]
10007be4:	4648      	mov	r0, r9
10007be6:	b007      	add	sp, #28
10007be8:	bcf0      	pop	{r4, r5, r6, r7}
10007bea:	46bb      	mov	fp, r7
10007bec:	46b2      	mov	sl, r6
10007bee:	46a9      	mov	r9, r5
10007bf0:	46a0      	mov	r8, r4
10007bf2:	bdf0      	pop	{r4, r5, r6, r7, pc}
10007bf4:	2302      	movs	r3, #2
10007bf6:	425b      	negs	r3, r3
10007bf8:	4699      	mov	r9, r3
10007bfa:	e7f1      	b.n	10007be0 <i2c_write_blocking_internal+0x124>
10007bfc:	2301      	movs	r3, #1
10007bfe:	425b      	negs	r3, r3
10007c00:	4699      	mov	r9, r3
10007c02:	e7ed      	b.n	10007be0 <i2c_write_blocking_internal+0x124>
10007c04:	2301      	movs	r3, #1
10007c06:	425b      	negs	r3, r3
10007c08:	4699      	mov	r9, r3
10007c0a:	e7e9      	b.n	10007be0 <i2c_write_blocking_internal+0x124>
10007c0c:	2301      	movs	r3, #1
10007c0e:	425b      	negs	r3, r3
10007c10:	4699      	mov	r9, r3
10007c12:	e7e5      	b.n	10007be0 <i2c_write_blocking_internal+0x124>

10007c14 <i2c_read_blocking_internal>:
10007c14:	b5f0      	push	{r4, r5, r6, r7, lr}
10007c16:	46de      	mov	lr, fp
10007c18:	4657      	mov	r7, sl
10007c1a:	464e      	mov	r6, r9
10007c1c:	4645      	mov	r5, r8
10007c1e:	b5e0      	push	{r5, r6, r7, lr}
10007c20:	b085      	sub	sp, #20
10007c22:	0005      	movs	r5, r0
10007c24:	4692      	mov	sl, r2
10007c26:	0018      	movs	r0, r3
10007c28:	9303      	str	r3, [sp, #12]
10007c2a:	ab0e      	add	r3, sp, #56	@ 0x38
10007c2c:	781a      	ldrb	r2, [r3, #0]
10007c2e:	4691      	mov	r9, r2
10007c30:	9e0f      	ldr	r6, [sp, #60]	@ 0x3c
10007c32:	9a10      	ldr	r2, [sp, #64]	@ 0x40
10007c34:	4690      	mov	r8, r2
10007c36:	682b      	ldr	r3, [r5, #0]
10007c38:	2200      	movs	r2, #0
10007c3a:	66da      	str	r2, [r3, #108]	@ 0x6c
10007c3c:	682b      	ldr	r3, [r5, #0]
10007c3e:	6059      	str	r1, [r3, #4]
10007c40:	682b      	ldr	r3, [r5, #0]
10007c42:	3201      	adds	r2, #1
10007c44:	66da      	str	r2, [r3, #108]	@ 0x6c
10007c46:	9002      	str	r0, [sp, #8]
10007c48:	2700      	movs	r7, #0
10007c4a:	2300      	movs	r3, #0
10007c4c:	9301      	str	r3, [sp, #4]
10007c4e:	2400      	movs	r4, #0
10007c50:	4643      	mov	r3, r8
10007c52:	46b8      	mov	r8, r7
10007c54:	001f      	movs	r7, r3
10007c56:	9b02      	ldr	r3, [sp, #8]
10007c58:	4598      	cmp	r8, r3
10007c5a:	da45      	bge.n	10007ce8 <i2c_read_blocking_internal+0xd4>
10007c5c:	9b03      	ldr	r3, [sp, #12]
10007c5e:	3b01      	subs	r3, #1
10007c60:	469b      	mov	fp, r3
10007c62:	2e00      	cmp	r6, #0
10007c64:	d002      	beq.n	10007c6c <i2c_read_blocking_internal+0x58>
10007c66:	2101      	movs	r1, #1
10007c68:	0038      	movs	r0, r7
10007c6a:	47b0      	blx	r6
10007c6c:	682b      	ldr	r3, [r5, #0]
10007c6e:	6f5a      	ldr	r2, [r3, #116]	@ 0x74
10007c70:	2a10      	cmp	r2, #16
10007c72:	d0fb      	beq.n	10007c6c <i2c_read_blocking_internal+0x58>
10007c74:	4642      	mov	r2, r8
10007c76:	2a00      	cmp	r2, #0
10007c78:	d00b      	beq.n	10007c92 <i2c_read_blocking_internal+0x7e>
10007c7a:	2200      	movs	r2, #0
10007c7c:	0292      	lsls	r2, r2, #10
10007c7e:	45c3      	cmp	fp, r8
10007c80:	d00c      	beq.n	10007c9c <i2c_read_blocking_internal+0x88>
10007c82:	2100      	movs	r1, #0
10007c84:	0249      	lsls	r1, r1, #9
10007c86:	430a      	orrs	r2, r1
10007c88:	2180      	movs	r1, #128	@ 0x80
10007c8a:	0049      	lsls	r1, r1, #1
10007c8c:	430a      	orrs	r2, r1
10007c8e:	611a      	str	r2, [r3, #16]
10007c90:	e01b      	b.n	10007cca <i2c_read_blocking_internal+0xb6>
10007c92:	792a      	ldrb	r2, [r5, #4]
10007c94:	2a00      	cmp	r2, #0
10007c96:	d0f1      	beq.n	10007c7c <i2c_read_blocking_internal+0x68>
10007c98:	2201      	movs	r2, #1
10007c9a:	e7ef      	b.n	10007c7c <i2c_read_blocking_internal+0x68>
10007c9c:	4649      	mov	r1, r9
10007c9e:	2900      	cmp	r1, #0
10007ca0:	d001      	beq.n	10007ca6 <i2c_read_blocking_internal+0x92>
10007ca2:	2100      	movs	r1, #0
10007ca4:	e7ee      	b.n	10007c84 <i2c_read_blocking_internal+0x70>
10007ca6:	2101      	movs	r1, #1
10007ca8:	e7ec      	b.n	10007c84 <i2c_read_blocking_internal+0x70>
10007caa:	6d5b      	ldr	r3, [r3, #84]	@ 0x54
10007cac:	2401      	movs	r4, #1
10007cae:	2e00      	cmp	r6, #0
10007cb0:	d005      	beq.n	10007cbe <i2c_read_blocking_internal+0xaa>
10007cb2:	2100      	movs	r1, #0
10007cb4:	0038      	movs	r0, r7
10007cb6:	47b0      	blx	r6
10007cb8:	9001      	str	r0, [sp, #4]
10007cba:	4304      	orrs	r4, r0
10007cbc:	b2e4      	uxtb	r4, r4
10007cbe:	2c00      	cmp	r4, #0
10007cc0:	d114      	bne.n	10007cec <i2c_read_blocking_internal+0xd8>
10007cc2:	682b      	ldr	r3, [r5, #0]
10007cc4:	6f9a      	ldr	r2, [r3, #120]	@ 0x78
10007cc6:	2a00      	cmp	r2, #0
10007cc8:	d106      	bne.n	10007cd8 <i2c_read_blocking_internal+0xc4>
10007cca:	682b      	ldr	r3, [r5, #0]
10007ccc:	2280      	movs	r2, #128	@ 0x80
10007cce:	589a      	ldr	r2, [r3, r2]
10007cd0:	6b5a      	ldr	r2, [r3, #52]	@ 0x34
10007cd2:	0652      	lsls	r2, r2, #25
10007cd4:	d5eb      	bpl.n	10007cae <i2c_read_blocking_internal+0x9a>
10007cd6:	e7e8      	b.n	10007caa <i2c_read_blocking_internal+0x96>
10007cd8:	691b      	ldr	r3, [r3, #16]
10007cda:	4652      	mov	r2, sl
10007cdc:	7013      	strb	r3, [r2, #0]
10007cde:	2301      	movs	r3, #1
10007ce0:	469c      	mov	ip, r3
10007ce2:	44e0      	add	r8, ip
10007ce4:	44e2      	add	sl, ip
10007ce6:	e7b6      	b.n	10007c56 <i2c_read_blocking_internal+0x42>
10007ce8:	4647      	mov	r7, r8
10007cea:	e000      	b.n	10007cee <i2c_read_blocking_internal+0xda>
10007cec:	4647      	mov	r7, r8
10007cee:	2c00      	cmp	r4, #0
10007cf0:	d004      	beq.n	10007cfc <i2c_read_blocking_internal+0xe8>
10007cf2:	9b01      	ldr	r3, [sp, #4]
10007cf4:	2b00      	cmp	r3, #0
10007cf6:	d00b      	beq.n	10007d10 <i2c_read_blocking_internal+0xfc>
10007cf8:	2702      	movs	r7, #2
10007cfa:	427f      	negs	r7, r7
10007cfc:	464b      	mov	r3, r9
10007cfe:	712b      	strb	r3, [r5, #4]
10007d00:	0038      	movs	r0, r7
10007d02:	b005      	add	sp, #20
10007d04:	bcf0      	pop	{r4, r5, r6, r7}
10007d06:	46bb      	mov	fp, r7
10007d08:	46b2      	mov	sl, r6
10007d0a:	46a9      	mov	r9, r5
10007d0c:	46a0      	mov	r8, r4
10007d0e:	bdf0      	pop	{r4, r5, r6, r7, pc}
10007d10:	2701      	movs	r7, #1
10007d12:	427f      	negs	r7, r7
10007d14:	e7f2      	b.n	10007cfc <i2c_read_blocking_internal+0xe8>
	...

10007d18 <i2c_set_baudrate>:
10007d18:	b5f0      	push	{r4, r5, r6, r7, lr}
10007d1a:	46d6      	mov	lr, sl
10007d1c:	464f      	mov	r7, r9
10007d1e:	4646      	mov	r6, r8
10007d20:	b5c0      	push	{r6, r7, lr}
10007d22:	0005      	movs	r5, r0
10007d24:	000c      	movs	r4, r1
10007d26:	2005      	movs	r0, #5
10007d28:	f7f9 fe5e 	bl	100019e8 <clock_get_hz>
10007d2c:	0006      	movs	r6, r0
10007d2e:	0860      	lsrs	r0, r4, #1
10007d30:	1980      	adds	r0, r0, r6
10007d32:	0021      	movs	r1, r4
10007d34:	f7fa f8dc 	bl	10001ef0 <__wrap___aeabi_uidiv>
10007d38:	0007      	movs	r7, r0
10007d3a:	0043      	lsls	r3, r0, #1
10007d3c:	4699      	mov	r9, r3
10007d3e:	4481      	add	r9, r0
10007d40:	2105      	movs	r1, #5
10007d42:	4648      	mov	r0, r9
10007d44:	f7fa f8d4 	bl	10001ef0 <__wrap___aeabi_uidiv>
10007d48:	4680      	mov	r8, r0
10007d4a:	1a3b      	subs	r3, r7, r0
10007d4c:	469a      	mov	sl, r3
10007d4e:	4b27      	ldr	r3, [pc, #156]	@ (10007dec <i2c_set_baudrate+0xd4>)
10007d50:	429c      	cmp	r4, r3
10007d52:	d825      	bhi.n	10007da0 <i2c_set_baudrate+0x88>
10007d54:	0070      	lsls	r0, r6, #1
10007d56:	1980      	adds	r0, r0, r6
10007d58:	4925      	ldr	r1, [pc, #148]	@ (10007df0 <i2c_set_baudrate+0xd8>)
10007d5a:	f7fa f8c9 	bl	10001ef0 <__wrap___aeabi_uidiv>
10007d5e:	1c44      	adds	r4, r0, #1
10007d60:	4643      	mov	r3, r8
10007d62:	3b02      	subs	r3, #2
10007d64:	42a3      	cmp	r3, r4
10007d66:	d322      	bcc.n	10007dae <i2c_set_baudrate+0x96>
10007d68:	682b      	ldr	r3, [r5, #0]
10007d6a:	2200      	movs	r2, #0
10007d6c:	66da      	str	r2, [r3, #108]	@ 0x6c
10007d6e:	682b      	ldr	r3, [r5, #0]
10007d70:	6819      	ldr	r1, [r3, #0]
10007d72:	3204      	adds	r2, #4
10007d74:	4051      	eors	r1, r2
10007d76:	3202      	adds	r2, #2
10007d78:	400a      	ands	r2, r1
10007d7a:	2180      	movs	r1, #128	@ 0x80
10007d7c:	0149      	lsls	r1, r1, #5
10007d7e:	468c      	mov	ip, r1
10007d80:	4463      	add	r3, ip
10007d82:	601a      	str	r2, [r3, #0]
10007d84:	682b      	ldr	r3, [r5, #0]
10007d86:	4652      	mov	r2, sl
10007d88:	61da      	str	r2, [r3, #28]
10007d8a:	682b      	ldr	r3, [r5, #0]
10007d8c:	4642      	mov	r2, r8
10007d8e:	621a      	str	r2, [r3, #32]
10007d90:	464b      	mov	r3, r9
10007d92:	2b4f      	cmp	r3, #79	@ 0x4f
10007d94:	d911      	bls.n	10007dba <i2c_set_baudrate+0xa2>
10007d96:	2150      	movs	r1, #80	@ 0x50
10007d98:	4648      	mov	r0, r9
10007d9a:	f7fa f8a9 	bl	10001ef0 <__wrap___aeabi_uidiv>
10007d9e:	e00d      	b.n	10007dbc <i2c_set_baudrate+0xa4>
10007da0:	0070      	lsls	r0, r6, #1
10007da2:	1980      	adds	r0, r0, r6
10007da4:	4913      	ldr	r1, [pc, #76]	@ (10007df4 <i2c_set_baudrate+0xdc>)
10007da6:	f7fa f8a3 	bl	10001ef0 <__wrap___aeabi_uidiv>
10007daa:	1c44      	adds	r4, r0, #1
10007dac:	e7d8      	b.n	10007d60 <i2c_set_baudrate+0x48>
10007dae:	4b12      	ldr	r3, [pc, #72]	@ (10007df8 <i2c_set_baudrate+0xe0>)
10007db0:	4a12      	ldr	r2, [pc, #72]	@ (10007dfc <i2c_set_baudrate+0xe4>)
10007db2:	4813      	ldr	r0, [pc, #76]	@ (10007e00 <i2c_set_baudrate+0xe8>)
10007db4:	215d      	movs	r1, #93	@ 0x5d
10007db6:	f7fc fe41 	bl	10004a3c <__assert_func>
10007dba:	2001      	movs	r0, #1
10007dbc:	682a      	ldr	r2, [r5, #0]
10007dbe:	23a0      	movs	r3, #160	@ 0xa0
10007dc0:	50d0      	str	r0, [r2, r3]
10007dc2:	682b      	ldr	r3, [r5, #0]
10007dc4:	6fda      	ldr	r2, [r3, #124]	@ 0x7c
10007dc6:	4054      	eors	r4, r2
10007dc8:	0424      	lsls	r4, r4, #16
10007dca:	0c24      	lsrs	r4, r4, #16
10007dcc:	4a0d      	ldr	r2, [pc, #52]	@ (10007e04 <i2c_set_baudrate+0xec>)
10007dce:	4694      	mov	ip, r2
10007dd0:	4463      	add	r3, ip
10007dd2:	601c      	str	r4, [r3, #0]
10007dd4:	682b      	ldr	r3, [r5, #0]
10007dd6:	2201      	movs	r2, #1
10007dd8:	66da      	str	r2, [r3, #108]	@ 0x6c
10007dda:	0039      	movs	r1, r7
10007ddc:	0030      	movs	r0, r6
10007dde:	f7fa f887 	bl	10001ef0 <__wrap___aeabi_uidiv>
10007de2:	bce0      	pop	{r5, r6, r7}
10007de4:	46ba      	mov	sl, r7
10007de6:	46b1      	mov	r9, r6
10007de8:	46a8      	mov	r8, r5
10007dea:	bdf0      	pop	{r4, r5, r6, r7, pc}
10007dec:	000f423f 	.word	0x000f423f
10007df0:	00989680 	.word	0x00989680
10007df4:	017d7840 	.word	0x017d7840
10007df8:	10008c54 	.word	0x10008c54
10007dfc:	100094c0 	.word	0x100094c0
10007e00:	10008c74 	.word	0x10008c74
10007e04:	0000107c 	.word	0x0000107c

10007e08 <i2c_init>:
10007e08:	b570      	push	{r4, r5, r6, lr}
10007e0a:	0004      	movs	r4, r0
10007e0c:	000d      	movs	r5, r1
10007e0e:	4b11      	ldr	r3, [pc, #68]	@ (10007e54 <i2c_init+0x4c>)
10007e10:	4298      	cmp	r0, r3
10007e12:	d01d      	beq.n	10007e50 <i2c_init+0x48>
10007e14:	2204      	movs	r2, #4
10007e16:	2301      	movs	r3, #1
10007e18:	4093      	lsls	r3, r2
10007e1a:	4a0f      	ldr	r2, [pc, #60]	@ (10007e58 <i2c_init+0x50>)
10007e1c:	6013      	str	r3, [r2, #0]
10007e1e:	0020      	movs	r0, r4
10007e20:	f7ff fe36 	bl	10007a90 <i2c_unreset>
10007e24:	2300      	movs	r3, #0
10007e26:	7123      	strb	r3, [r4, #4]
10007e28:	6822      	ldr	r2, [r4, #0]
10007e2a:	66d3      	str	r3, [r2, #108]	@ 0x6c
10007e2c:	6822      	ldr	r2, [r4, #0]
10007e2e:	2166      	movs	r1, #102	@ 0x66
10007e30:	31ff      	adds	r1, #255	@ 0xff
10007e32:	6011      	str	r1, [r2, #0]
10007e34:	6822      	ldr	r2, [r4, #0]
10007e36:	63d3      	str	r3, [r2, #60]	@ 0x3c
10007e38:	6822      	ldr	r2, [r4, #0]
10007e3a:	6393      	str	r3, [r2, #56]	@ 0x38
10007e3c:	6822      	ldr	r2, [r4, #0]
10007e3e:	3388      	adds	r3, #136	@ 0x88
10007e40:	3963      	subs	r1, #99	@ 0x63
10007e42:	39ff      	subs	r1, #255	@ 0xff
10007e44:	50d1      	str	r1, [r2, r3]
10007e46:	0029      	movs	r1, r5
10007e48:	0020      	movs	r0, r4
10007e4a:	f7ff ff65 	bl	10007d18 <i2c_set_baudrate>
10007e4e:	bd70      	pop	{r4, r5, r6, pc}
10007e50:	2203      	movs	r2, #3
10007e52:	e7e0      	b.n	10007e16 <i2c_init+0xe>
10007e54:	20000cc8 	.word	0x20000cc8
10007e58:	4000e000 	.word	0x4000e000

10007e5c <i2c_write_blocking>:
10007e5c:	b530      	push	{r4, r5, lr}
10007e5e:	b085      	sub	sp, #20
10007e60:	ac08      	add	r4, sp, #32
10007e62:	7825      	ldrb	r5, [r4, #0]
10007e64:	2400      	movs	r4, #0
10007e66:	9402      	str	r4, [sp, #8]
10007e68:	9401      	str	r4, [sp, #4]
10007e6a:	9500      	str	r5, [sp, #0]
10007e6c:	f7ff fe26 	bl	10007abc <i2c_write_blocking_internal>
10007e70:	b005      	add	sp, #20
10007e72:	bd30      	pop	{r4, r5, pc}

10007e74 <i2c_read_blocking>:
10007e74:	b530      	push	{r4, r5, lr}
10007e76:	b085      	sub	sp, #20
10007e78:	ac08      	add	r4, sp, #32
10007e7a:	7825      	ldrb	r5, [r4, #0]
10007e7c:	2400      	movs	r4, #0
10007e7e:	9402      	str	r4, [sp, #8]
10007e80:	9401      	str	r4, [sp, #4]
10007e82:	9500      	str	r5, [sp, #0]
10007e84:	f7ff fec6 	bl	10007c14 <i2c_read_blocking_internal>
10007e88:	b005      	add	sp, #20
10007e8a:	bd30      	pop	{r4, r5, pc}

10007e8c <strlen>:
10007e8c:	b510      	push	{r4, lr}
10007e8e:	0783      	lsls	r3, r0, #30
10007e90:	d00a      	beq.n	10007ea8 <strlen+0x1c>
10007e92:	0003      	movs	r3, r0
10007e94:	2103      	movs	r1, #3
10007e96:	e002      	b.n	10007e9e <strlen+0x12>
10007e98:	3301      	adds	r3, #1
10007e9a:	420b      	tst	r3, r1
10007e9c:	d005      	beq.n	10007eaa <strlen+0x1e>
10007e9e:	781a      	ldrb	r2, [r3, #0]
10007ea0:	2a00      	cmp	r2, #0
10007ea2:	d1f9      	bne.n	10007e98 <strlen+0xc>
10007ea4:	1a18      	subs	r0, r3, r0
10007ea6:	bd10      	pop	{r4, pc}
10007ea8:	0003      	movs	r3, r0
10007eaa:	6819      	ldr	r1, [r3, #0]
10007eac:	4a0c      	ldr	r2, [pc, #48]	@ (10007ee0 <strlen+0x54>)
10007eae:	4c0d      	ldr	r4, [pc, #52]	@ (10007ee4 <strlen+0x58>)
10007eb0:	188a      	adds	r2, r1, r2
10007eb2:	438a      	bics	r2, r1
10007eb4:	4222      	tst	r2, r4
10007eb6:	d10f      	bne.n	10007ed8 <strlen+0x4c>
10007eb8:	6859      	ldr	r1, [r3, #4]
10007eba:	4a09      	ldr	r2, [pc, #36]	@ (10007ee0 <strlen+0x54>)
10007ebc:	3304      	adds	r3, #4
10007ebe:	188a      	adds	r2, r1, r2
10007ec0:	438a      	bics	r2, r1
10007ec2:	4222      	tst	r2, r4
10007ec4:	d108      	bne.n	10007ed8 <strlen+0x4c>
10007ec6:	6859      	ldr	r1, [r3, #4]
10007ec8:	4a05      	ldr	r2, [pc, #20]	@ (10007ee0 <strlen+0x54>)
10007eca:	3304      	adds	r3, #4
10007ecc:	188a      	adds	r2, r1, r2
10007ece:	438a      	bics	r2, r1
10007ed0:	4222      	tst	r2, r4
10007ed2:	d0f1      	beq.n	10007eb8 <strlen+0x2c>
10007ed4:	e000      	b.n	10007ed8 <strlen+0x4c>
10007ed6:	3301      	adds	r3, #1
10007ed8:	781a      	ldrb	r2, [r3, #0]
10007eda:	2a00      	cmp	r2, #0
10007edc:	d1fb      	bne.n	10007ed6 <strlen+0x4a>
10007ede:	e7e1      	b.n	10007ea4 <strlen+0x18>
10007ee0:	fefefeff 	.word	0xfefefeff
10007ee4:	80808080 	.word	0x80808080

10007ee8 <_fini>:
10007ee8:	b5f8      	push	{r3, r4, r5, r6, r7, lr}
10007eea:	46c0      	nop			@ (mov r8, r8)
10007eec:	0000      	movs	r0, r0
	...

10007ef0 <__e15_is_critical_frame_period_veneer>:
10007ef0:	b401      	push	{r0}
10007ef2:	4802      	ldr	r0, [pc, #8]	@ (10007efc <__e15_is_critical_frame_period_veneer+0xc>)
10007ef4:	4684      	mov	ip, r0
10007ef6:	bc01      	pop	{r0}
10007ef8:	4760      	bx	ip
10007efa:	bf00      	nop
10007efc:	2000075d 	.word	0x2000075d

10007f00 <__flash_do_cmd_veneer>:
10007f00:	b401      	push	{r0}
10007f02:	4802      	ldr	r0, [pc, #8]	@ (10007f0c <__flash_do_cmd_veneer+0xc>)
10007f04:	4684      	mov	ip, r0
10007f06:	bc01      	pop	{r0}
10007f08:	4760      	bx	ip
10007f0a:	bf00      	nop
10007f0c:	200002f5 	.word	0x200002f5

10007f10 <__mutex_exit_veneer>:
10007f10:	b401      	push	{r0}
10007f12:	4802      	ldr	r0, [pc, #8]	@ (10007f1c <__mutex_exit_veneer+0xc>)
10007f14:	4684      	mov	ip, r0
10007f16:	bc01      	pop	{r0}
10007f18:	4760      	bx	ip
10007f1a:	bf00      	nop
10007f1c:	20000209 	.word	0x20000209

10007f20 <____aeabi_ldiv0_veneer>:
10007f20:	b401      	push	{r0}
10007f22:	4802      	ldr	r0, [pc, #8]	@ (10007f2c <____aeabi_ldiv0_veneer+0xc>)
10007f24:	4684      	mov	ip, r0
10007f26:	bc01      	pop	{r0}
10007f28:	4760      	bx	ip
10007f2a:	bf00      	nop
10007f2c:	20000b4d 	.word	0x20000b4d

10007f30 <____aeabi_idiv0_veneer>:
10007f30:	b401      	push	{r0}
10007f32:	4802      	ldr	r0, [pc, #8]	@ (10007f3c <____aeabi_idiv0_veneer+0xc>)
10007f34:	4684      	mov	ip, r0
10007f36:	bc01      	pop	{r0}
10007f38:	4760      	bx	ip
10007f3a:	bf00      	nop
10007f3c:	20000b4d 	.word	0x20000b4d

10007f40 <__mutex_try_enter_veneer>:
10007f40:	b401      	push	{r0}
10007f42:	4802      	ldr	r0, [pc, #8]	@ (10007f4c <__mutex_try_enter_veneer+0xc>)
10007f44:	4684      	mov	ip, r0
10007f46:	bc01      	pop	{r0}
10007f48:	4760      	bx	ip
10007f4a:	bf00      	nop
10007f4c:	200000c1 	.word	0x200000c1

10007f50 <__mutex_enter_timeout_ms_veneer>:
10007f50:	b401      	push	{r0}
10007f52:	4802      	ldr	r0, [pc, #8]	@ (10007f5c <__mutex_enter_timeout_ms_veneer+0xc>)
10007f54:	4684      	mov	ip, r0
10007f56:	bc01      	pop	{r0}
10007f58:	4760      	bx	ip
10007f5a:	bf00      	nop
10007f5c:	200001cd 	.word	0x200001cd

10007f60 <__reset_non_control_endpoints_veneer>:
10007f60:	b401      	push	{r0}
10007f62:	4802      	ldr	r0, [pc, #8]	@ (10007f6c <__reset_non_control_endpoints_veneer+0xc>)
10007f64:	4684      	mov	ip, r0
10007f66:	bc01      	pop	{r0}
10007f68:	4760      	bx	ip
10007f6a:	bf00      	nop
10007f6c:	200003e1 	.word	0x200003e1

10007f70 <__mutex_try_enter_block_until_veneer>:
10007f70:	b401      	push	{r0}
10007f72:	4802      	ldr	r0, [pc, #8]	@ (10007f7c <__mutex_try_enter_block_until_veneer+0xc>)
10007f74:	4684      	mov	ip, r0
10007f76:	bc01      	pop	{r0}
10007f78:	4760      	bx	ip
10007f7a:	bf00      	nop
10007f7c:	20000199 	.word	0x20000199

10007f80 <__hw_endpoint_start_next_buffer_veneer>:
10007f80:	b401      	push	{r0}
10007f82:	4802      	ldr	r0, [pc, #8]	@ (10007f8c <__hw_endpoint_start_next_buffer_veneer+0xc>)
10007f84:	4684      	mov	ip, r0
10007f86:	bc01      	pop	{r0}
10007f88:	4760      	bx	ip
10007f8a:	bf00      	nop
10007f8c:	20000885 	.word	0x20000885

10007f90 <__e15_is_bulkin_ep_veneer>:
10007f90:	b401      	push	{r0}
10007f92:	4802      	ldr	r0, [pc, #8]	@ (10007f9c <__e15_is_bulkin_ep_veneer+0xc>)
10007f94:	4684      	mov	ip, r0
10007f96:	bc01      	pop	{r0}
10007f98:	4760      	bx	ip
10007f9a:	bf00      	nop
10007f9c:	20000731 	.word	0x20000731

10007fa0 <__hw_endpoint_reset_transfer_veneer>:
10007fa0:	b401      	push	{r0}
10007fa2:	4802      	ldr	r0, [pc, #8]	@ (10007fac <__hw_endpoint_reset_transfer_veneer+0xc>)
10007fa4:	4684      	mov	ip, r0
10007fa6:	bc01      	pop	{r0}
10007fa8:	4760      	bx	ip
10007faa:	bf00      	nop
10007fac:	2000082d 	.word	0x2000082d

10007fb0 <___hw_endpoint_buffer_control_update32_veneer>:
10007fb0:	b401      	push	{r0}
10007fb2:	4802      	ldr	r0, [pc, #8]	@ (10007fbc <___hw_endpoint_buffer_control_update32_veneer+0xc>)
10007fb4:	4684      	mov	ip, r0
10007fb6:	bc01      	pop	{r0}
10007fb8:	4760      	bx	ip
10007fba:	bf00      	nop
10007fbc:	20000839 	.word	0x20000839

10007fc0 <__pre_init_runtime_init_early_resets>:
10007fc0:	10001cd1                                ....

10007fc4 <__pre_init_runtime_init_usb_power_down>:
10007fc4:	10001cfd 10001e91 10003851 10002575     ........Q8..u%..
10007fd4:	100036f1                                .6..

10007fd8 <__pre_init_runtime_init_clocks>:
10007fd8:	10001dc5                                ....

10007fdc <__pre_init_runtime_init_post_clock_resets>:
10007fdc:	10001d19                                ....

10007fe0 <__pre_init_runtime_init_rp2040_gpio_ie_disable>:
10007fe0:	10001d39                                9...

10007fe4 <__pre_init_runtime_init_spin_locks_reset>:
10007fe4:	10001d4d                                M...

10007fe8 <__pre_init_runtime_init_mutex>:
10007fe8:	10000ffd                                ....

10007fec <__pre_init_runtime_init_install_ram_vector_table>:
10007fec:	10001d55                                U...

10007ff0 <__pre_init_runtime_init_default_alarm_pool>:
10007ff0:	1000184d                                M...

10007ff4 <__pre_init_first_per_core_initializer>:
10007ff4:	10001cbd                                ....

10007ff8 <__pre_init_runtime_init_per_core_irq_priorities>:
10007ff8:	10000b11                                ....

10007ffc <__init_array_start>:
10007ffc:	10005331 	.word	0x10005331

10008000 <__frame_dummy_init_array_entry>:
10008000:	100002b1                                ....

Disassembly of section .data:

200000c0 <mutex_try_enter>:
200000c0:	b510      	push	{r4, lr}
200000c2:	0003      	movs	r3, r0
200000c4:	6804      	ldr	r4, [r0, #0]
200000c6:	f3ef 8210 	mrs	r2, PRIMASK
200000ca:	b672      	cpsid	i
200000cc:	6820      	ldr	r0, [r4, #0]
200000ce:	2800      	cmp	r0, #0
200000d0:	d0fc      	beq.n	200000cc <mutex_try_enter+0xc>
200000d2:	f3bf 8f5f 	dmb	sy
200000d6:	2004      	movs	r0, #4
200000d8:	5618      	ldrsb	r0, [r3, r0]
200000da:	2800      	cmp	r0, #0
200000dc:	db0b      	blt.n	200000f6 <mutex_try_enter+0x36>
200000de:	2900      	cmp	r1, #0
200000e0:	d010      	beq.n	20000104 <mutex_try_enter+0x44>
200000e2:	6008      	str	r0, [r1, #0]
200000e4:	2000      	movs	r0, #0
200000e6:	681b      	ldr	r3, [r3, #0]
200000e8:	f3bf 8f5f 	dmb	sy
200000ec:	2100      	movs	r1, #0
200000ee:	6019      	str	r1, [r3, #0]
200000f0:	f382 8810 	msr	PRIMASK, r2
200000f4:	bd10      	pop	{r4, pc}
200000f6:	21d0      	movs	r1, #208	@ 0xd0
200000f8:	0609      	lsls	r1, r1, #24
200000fa:	7809      	ldrb	r1, [r1, #0]
200000fc:	b249      	sxtb	r1, r1
200000fe:	7119      	strb	r1, [r3, #4]
20000100:	2001      	movs	r0, #1
20000102:	e7f0      	b.n	200000e6 <mutex_try_enter+0x26>
20000104:	2000      	movs	r0, #0
20000106:	e7ee      	b.n	200000e6 <mutex_try_enter+0x26>

20000108 <mutex_enter_block_until>:
20000108:	b5f0      	push	{r4, r5, r6, r7, lr}
2000010a:	46d6      	mov	lr, sl
2000010c:	464f      	mov	r7, r9
2000010e:	4646      	mov	r6, r8
20000110:	b5c0      	push	{r6, r7, lr}
20000112:	0005      	movs	r5, r0
20000114:	4690      	mov	r8, r2
20000116:	4699      	mov	r9, r3
20000118:	6803      	ldr	r3, [r0, #0]
2000011a:	2b00      	cmp	r3, #0
2000011c:	d020      	beq.n	20000160 <mutex_enter_block_until+0x58>
2000011e:	23d0      	movs	r3, #208	@ 0xd0
20000120:	061b      	lsls	r3, r3, #24
20000122:	781b      	ldrb	r3, [r3, #0]
20000124:	b25b      	sxtb	r3, r3
20000126:	469a      	mov	sl, r3
20000128:	682f      	ldr	r7, [r5, #0]
2000012a:	f3ef 8410 	mrs	r4, PRIMASK
2000012e:	b672      	cpsid	i
20000130:	683e      	ldr	r6, [r7, #0]
20000132:	2e00      	cmp	r6, #0
20000134:	d0fc      	beq.n	20000130 <mutex_enter_block_until+0x28>
20000136:	f3bf 8f5f 	dmb	sy
2000013a:	2304      	movs	r3, #4
2000013c:	56eb      	ldrsb	r3, [r5, r3]
2000013e:	2b00      	cmp	r3, #0
20000140:	db14      	blt.n	2000016c <mutex_enter_block_until+0x64>
20000142:	682b      	ldr	r3, [r5, #0]
20000144:	f3bf 8f5f 	dmb	sy
20000148:	2200      	movs	r2, #0
2000014a:	601a      	str	r2, [r3, #0]
2000014c:	f384 8810 	msr	PRIMASK, r4
20000150:	4640      	mov	r0, r8
20000152:	4649      	mov	r1, r9
20000154:	f000 fd3c 	bl	20000bd0 <__best_effort_wfe_or_timeout_veneer>
20000158:	2800      	cmp	r0, #0
2000015a:	d0e5      	beq.n	20000128 <mutex_enter_block_until+0x20>
2000015c:	2000      	movs	r0, #0
2000015e:	e00f      	b.n	20000180 <mutex_enter_block_until+0x78>
20000160:	4b0a      	ldr	r3, [pc, #40]	@ (2000018c <mutex_enter_block_until+0x84>)
20000162:	4a0b      	ldr	r2, [pc, #44]	@ (20000190 <mutex_enter_block_until+0x88>)
20000164:	480b      	ldr	r0, [pc, #44]	@ (20000194 <mutex_enter_block_until+0x8c>)
20000166:	21a6      	movs	r1, #166	@ 0xa6
20000168:	f000 fcfa 	bl	20000b60 <____assert_func_veneer>
2000016c:	4653      	mov	r3, sl
2000016e:	712b      	strb	r3, [r5, #4]
20000170:	682b      	ldr	r3, [r5, #0]
20000172:	f3bf 8f5f 	dmb	sy
20000176:	2200      	movs	r2, #0
20000178:	601a      	str	r2, [r3, #0]
2000017a:	f384 8810 	msr	PRIMASK, r4
2000017e:	2001      	movs	r0, #1
20000180:	bce0      	pop	{r5, r6, r7}
20000182:	46ba      	mov	sl, r7
20000184:	46b1      	mov	r9, r6
20000186:	46a8      	mov	r8, r5
20000188:	bdf0      	pop	{r4, r5, r6, r7, pc}
2000018a:	46c0      	nop			@ (mov r8, r8)
2000018c:	10008378 	.word	0x10008378
20000190:	10008d40 	.word	0x10008d40
20000194:	10008334 	.word	0x10008334

20000198 <mutex_try_enter_block_until>:
20000198:	b570      	push	{r4, r5, r6, lr}
2000019a:	b082      	sub	sp, #8
2000019c:	0006      	movs	r6, r0
2000019e:	0015      	movs	r5, r2
200001a0:	001c      	movs	r4, r3
200001a2:	a901      	add	r1, sp, #4
200001a4:	f7ff ff8c 	bl	200000c0 <mutex_try_enter>
200001a8:	2800      	cmp	r0, #0
200001aa:	d107      	bne.n	200001bc <mutex_try_enter_block_until+0x24>
200001ac:	9b01      	ldr	r3, [sp, #4]
200001ae:	b25b      	sxtb	r3, r3
200001b0:	22d0      	movs	r2, #208	@ 0xd0
200001b2:	0612      	lsls	r2, r2, #24
200001b4:	7812      	ldrb	r2, [r2, #0]
200001b6:	b252      	sxtb	r2, r2
200001b8:	4293      	cmp	r3, r2
200001ba:	d101      	bne.n	200001c0 <mutex_try_enter_block_until+0x28>
200001bc:	b002      	add	sp, #8
200001be:	bd70      	pop	{r4, r5, r6, pc}
200001c0:	002a      	movs	r2, r5
200001c2:	0023      	movs	r3, r4
200001c4:	0030      	movs	r0, r6
200001c6:	f7ff ff9f 	bl	20000108 <mutex_enter_block_until>
200001ca:	e7f7      	b.n	200001bc <mutex_try_enter_block_until+0x24>

200001cc <mutex_enter_timeout_ms>:
200001cc:	b5f8      	push	{r3, r4, r5, r6, r7, lr}
200001ce:	0006      	movs	r6, r0
200001d0:	000f      	movs	r7, r1
200001d2:	f000 fce5 	bl	20000ba0 <__time_us_64_veneer>
200001d6:	0004      	movs	r4, r0
200001d8:	000d      	movs	r5, r1
200001da:	22fa      	movs	r2, #250	@ 0xfa
200001dc:	0092      	lsls	r2, r2, #2
200001de:	2300      	movs	r3, #0
200001e0:	0038      	movs	r0, r7
200001e2:	2100      	movs	r1, #0
200001e4:	f000 fce4 	bl	20000bb0 <____wrap___aeabi_lmul_veneer>
200001e8:	0022      	movs	r2, r4
200001ea:	002b      	movs	r3, r5
200001ec:	1812      	adds	r2, r2, r0
200001ee:	414b      	adcs	r3, r1
200001f0:	2b00      	cmp	r3, #0
200001f2:	db03      	blt.n	200001fc <mutex_enter_timeout_ms+0x30>
200001f4:	0030      	movs	r0, r6
200001f6:	f7ff ff87 	bl	20000108 <mutex_enter_block_until>
200001fa:	bdf8      	pop	{r3, r4, r5, r6, r7, pc}
200001fc:	2201      	movs	r2, #1
200001fe:	4252      	negs	r2, r2
20000200:	4b00      	ldr	r3, [pc, #0]	@ (20000204 <mutex_enter_timeout_ms+0x38>)
20000202:	e7f7      	b.n	200001f4 <mutex_enter_timeout_ms+0x28>
20000204:	7fffffff 	.word	0x7fffffff

20000208 <mutex_exit>:
20000208:	b510      	push	{r4, lr}
2000020a:	6801      	ldr	r1, [r0, #0]
2000020c:	f3ef 8310 	mrs	r3, PRIMASK
20000210:	b672      	cpsid	i
20000212:	680a      	ldr	r2, [r1, #0]
20000214:	2a00      	cmp	r2, #0
20000216:	d0fc      	beq.n	20000212 <mutex_exit+0xa>
20000218:	f3bf 8f5f 	dmb	sy
2000021c:	2204      	movs	r2, #4
2000021e:	5682      	ldrsb	r2, [r0, r2]
20000220:	2a00      	cmp	r2, #0
20000222:	db0a      	blt.n	2000023a <mutex_exit+0x32>
20000224:	22ff      	movs	r2, #255	@ 0xff
20000226:	7102      	strb	r2, [r0, #4]
20000228:	6802      	ldr	r2, [r0, #0]
2000022a:	f3bf 8f5f 	dmb	sy
2000022e:	2100      	movs	r1, #0
20000230:	6011      	str	r1, [r2, #0]
20000232:	f383 8810 	msr	PRIMASK, r3
20000236:	bf40      	sev
20000238:	bd10      	pop	{r4, pc}
2000023a:	4b03      	ldr	r3, [pc, #12]	@ (20000248 <mutex_exit+0x40>)
2000023c:	4a03      	ldr	r2, [pc, #12]	@ (2000024c <mutex_exit+0x44>)
2000023e:	4804      	ldr	r0, [pc, #16]	@ (20000250 <mutex_exit+0x48>)
20000240:	21d5      	movs	r1, #213	@ 0xd5
20000242:	f000 fc8d 	bl	20000b60 <____assert_func_veneer>
20000246:	46c0      	nop			@ (mov r8, r8)
20000248:	1000838c 	.word	0x1000838c
2000024c:	10008d34 	.word	0x10008d34
20000250:	10008334 	.word	0x10008334

20000254 <flash_init_boot2_copyout>:
20000254:	4b09      	ldr	r3, [pc, #36]	@ (2000027c <flash_init_boot2_copyout+0x28>)
20000256:	781b      	ldrb	r3, [r3, #0]
20000258:	2b00      	cmp	r3, #0
2000025a:	d008      	beq.n	2000026e <flash_init_boot2_copyout+0x1a>
2000025c:	e00c      	b.n	20000278 <flash_init_boot2_copyout+0x24>
2000025e:	009a      	lsls	r2, r3, #2
20000260:	2180      	movs	r1, #128	@ 0x80
20000262:	0549      	lsls	r1, r1, #21
20000264:	1851      	adds	r1, r2, r1
20000266:	6808      	ldr	r0, [r1, #0]
20000268:	4905      	ldr	r1, [pc, #20]	@ (20000280 <flash_init_boot2_copyout+0x2c>)
2000026a:	5050      	str	r0, [r2, r1]
2000026c:	3301      	adds	r3, #1
2000026e:	2b3f      	cmp	r3, #63	@ 0x3f
20000270:	ddf5      	ble.n	2000025e <flash_init_boot2_copyout+0xa>
20000272:	4b02      	ldr	r3, [pc, #8]	@ (2000027c <flash_init_boot2_copyout+0x28>)
20000274:	2201      	movs	r2, #1
20000276:	701a      	strb	r2, [r3, #0]
20000278:	4770      	bx	lr
2000027a:	46c0      	nop			@ (mov r8, r8)
2000027c:	20001c00 	.word	0x20001c00
20000280:	200013f8 	.word	0x200013f8

20000284 <flash_enable_xip_via_boot2>:
20000284:	b510      	push	{r4, lr}
20000286:	4b01      	ldr	r3, [pc, #4]	@ (2000028c <flash_enable_xip_via_boot2+0x8>)
20000288:	4798      	blx	r3
2000028a:	bd10      	pop	{r4, pc}
2000028c:	200013f9 	.word	0x200013f9

20000290 <flash_save_hardware_state>:
20000290:	2300      	movs	r3, #0
20000292:	e005      	b.n	200002a0 <flash_save_hardware_state+0x10>
20000294:	009a      	lsls	r2, r3, #2
20000296:	4904      	ldr	r1, [pc, #16]	@ (200002a8 <flash_save_hardware_state+0x18>)
20000298:	1851      	adds	r1, r2, r1
2000029a:	6849      	ldr	r1, [r1, #4]
2000029c:	5011      	str	r1, [r2, r0]
2000029e:	3301      	adds	r3, #1
200002a0:	2b05      	cmp	r3, #5
200002a2:	d9f7      	bls.n	20000294 <flash_save_hardware_state+0x4>
200002a4:	4770      	bx	lr
200002a6:	46c0      	nop			@ (mov r8, r8)
200002a8:	40020000 	.word	0x40020000

200002ac <flash_restore_hardware_state>:
200002ac:	b510      	push	{r4, lr}
200002ae:	2200      	movs	r2, #0
200002b0:	e006      	b.n	200002c0 <flash_restore_hardware_state+0x14>
200002b2:	0093      	lsls	r3, r2, #2
200002b4:	5819      	ldr	r1, [r3, r0]
200002b6:	4c04      	ldr	r4, [pc, #16]	@ (200002c8 <flash_restore_hardware_state+0x1c>)
200002b8:	46a4      	mov	ip, r4
200002ba:	4463      	add	r3, ip
200002bc:	6059      	str	r1, [r3, #4]
200002be:	3201      	adds	r2, #1
200002c0:	2a05      	cmp	r2, #5
200002c2:	d9f6      	bls.n	200002b2 <flash_restore_hardware_state+0x6>
200002c4:	bd10      	pop	{r4, pc}
200002c6:	46c0      	nop			@ (mov r8, r8)
200002c8:	40020000 	.word	0x40020000

200002cc <flash_cs_force>:
200002cc:	2800      	cmp	r0, #0
200002ce:	d00a      	beq.n	200002e6 <flash_cs_force+0x1a>
200002d0:	2303      	movs	r3, #3
200002d2:	021b      	lsls	r3, r3, #8
200002d4:	4a05      	ldr	r2, [pc, #20]	@ (200002ec <flash_cs_force+0x20>)
200002d6:	6812      	ldr	r2, [r2, #0]
200002d8:	4053      	eors	r3, r2
200002da:	22c0      	movs	r2, #192	@ 0xc0
200002dc:	0092      	lsls	r2, r2, #2
200002de:	4013      	ands	r3, r2
200002e0:	4a03      	ldr	r2, [pc, #12]	@ (200002f0 <flash_cs_force+0x24>)
200002e2:	6013      	str	r3, [r2, #0]
200002e4:	4770      	bx	lr
200002e6:	2302      	movs	r3, #2
200002e8:	e7f3      	b.n	200002d2 <flash_cs_force+0x6>
200002ea:	46c0      	nop			@ (mov r8, r8)
200002ec:	4001800c 	.word	0x4001800c
200002f0:	4001900c 	.word	0x4001900c

200002f4 <flash_do_cmd>:
200002f4:	b5f0      	push	{r4, r5, r6, r7, lr}
200002f6:	46d6      	mov	lr, sl
200002f8:	464f      	mov	r7, r9
200002fa:	4646      	mov	r6, r8
200002fc:	b5c0      	push	{r6, r7, lr}
200002fe:	b086      	sub	sp, #24
20000300:	0007      	movs	r7, r0
20000302:	000e      	movs	r6, r1
20000304:	0015      	movs	r5, r2
20000306:	2318      	movs	r3, #24
20000308:	469a      	mov	sl, r3
2000030a:	881b      	ldrh	r3, [r3, #0]
2000030c:	2214      	movs	r2, #20
2000030e:	4690      	mov	r8, r2
20000310:	8810      	ldrh	r0, [r2, #0]
20000312:	492d      	ldr	r1, [pc, #180]	@ (200003c8 <flash_do_cmd+0xd4>)
20000314:	4798      	blx	r3
20000316:	4681      	mov	r9, r0
20000318:	4653      	mov	r3, sl
2000031a:	881b      	ldrh	r3, [r3, #0]
2000031c:	4642      	mov	r2, r8
2000031e:	8810      	ldrh	r0, [r2, #0]
20000320:	492a      	ldr	r1, [pc, #168]	@ (200003cc <flash_do_cmd+0xd8>)
20000322:	4798      	blx	r3
20000324:	0004      	movs	r4, r0
20000326:	4653      	mov	r3, sl
20000328:	881b      	ldrh	r3, [r3, #0]
2000032a:	4642      	mov	r2, r8
2000032c:	8810      	ldrh	r0, [r2, #0]
2000032e:	4928      	ldr	r1, [pc, #160]	@ (200003d0 <flash_do_cmd+0xdc>)
20000330:	4798      	blx	r3
20000332:	4680      	mov	r8, r0
20000334:	464b      	mov	r3, r9
20000336:	2b00      	cmp	r3, #0
20000338:	d00f      	beq.n	2000035a <flash_do_cmd+0x66>
2000033a:	2c00      	cmp	r4, #0
2000033c:	d00d      	beq.n	2000035a <flash_do_cmd+0x66>
2000033e:	2800      	cmp	r0, #0
20000340:	d00b      	beq.n	2000035a <flash_do_cmd+0x66>
20000342:	f7ff ff87 	bl	20000254 <flash_init_boot2_copyout>
20000346:	4668      	mov	r0, sp
20000348:	f7ff ffa2 	bl	20000290 <flash_save_hardware_state>
2000034c:	47c8      	blx	r9
2000034e:	47a0      	blx	r4
20000350:	2000      	movs	r0, #0
20000352:	f7ff ffbb 	bl	200002cc <flash_cs_force>
20000356:	002a      	movs	r2, r5
20000358:	e010      	b.n	2000037c <flash_do_cmd+0x88>
2000035a:	4b1e      	ldr	r3, [pc, #120]	@ (200003d4 <flash_do_cmd+0xe0>)
2000035c:	4a1e      	ldr	r2, [pc, #120]	@ (200003d8 <flash_do_cmd+0xe4>)
2000035e:	218a      	movs	r1, #138	@ 0x8a
20000360:	481e      	ldr	r0, [pc, #120]	@ (200003dc <flash_do_cmd+0xe8>)
20000362:	0049      	lsls	r1, r1, #1
20000364:	f000 fbfc 	bl	20000b60 <____assert_func_veneer>
20000368:	2b00      	cmp	r3, #0
2000036a:	d007      	beq.n	2000037c <flash_do_cmd+0x88>
2000036c:	2a00      	cmp	r2, #0
2000036e:	d005      	beq.n	2000037c <flash_do_cmd+0x88>
20000370:	23c0      	movs	r3, #192	@ 0xc0
20000372:	055b      	lsls	r3, r3, #21
20000374:	6e1b      	ldr	r3, [r3, #96]	@ 0x60
20000376:	7033      	strb	r3, [r6, #0]
20000378:	3a01      	subs	r2, #1
2000037a:	3601      	adds	r6, #1
2000037c:	002b      	movs	r3, r5
2000037e:	4313      	orrs	r3, r2
20000380:	d012      	beq.n	200003a8 <flash_do_cmd+0xb4>
20000382:	23c0      	movs	r3, #192	@ 0xc0
20000384:	055b      	lsls	r3, r3, #21
20000386:	6a9c      	ldr	r4, [r3, #40]	@ 0x28
20000388:	2308      	movs	r3, #8
2000038a:	4023      	ands	r3, r4
2000038c:	07a4      	lsls	r4, r4, #30
2000038e:	d5eb      	bpl.n	20000368 <flash_do_cmd+0x74>
20000390:	2d00      	cmp	r5, #0
20000392:	d0e9      	beq.n	20000368 <flash_do_cmd+0x74>
20000394:	1b51      	subs	r1, r2, r5
20000396:	290d      	cmp	r1, #13
20000398:	d8e6      	bhi.n	20000368 <flash_do_cmd+0x74>
2000039a:	7838      	ldrb	r0, [r7, #0]
2000039c:	21c0      	movs	r1, #192	@ 0xc0
2000039e:	0549      	lsls	r1, r1, #21
200003a0:	6608      	str	r0, [r1, #96]	@ 0x60
200003a2:	3d01      	subs	r5, #1
200003a4:	3701      	adds	r7, #1
200003a6:	e7df      	b.n	20000368 <flash_do_cmd+0x74>
200003a8:	2001      	movs	r0, #1
200003aa:	f7ff ff8f 	bl	200002cc <flash_cs_force>
200003ae:	47c0      	blx	r8
200003b0:	f7ff ff68 	bl	20000284 <flash_enable_xip_via_boot2>
200003b4:	4668      	mov	r0, sp
200003b6:	f7ff ff79 	bl	200002ac <flash_restore_hardware_state>
200003ba:	b006      	add	sp, #24
200003bc:	bce0      	pop	{r5, r6, r7}
200003be:	46ba      	mov	sl, r7
200003c0:	46b1      	mov	r9, r6
200003c2:	46a8      	mov	r8, r5
200003c4:	bdf0      	pop	{r4, r5, r6, r7, pc}
200003c6:	46c0      	nop			@ (mov r8, r8)
200003c8:	00004649 	.word	0x00004649
200003cc:	00005845 	.word	0x00005845
200003d0:	00004346 	.word	0x00004346
200003d4:	10008a18 	.word	0x10008a18
200003d8:	100091bc 	.word	0x100091bc
200003dc:	100088d4 	.word	0x100088d4

200003e0 <reset_non_control_endpoints>:
200003e0:	b510      	push	{r4, lr}
200003e2:	2300      	movs	r3, #0
200003e4:	e008      	b.n	200003f8 <reset_non_control_endpoints+0x18>
200003e6:	3301      	adds	r3, #1
200003e8:	00da      	lsls	r2, r3, #3
200003ea:	2100      	movs	r1, #0
200003ec:	4808      	ldr	r0, [pc, #32]	@ (20000410 <reset_non_control_endpoints+0x30>)
200003ee:	5011      	str	r1, [r2, r0]
200003f0:	4684      	mov	ip, r0
200003f2:	4462      	add	r2, ip
200003f4:	6051      	str	r1, [r2, #4]
200003f6:	b2db      	uxtb	r3, r3
200003f8:	2b0e      	cmp	r3, #14
200003fa:	d9f4      	bls.n	200003e6 <reset_non_control_endpoints+0x6>
200003fc:	4805      	ldr	r0, [pc, #20]	@ (20000414 <reset_non_control_endpoints+0x34>)
200003fe:	22f0      	movs	r2, #240	@ 0xf0
20000400:	0092      	lsls	r2, r2, #2
20000402:	2100      	movs	r1, #0
20000404:	f000 fbdc 	bl	20000bc0 <____wrap_memset_veneer>
20000408:	4b03      	ldr	r3, [pc, #12]	@ (20000418 <reset_non_control_endpoints+0x38>)
2000040a:	4a04      	ldr	r2, [pc, #16]	@ (2000041c <reset_non_control_endpoints+0x3c>)
2000040c:	601a      	str	r2, [r3, #0]
2000040e:	bd10      	pop	{r4, pc}
20000410:	50100000 	.word	0x50100000
20000414:	200015b8 	.word	0x200015b8
20000418:	2000197c 	.word	0x2000197c
2000041c:	50100180 	.word	0x50100180

20000420 <hw_handle_buff_status>:
20000420:	b5f0      	push	{r4, r5, r6, r7, lr}
20000422:	46ce      	mov	lr, r9
20000424:	4647      	mov	r7, r8
20000426:	b580      	push	{r7, lr}
20000428:	b085      	sub	sp, #20
2000042a:	4b20      	ldr	r3, [pc, #128]	@ (200004ac <hw_handle_buff_status+0x8c>)
2000042c:	6d9f      	ldr	r7, [r3, #88]	@ 0x58
2000042e:	2400      	movs	r4, #0
20000430:	2601      	movs	r6, #1
20000432:	e003      	b.n	2000043c <hw_handle_buff_status+0x1c>
20000434:	43b7      	bics	r7, r6
20000436:	0076      	lsls	r6, r6, #1
20000438:	3401      	adds	r4, #1
2000043a:	b2e4      	uxtb	r4, r4
2000043c:	2f00      	cmp	r7, #0
2000043e:	d030      	beq.n	200004a2 <hw_handle_buff_status+0x82>
20000440:	2c1f      	cmp	r4, #31
20000442:	d82e      	bhi.n	200004a2 <hw_handle_buff_status+0x82>
20000444:	423e      	tst	r6, r7
20000446:	d0f6      	beq.n	20000436 <hw_handle_buff_status+0x16>
20000448:	4b19      	ldr	r3, [pc, #100]	@ (200004b0 <hw_handle_buff_status+0x90>)
2000044a:	659e      	str	r6, [r3, #88]	@ 0x58
2000044c:	0863      	lsrs	r3, r4, #1
2000044e:	4699      	mov	r9, r3
20000450:	2301      	movs	r3, #1
20000452:	4063      	eors	r3, r4
20000454:	2201      	movs	r2, #1
20000456:	401a      	ands	r2, r3
20000458:	4690      	mov	r8, r2
2000045a:	464b      	mov	r3, r9
2000045c:	005d      	lsls	r5, r3, #1
2000045e:	4445      	add	r5, r8
20000460:	016d      	lsls	r5, r5, #5
20000462:	4b14      	ldr	r3, [pc, #80]	@ (200004b4 <hw_handle_buff_status+0x94>)
20000464:	18ed      	adds	r5, r5, r3
20000466:	0028      	movs	r0, r5
20000468:	f000 fa50 	bl	2000090c <hw_endpoint_xfer_continue>
2000046c:	2800      	cmp	r0, #0
2000046e:	d0e1      	beq.n	20000434 <hw_handle_buff_status+0x14>
20000470:	4a10      	ldr	r2, [pc, #64]	@ (200004b4 <hw_handle_buff_status+0x94>)
20000472:	464b      	mov	r3, r9
20000474:	005b      	lsls	r3, r3, #1
20000476:	4443      	add	r3, r8
20000478:	015b      	lsls	r3, r3, #5
2000047a:	18d3      	adds	r3, r2, r3
2000047c:	7899      	ldrb	r1, [r3, #2]
2000047e:	8ada      	ldrh	r2, [r3, #22]
20000480:	a801      	add	r0, sp, #4
20000482:	2300      	movs	r3, #0
20000484:	4698      	mov	r8, r3
20000486:	7003      	strb	r3, [r0, #0]
20000488:	3307      	adds	r3, #7
2000048a:	7043      	strb	r3, [r0, #1]
2000048c:	7101      	strb	r1, [r0, #4]
2000048e:	6082      	str	r2, [r0, #8]
20000490:	4643      	mov	r3, r8
20000492:	7143      	strb	r3, [r0, #5]
20000494:	2101      	movs	r1, #1
20000496:	f000 fa59 	bl	2000094c <dcd_event_handler>
2000049a:	0028      	movs	r0, r5
2000049c:	f000 f9c6 	bl	2000082c <hw_endpoint_reset_transfer>
200004a0:	e7c8      	b.n	20000434 <hw_handle_buff_status+0x14>
200004a2:	b005      	add	sp, #20
200004a4:	bcc0      	pop	{r6, r7}
200004a6:	46b9      	mov	r9, r7
200004a8:	46b0      	mov	r8, r6
200004aa:	bdf0      	pop	{r4, r5, r6, r7, pc}
200004ac:	50110000 	.word	0x50110000
200004b0:	50113000 	.word	0x50113000
200004b4:	20001578 	.word	0x20001578

200004b8 <dcd_rp2040_irq>:
200004b8:	b5f0      	push	{r4, r5, r6, r7, lr}
200004ba:	46ce      	mov	lr, r9
200004bc:	4647      	mov	r7, r8
200004be:	b580      	push	{r7, lr}
200004c0:	b085      	sub	sp, #20
200004c2:	4a77      	ldr	r2, [pc, #476]	@ (200006a0 <dcd_rp2040_irq+0x1e8>)
200004c4:	2398      	movs	r3, #152	@ 0x98
200004c6:	58d5      	ldr	r5, [r2, r3]
200004c8:	2380      	movs	r3, #128	@ 0x80
200004ca:	029b      	lsls	r3, r3, #10
200004cc:	002f      	movs	r7, r5
200004ce:	401f      	ands	r7, r3
200004d0:	421d      	tst	r5, r3
200004d2:	d046      	beq.n	20000562 <dcd_rp2040_irq+0xaa>
200004d4:	4b73      	ldr	r3, [pc, #460]	@ (200006a4 <dcd_rp2040_irq+0x1ec>)
200004d6:	6a9a      	ldr	r2, [r3, #40]	@ 0x28
200004d8:	4b73      	ldr	r3, [pc, #460]	@ (200006a8 <dcd_rp2040_irq+0x1f0>)
200004da:	601a      	str	r2, [r3, #0]
200004dc:	2400      	movs	r4, #0
200004de:	2100      	movs	r1, #0
200004e0:	e009      	b.n	200004f6 <dcd_rp2040_irq+0x3e>
200004e2:	4b72      	ldr	r3, [pc, #456]	@ (200006ac <dcd_rp2040_irq+0x1f4>)
200004e4:	185b      	adds	r3, r3, r1
200004e6:	333c      	adds	r3, #60	@ 0x3c
200004e8:	2200      	movs	r2, #0
200004ea:	701a      	strb	r2, [r3, #0]
200004ec:	f000 f9ca 	bl	20000884 <hw_endpoint_start_next_buffer>
200004f0:	0031      	movs	r1, r6
200004f2:	3401      	adds	r4, #1
200004f4:	b2e4      	uxtb	r4, r4
200004f6:	2c0f      	cmp	r4, #15
200004f8:	d818      	bhi.n	2000052c <dcd_rp2040_irq+0x74>
200004fa:	01a6      	lsls	r6, r4, #6
200004fc:	0030      	movs	r0, r6
200004fe:	3020      	adds	r0, #32
20000500:	4b6a      	ldr	r3, [pc, #424]	@ (200006ac <dcd_rp2040_irq+0x1f4>)
20000502:	18c0      	adds	r0, r0, r3
20000504:	199b      	adds	r3, r3, r6
20000506:	333b      	adds	r3, #59	@ 0x3b
20000508:	781b      	ldrb	r3, [r3, #0]
2000050a:	2b02      	cmp	r3, #2
2000050c:	d1f1      	bne.n	200004f2 <dcd_rp2040_irq+0x3a>
2000050e:	4b67      	ldr	r3, [pc, #412]	@ (200006ac <dcd_rp2040_irq+0x1f4>)
20000510:	199b      	adds	r3, r3, r6
20000512:	333a      	adds	r3, #58	@ 0x3a
20000514:	781e      	ldrb	r6, [r3, #0]
20000516:	2e00      	cmp	r6, #0
20000518:	d0eb      	beq.n	200004f2 <dcd_rp2040_irq+0x3a>
2000051a:	4b64      	ldr	r3, [pc, #400]	@ (200006ac <dcd_rp2040_irq+0x1f4>)
2000051c:	01a1      	lsls	r1, r4, #6
2000051e:	185b      	adds	r3, r3, r1
20000520:	333c      	adds	r3, #60	@ 0x3c
20000522:	781b      	ldrb	r3, [r3, #0]
20000524:	2b00      	cmp	r3, #0
20000526:	d1dc      	bne.n	200004e2 <dcd_rp2040_irq+0x2a>
20000528:	0031      	movs	r1, r6
2000052a:	e7e2      	b.n	200004f2 <dcd_rp2040_irq+0x3a>
2000052c:	2900      	cmp	r1, #0
2000052e:	d108      	bne.n	20000542 <dcd_rp2040_irq+0x8a>
20000530:	4b5f      	ldr	r3, [pc, #380]	@ (200006b0 <dcd_rp2040_irq+0x1f8>)
20000532:	781b      	ldrb	r3, [r3, #0]
20000534:	2b00      	cmp	r3, #0
20000536:	d104      	bne.n	20000542 <dcd_rp2040_irq+0x8a>
20000538:	4a5e      	ldr	r2, [pc, #376]	@ (200006b4 <dcd_rp2040_irq+0x1fc>)
2000053a:	3390      	adds	r3, #144	@ 0x90
2000053c:	2180      	movs	r1, #128	@ 0x80
2000053e:	0289      	lsls	r1, r1, #10
20000540:	50d1      	str	r1, [r2, r3]
20000542:	4b57      	ldr	r3, [pc, #348]	@ (200006a0 <dcd_rp2040_irq+0x1e8>)
20000544:	6c9b      	ldr	r3, [r3, #72]	@ 0x48
20000546:	055b      	lsls	r3, r3, #21
20000548:	0d5b      	lsrs	r3, r3, #21
2000054a:	2200      	movs	r2, #0
2000054c:	4669      	mov	r1, sp
2000054e:	710a      	strb	r2, [r1, #4]
20000550:	3203      	adds	r2, #3
20000552:	714a      	strb	r2, [r1, #5]
20000554:	9302      	str	r3, [sp, #8]
20000556:	2101      	movs	r1, #1
20000558:	a801      	add	r0, sp, #4
2000055a:	f000 f9f7 	bl	2000094c <dcd_event_handler>
2000055e:	2780      	movs	r7, #128	@ 0x80
20000560:	02bf      	lsls	r7, r7, #10
20000562:	06eb      	lsls	r3, r5, #27
20000564:	d406      	bmi.n	20000574 <dcd_rp2040_irq+0xbc>
20000566:	03eb      	lsls	r3, r5, #15
20000568:	d552      	bpl.n	20000610 <dcd_rp2040_irq+0x158>
2000056a:	2380      	movs	r3, #128	@ 0x80
2000056c:	025b      	lsls	r3, r3, #9
2000056e:	431f      	orrs	r7, r3
20000570:	2400      	movs	r4, #0
20000572:	e019      	b.n	200005a8 <dcd_rp2040_irq+0xf0>
20000574:	2310      	movs	r3, #16
20000576:	431f      	orrs	r7, r3
20000578:	f7ff ff52 	bl	20000420 <hw_handle_buff_status>
2000057c:	e7f3      	b.n	20000566 <dcd_rp2040_irq+0xae>
2000057e:	2302      	movs	r3, #2
20000580:	4699      	mov	r9, r3
20000582:	e01e      	b.n	200005c2 <dcd_rp2040_irq+0x10a>
20000584:	4b4c      	ldr	r3, [pc, #304]	@ (200006b8 <dcd_rp2040_irq+0x200>)
20000586:	464a      	mov	r2, r9
20000588:	661a      	str	r2, [r3, #96]	@ 0x60
2000058a:	4b45      	ldr	r3, [pc, #276]	@ (200006a0 <dcd_rp2040_irq+0x1e8>)
2000058c:	6e5b      	ldr	r3, [r3, #100]	@ 0x64
2000058e:	464a      	mov	r2, r9
20000590:	4013      	ands	r3, r2
20000592:	4599      	cmp	r9, r3
20000594:	d1f9      	bne.n	2000058a <dcd_rp2040_irq+0xd2>
20000596:	e018      	b.n	200005ca <dcd_rp2040_irq+0x112>
20000598:	4b44      	ldr	r3, [pc, #272]	@ (200006ac <dcd_rp2040_irq+0x1f4>)
2000059a:	4642      	mov	r2, r8
2000059c:	0152      	lsls	r2, r2, #5
2000059e:	189b      	adds	r3, r3, r2
200005a0:	2201      	movs	r2, #1
200005a2:	70da      	strb	r2, [r3, #3]
200005a4:	3401      	adds	r4, #1
200005a6:	b2e4      	uxtb	r4, r4
200005a8:	2c01      	cmp	r4, #1
200005aa:	d820      	bhi.n	200005ee <dcd_rp2040_irq+0x136>
200005ac:	46a0      	mov	r8, r4
200005ae:	0166      	lsls	r6, r4, #5
200005b0:	4b3e      	ldr	r3, [pc, #248]	@ (200006ac <dcd_rp2040_irq+0x1f4>)
200005b2:	18f6      	adds	r6, r6, r3
200005b4:	7eb3      	ldrb	r3, [r6, #26]
200005b6:	2b00      	cmp	r3, #0
200005b8:	d0ee      	beq.n	20000598 <dcd_rp2040_irq+0xe0>
200005ba:	2c00      	cmp	r4, #0
200005bc:	d0df      	beq.n	2000057e <dcd_rp2040_irq+0xc6>
200005be:	2301      	movs	r3, #1
200005c0:	4699      	mov	r9, r3
200005c2:	f000 fb0d 	bl	20000be0 <__rp2040_chip_version_veneer>
200005c6:	2801      	cmp	r0, #1
200005c8:	d8dc      	bhi.n	20000584 <dcd_rp2040_irq+0xcc>
200005ca:	22c0      	movs	r2, #192	@ 0xc0
200005cc:	0192      	lsls	r2, r2, #6
200005ce:	2100      	movs	r1, #0
200005d0:	0030      	movs	r0, r6
200005d2:	f000 f931 	bl	20000838 <_hw_endpoint_buffer_control_update32>
200005d6:	0030      	movs	r0, r6
200005d8:	f000 f928 	bl	2000082c <hw_endpoint_reset_transfer>
200005dc:	f000 fb00 	bl	20000be0 <__rp2040_chip_version_veneer>
200005e0:	2801      	cmp	r0, #1
200005e2:	d9d9      	bls.n	20000598 <dcd_rp2040_irq+0xe0>
200005e4:	4b33      	ldr	r3, [pc, #204]	@ (200006b4 <dcd_rp2040_irq+0x1fc>)
200005e6:	464a      	mov	r2, r9
200005e8:	665a      	str	r2, [r3, #100]	@ 0x64
200005ea:	661a      	str	r2, [r3, #96]	@ 0x60
200005ec:	e7d4      	b.n	20000598 <dcd_rp2040_irq+0xe0>
200005ee:	2300      	movs	r3, #0
200005f0:	466a      	mov	r2, sp
200005f2:	7113      	strb	r3, [r2, #4]
200005f4:	3306      	adds	r3, #6
200005f6:	7153      	strb	r3, [r2, #5]
200005f8:	4a30      	ldr	r2, [pc, #192]	@ (200006bc <dcd_rp2040_irq+0x204>)
200005fa:	ab02      	add	r3, sp, #8
200005fc:	ca03      	ldmia	r2!, {r0, r1}
200005fe:	c303      	stmia	r3!, {r0, r1}
20000600:	2101      	movs	r1, #1
20000602:	a801      	add	r0, sp, #4
20000604:	f000 f9a2 	bl	2000094c <dcd_event_handler>
20000608:	4b2a      	ldr	r3, [pc, #168]	@ (200006b4 <dcd_rp2040_irq+0x1fc>)
2000060a:	2280      	movs	r2, #128	@ 0x80
2000060c:	0292      	lsls	r2, r2, #10
2000060e:	651a      	str	r2, [r3, #80]	@ 0x50
20000610:	04eb      	lsls	r3, r5, #19
20000612:	d40a      	bmi.n	2000062a <dcd_rp2040_irq+0x172>
20000614:	046b      	lsls	r3, r5, #17
20000616:	d41d      	bmi.n	20000654 <dcd_rp2040_irq+0x19c>
20000618:	042b      	lsls	r3, r5, #16
2000061a:	d42b      	bmi.n	20000674 <dcd_rp2040_irq+0x1bc>
2000061c:	42af      	cmp	r7, r5
2000061e:	d13a      	bne.n	20000696 <dcd_rp2040_irq+0x1de>
20000620:	b005      	add	sp, #20
20000622:	bcc0      	pop	{r6, r7}
20000624:	46b9      	mov	r9, r7
20000626:	46b0      	mov	r8, r6
20000628:	bdf0      	pop	{r4, r5, r6, r7, pc}
2000062a:	2380      	movs	r3, #128	@ 0x80
2000062c:	015b      	lsls	r3, r3, #5
2000062e:	431f      	orrs	r7, r3
20000630:	2400      	movs	r4, #0
20000632:	4b1b      	ldr	r3, [pc, #108]	@ (200006a0 <dcd_rp2040_irq+0x1e8>)
20000634:	601c      	str	r4, [r3, #0]
20000636:	f7ff fed3 	bl	200003e0 <reset_non_control_endpoints>
2000063a:	a801      	add	r0, sp, #4
2000063c:	7004      	strb	r4, [r0, #0]
2000063e:	2301      	movs	r3, #1
20000640:	7043      	strb	r3, [r0, #1]
20000642:	7104      	strb	r4, [r0, #4]
20000644:	2101      	movs	r1, #1
20000646:	f000 f981 	bl	2000094c <dcd_event_handler>
2000064a:	4b1a      	ldr	r3, [pc, #104]	@ (200006b4 <dcd_rp2040_irq+0x1fc>)
2000064c:	2280      	movs	r2, #128	@ 0x80
2000064e:	0312      	lsls	r2, r2, #12
20000650:	651a      	str	r2, [r3, #80]	@ 0x50
20000652:	e7df      	b.n	20000614 <dcd_rp2040_irq+0x15c>
20000654:	2380      	movs	r3, #128	@ 0x80
20000656:	01db      	lsls	r3, r3, #7
20000658:	431f      	orrs	r7, r3
2000065a:	2300      	movs	r3, #0
2000065c:	466a      	mov	r2, sp
2000065e:	7113      	strb	r3, [r2, #4]
20000660:	3304      	adds	r3, #4
20000662:	7153      	strb	r3, [r2, #5]
20000664:	2101      	movs	r1, #1
20000666:	a801      	add	r0, sp, #4
20000668:	f000 f970 	bl	2000094c <dcd_event_handler>
2000066c:	4b11      	ldr	r3, [pc, #68]	@ (200006b4 <dcd_rp2040_irq+0x1fc>)
2000066e:	2210      	movs	r2, #16
20000670:	651a      	str	r2, [r3, #80]	@ 0x50
20000672:	e7d1      	b.n	20000618 <dcd_rp2040_irq+0x160>
20000674:	2380      	movs	r3, #128	@ 0x80
20000676:	021b      	lsls	r3, r3, #8
20000678:	431f      	orrs	r7, r3
2000067a:	2300      	movs	r3, #0
2000067c:	466a      	mov	r2, sp
2000067e:	7113      	strb	r3, [r2, #4]
20000680:	3305      	adds	r3, #5
20000682:	7153      	strb	r3, [r2, #5]
20000684:	2101      	movs	r1, #1
20000686:	a801      	add	r0, sp, #4
20000688:	f000 f960 	bl	2000094c <dcd_event_handler>
2000068c:	4b09      	ldr	r3, [pc, #36]	@ (200006b4 <dcd_rp2040_irq+0x1fc>)
2000068e:	2280      	movs	r2, #128	@ 0x80
20000690:	0112      	lsls	r2, r2, #4
20000692:	651a      	str	r2, [r3, #80]	@ 0x50
20000694:	e7c2      	b.n	2000061c <dcd_rp2040_irq+0x164>
20000696:	0039      	movs	r1, r7
20000698:	4069      	eors	r1, r5
2000069a:	4809      	ldr	r0, [pc, #36]	@ (200006c0 <dcd_rp2040_irq+0x208>)
2000069c:	f000 fa68 	bl	20000b70 <__panic_veneer>
200006a0:	50110000 	.word	0x50110000
200006a4:	40054000 	.word	0x40054000
200006a8:	20001570 	.word	0x20001570
200006ac:	20001578 	.word	0x20001578
200006b0:	20001bfe 	.word	0x20001bfe
200006b4:	50113000 	.word	0x50113000
200006b8:	50112000 	.word	0x50112000
200006bc:	50100000 	.word	0x50100000
200006c0:	10008b04 	.word	0x10008b04

200006c4 <prepare_ep_buffer>:
200006c4:	b5f8      	push	{r3, r4, r5, r6, r7, lr}
200006c6:	0004      	movs	r4, r0
200006c8:	000f      	movs	r7, r1
200006ca:	8a83      	ldrh	r3, [r0, #20]
200006cc:	8b02      	ldrh	r2, [r0, #24]
200006ce:	1c1e      	adds	r6, r3, #0
200006d0:	4293      	cmp	r3, r2
200006d2:	d900      	bls.n	200006d6 <prepare_ep_buffer+0x12>
200006d4:	1c16      	adds	r6, r2, #0
200006d6:	b2b6      	uxth	r6, r6
200006d8:	1b9b      	subs	r3, r3, r6
200006da:	82a3      	strh	r3, [r4, #20]
200006dc:	2280      	movs	r2, #128	@ 0x80
200006de:	00d2      	lsls	r2, r2, #3
200006e0:	4332      	orrs	r2, r6
200006e2:	78e3      	ldrb	r3, [r4, #3]
200006e4:	2b00      	cmp	r3, #0
200006e6:	d013      	beq.n	20000710 <prepare_ep_buffer+0x4c>
200006e8:	2580      	movs	r5, #128	@ 0x80
200006ea:	01ad      	lsls	r5, r5, #6
200006ec:	4315      	orrs	r5, r2
200006ee:	2201      	movs	r2, #1
200006f0:	4053      	eors	r3, r2
200006f2:	70e3      	strb	r3, [r4, #3]
200006f4:	7863      	ldrb	r3, [r4, #1]
200006f6:	2b00      	cmp	r3, #0
200006f8:	d00c      	beq.n	20000714 <prepare_ep_buffer+0x50>
200006fa:	8aa3      	ldrh	r3, [r4, #20]
200006fc:	2b00      	cmp	r3, #0
200006fe:	d102      	bne.n	20000706 <prepare_ep_buffer+0x42>
20000700:	2380      	movs	r3, #128	@ 0x80
20000702:	01db      	lsls	r3, r3, #7
20000704:	431d      	orrs	r5, r3
20000706:	2f00      	cmp	r7, #0
20000708:	d000      	beq.n	2000070c <prepare_ep_buffer+0x48>
2000070a:	042d      	lsls	r5, r5, #16
2000070c:	0028      	movs	r0, r5
2000070e:	bdf8      	pop	{r3, r4, r5, r6, r7, pc}
20000710:	2500      	movs	r5, #0
20000712:	e7eb      	b.n	200006ec <prepare_ep_buffer+0x28>
20000714:	68e0      	ldr	r0, [r4, #12]
20000716:	01bb      	lsls	r3, r7, #6
20000718:	18c0      	adds	r0, r0, r3
2000071a:	6921      	ldr	r1, [r4, #16]
2000071c:	0032      	movs	r2, r6
2000071e:	f000 fa67 	bl	20000bf0 <__unaligned_memcpy_veneer>
20000722:	6923      	ldr	r3, [r4, #16]
20000724:	199b      	adds	r3, r3, r6
20000726:	6123      	str	r3, [r4, #16]
20000728:	2380      	movs	r3, #128	@ 0x80
2000072a:	021b      	lsls	r3, r3, #8
2000072c:	431d      	orrs	r5, r3
2000072e:	e7e4      	b.n	200006fa <prepare_ep_buffer+0x36>

20000730 <e15_is_bulkin_ep>:
20000730:	4b09      	ldr	r3, [pc, #36]	@ (20000758 <e15_is_bulkin_ep+0x28>)
20000732:	6c1b      	ldr	r3, [r3, #64]	@ 0x40
20000734:	079b      	lsls	r3, r3, #30
20000736:	d40c      	bmi.n	20000752 <e15_is_bulkin_ep+0x22>
20000738:	7883      	ldrb	r3, [r0, #2]
2000073a:	09db      	lsrs	r3, r3, #7
2000073c:	2b01      	cmp	r3, #1
2000073e:	d001      	beq.n	20000744 <e15_is_bulkin_ep+0x14>
20000740:	2000      	movs	r0, #0
20000742:	e007      	b.n	20000754 <e15_is_bulkin_ep+0x24>
20000744:	7ec3      	ldrb	r3, [r0, #27]
20000746:	2b02      	cmp	r3, #2
20000748:	d001      	beq.n	2000074e <e15_is_bulkin_ep+0x1e>
2000074a:	2000      	movs	r0, #0
2000074c:	e002      	b.n	20000754 <e15_is_bulkin_ep+0x24>
2000074e:	2001      	movs	r0, #1
20000750:	e000      	b.n	20000754 <e15_is_bulkin_ep+0x24>
20000752:	2000      	movs	r0, #0
20000754:	4770      	bx	lr
20000756:	46c0      	nop			@ (mov r8, r8)
20000758:	50110000 	.word	0x50110000

2000075c <e15_is_critical_frame_period>:
2000075c:	b510      	push	{r4, lr}
2000075e:	f7ff ffe7 	bl	20000730 <e15_is_bulkin_ep>
20000762:	2800      	cmp	r0, #0
20000764:	d009      	beq.n	2000077a <e15_is_critical_frame_period+0x1e>
20000766:	4b06      	ldr	r3, [pc, #24]	@ (20000780 <e15_is_critical_frame_period+0x24>)
20000768:	6a9b      	ldr	r3, [r3, #40]	@ 0x28
2000076a:	4a06      	ldr	r2, [pc, #24]	@ (20000784 <e15_is_critical_frame_period+0x28>)
2000076c:	6812      	ldr	r2, [r2, #0]
2000076e:	1a9b      	subs	r3, r3, r2
20000770:	4a05      	ldr	r2, [pc, #20]	@ (20000788 <e15_is_critical_frame_period+0x2c>)
20000772:	4694      	mov	ip, r2
20000774:	4463      	add	r3, ip
20000776:	2bc6      	cmp	r3, #198	@ 0xc6
20000778:	d800      	bhi.n	2000077c <e15_is_critical_frame_period+0x20>
2000077a:	bd10      	pop	{r4, pc}
2000077c:	2000      	movs	r0, #0
2000077e:	e7fc      	b.n	2000077a <e15_is_critical_frame_period+0x1e>
20000780:	40054000 	.word	0x40054000
20000784:	20001570 	.word	0x20001570
20000788:	fffffce0 	.word	0xfffffce0

2000078c <sync_ep_buffer>:
2000078c:	b570      	push	{r4, r5, r6, lr}
2000078e:	0004      	movs	r4, r0
20000790:	6883      	ldr	r3, [r0, #8]
20000792:	681b      	ldr	r3, [r3, #0]
20000794:	2900      	cmp	r1, #0
20000796:	d000      	beq.n	2000079a <sync_ep_buffer+0xe>
20000798:	0c1b      	lsrs	r3, r3, #16
2000079a:	059d      	lsls	r5, r3, #22
2000079c:	0dad      	lsrs	r5, r5, #22
2000079e:	7862      	ldrb	r2, [r4, #1]
200007a0:	2a00      	cmp	r2, #0
200007a2:	d111      	bne.n	200007c8 <sync_ep_buffer+0x3c>
200007a4:	041b      	lsls	r3, r3, #16
200007a6:	d409      	bmi.n	200007bc <sync_ep_buffer+0x30>
200007a8:	8ae3      	ldrh	r3, [r4, #22]
200007aa:	195b      	adds	r3, r3, r5
200007ac:	82e3      	strh	r3, [r4, #22]
200007ae:	8b23      	ldrh	r3, [r4, #24]
200007b0:	42ab      	cmp	r3, r5
200007b2:	d901      	bls.n	200007b8 <sync_ep_buffer+0x2c>
200007b4:	2300      	movs	r3, #0
200007b6:	82a3      	strh	r3, [r4, #20]
200007b8:	0028      	movs	r0, r5
200007ba:	bd70      	pop	{r4, r5, r6, pc}
200007bc:	4b0d      	ldr	r3, [pc, #52]	@ (200007f4 <sync_ep_buffer+0x68>)
200007be:	4a0e      	ldr	r2, [pc, #56]	@ (200007f8 <sync_ep_buffer+0x6c>)
200007c0:	480e      	ldr	r0, [pc, #56]	@ (200007fc <sync_ep_buffer+0x70>)
200007c2:	21e8      	movs	r1, #232	@ 0xe8
200007c4:	f000 f9cc 	bl	20000b60 <____assert_func_veneer>
200007c8:	041b      	lsls	r3, r3, #16
200007ca:	d50d      	bpl.n	200007e8 <sync_ep_buffer+0x5c>
200007cc:	6920      	ldr	r0, [r4, #16]
200007ce:	68e3      	ldr	r3, [r4, #12]
200007d0:	0189      	lsls	r1, r1, #6
200007d2:	1859      	adds	r1, r3, r1
200007d4:	002a      	movs	r2, r5
200007d6:	f000 fa0b 	bl	20000bf0 <__unaligned_memcpy_veneer>
200007da:	8ae3      	ldrh	r3, [r4, #22]
200007dc:	195b      	adds	r3, r3, r5
200007de:	82e3      	strh	r3, [r4, #22]
200007e0:	6923      	ldr	r3, [r4, #16]
200007e2:	195b      	adds	r3, r3, r5
200007e4:	6123      	str	r3, [r4, #16]
200007e6:	e7e2      	b.n	200007ae <sync_ep_buffer+0x22>
200007e8:	4b05      	ldr	r3, [pc, #20]	@ (20000800 <sync_ep_buffer+0x74>)
200007ea:	4a03      	ldr	r2, [pc, #12]	@ (200007f8 <sync_ep_buffer+0x6c>)
200007ec:	4803      	ldr	r0, [pc, #12]	@ (200007fc <sync_ep_buffer+0x70>)
200007ee:	21ee      	movs	r1, #238	@ 0xee
200007f0:	f000 f9b6 	bl	20000b60 <____assert_func_veneer>
200007f4:	10008b24 	.word	0x10008b24
200007f8:	1000921c 	.word	0x1000921c
200007fc:	10008b44 	.word	0x10008b44
20000800:	10008b9c 	.word	0x10008b9c

20000804 <_hw_endpoint_xfer_sync>:
20000804:	b510      	push	{r4, lr}
20000806:	0004      	movs	r4, r0
20000808:	6883      	ldr	r3, [r0, #8]
2000080a:	681b      	ldr	r3, [r3, #0]
2000080c:	2100      	movs	r1, #0
2000080e:	f7ff ffbd 	bl	2000078c <sync_ep_buffer>
20000812:	6863      	ldr	r3, [r4, #4]
20000814:	681b      	ldr	r3, [r3, #0]
20000816:	005b      	lsls	r3, r3, #1
20000818:	d502      	bpl.n	20000820 <_hw_endpoint_xfer_sync+0x1c>
2000081a:	8b23      	ldrh	r3, [r4, #24]
2000081c:	4283      	cmp	r3, r0
2000081e:	d000      	beq.n	20000822 <_hw_endpoint_xfer_sync+0x1e>
20000820:	bd10      	pop	{r4, pc}
20000822:	2101      	movs	r1, #1
20000824:	0020      	movs	r0, r4
20000826:	f7ff ffb1 	bl	2000078c <sync_ep_buffer>
2000082a:	e7f9      	b.n	20000820 <_hw_endpoint_xfer_sync+0x1c>

2000082c <hw_endpoint_reset_transfer>:
2000082c:	2300      	movs	r3, #0
2000082e:	7683      	strb	r3, [r0, #26]
20000830:	8283      	strh	r3, [r0, #20]
20000832:	82c3      	strh	r3, [r0, #22]
20000834:	6103      	str	r3, [r0, #16]
20000836:	4770      	bx	lr

20000838 <_hw_endpoint_buffer_control_update32>:
20000838:	b510      	push	{r4, lr}
2000083a:	2900      	cmp	r1, #0
2000083c:	d002      	beq.n	20000844 <_hw_endpoint_buffer_control_update32+0xc>
2000083e:	6883      	ldr	r3, [r0, #8]
20000840:	681b      	ldr	r3, [r3, #0]
20000842:	4019      	ands	r1, r3
20000844:	2a00      	cmp	r2, #0
20000846:	d010      	beq.n	2000086a <_hw_endpoint_buffer_control_update32+0x32>
20000848:	4311      	orrs	r1, r2
2000084a:	0552      	lsls	r2, r2, #21
2000084c:	d50d      	bpl.n	2000086a <_hw_endpoint_buffer_control_update32+0x32>
2000084e:	6882      	ldr	r2, [r0, #8]
20000850:	6813      	ldr	r3, [r2, #0]
20000852:	055b      	lsls	r3, r3, #21
20000854:	d40c      	bmi.n	20000870 <_hw_endpoint_buffer_control_update32+0x38>
20000856:	4b08      	ldr	r3, [pc, #32]	@ (20000878 <_hw_endpoint_buffer_control_update32+0x40>)
20000858:	400b      	ands	r3, r1
2000085a:	6013      	str	r3, [r2, #0]
2000085c:	4b07      	ldr	r3, [pc, #28]	@ (2000087c <_hw_endpoint_buffer_control_update32+0x44>)
2000085e:	6c1b      	ldr	r3, [r3, #64]	@ 0x40
20000860:	079b      	lsls	r3, r3, #30
20000862:	d402      	bmi.n	2000086a <_hw_endpoint_buffer_control_update32+0x32>
20000864:	230c      	movs	r3, #12
20000866:	3b03      	subs	r3, #3
20000868:	d2fd      	bcs.n	20000866 <_hw_endpoint_buffer_control_update32+0x2e>
2000086a:	6883      	ldr	r3, [r0, #8]
2000086c:	6019      	str	r1, [r3, #0]
2000086e:	bd10      	pop	{r4, pc}
20000870:	7881      	ldrb	r1, [r0, #2]
20000872:	4803      	ldr	r0, [pc, #12]	@ (20000880 <_hw_endpoint_buffer_control_update32+0x48>)
20000874:	f000 f97c 	bl	20000b70 <__panic_veneer>
20000878:	fffffbff 	.word	0xfffffbff
2000087c:	50110000 	.word	0x50110000
20000880:	10008bbc 	.word	0x10008bbc

20000884 <hw_endpoint_start_next_buffer>:
20000884:	b570      	push	{r4, r5, r6, lr}
20000886:	0004      	movs	r4, r0
20000888:	6843      	ldr	r3, [r0, #4]
2000088a:	681e      	ldr	r6, [r3, #0]
2000088c:	2100      	movs	r1, #0
2000088e:	f7ff ff19 	bl	200006c4 <prepare_ep_buffer>
20000892:	2580      	movs	r5, #128	@ 0x80
20000894:	016d      	lsls	r5, r5, #5
20000896:	4305      	orrs	r5, r0
20000898:	4b19      	ldr	r3, [pc, #100]	@ (20000900 <hw_endpoint_start_next_buffer+0x7c>)
2000089a:	6c1b      	ldr	r3, [r3, #64]	@ 0x40
2000089c:	2202      	movs	r2, #2
2000089e:	0011      	movs	r1, r2
200008a0:	4019      	ands	r1, r3
200008a2:	421a      	tst	r2, r3
200008a4:	d104      	bne.n	200008b0 <hw_endpoint_start_next_buffer+0x2c>
200008a6:	78a3      	ldrb	r3, [r4, #2]
200008a8:	09db      	lsrs	r3, r3, #7
200008aa:	d017      	beq.n	200008dc <hw_endpoint_start_next_buffer+0x58>
200008ac:	2900      	cmp	r1, #0
200008ae:	d017      	beq.n	200008e0 <hw_endpoint_start_next_buffer+0x5c>
200008b0:	78a3      	ldrb	r3, [r4, #2]
200008b2:	065b      	lsls	r3, r3, #25
200008b4:	d116      	bne.n	200008e4 <hw_endpoint_start_next_buffer+0x60>
200008b6:	2300      	movs	r3, #0
200008b8:	8aa2      	ldrh	r2, [r4, #20]
200008ba:	2a00      	cmp	r2, #0
200008bc:	d001      	beq.n	200008c2 <hw_endpoint_start_next_buffer+0x3e>
200008be:	2b00      	cmp	r3, #0
200008c0:	d012      	beq.n	200008e8 <hw_endpoint_start_next_buffer+0x64>
200008c2:	4b10      	ldr	r3, [pc, #64]	@ (20000904 <hw_endpoint_start_next_buffer+0x80>)
200008c4:	401e      	ands	r6, r3
200008c6:	2380      	movs	r3, #128	@ 0x80
200008c8:	059b      	lsls	r3, r3, #22
200008ca:	4333      	orrs	r3, r6
200008cc:	6862      	ldr	r2, [r4, #4]
200008ce:	6013      	str	r3, [r2, #0]
200008d0:	002a      	movs	r2, r5
200008d2:	2100      	movs	r1, #0
200008d4:	0020      	movs	r0, r4
200008d6:	f7ff ffaf 	bl	20000838 <_hw_endpoint_buffer_control_update32>
200008da:	bd70      	pop	{r4, r5, r6, pc}
200008dc:	2301      	movs	r3, #1
200008de:	e7eb      	b.n	200008b8 <hw_endpoint_start_next_buffer+0x34>
200008e0:	2300      	movs	r3, #0
200008e2:	e7e9      	b.n	200008b8 <hw_endpoint_start_next_buffer+0x34>
200008e4:	2301      	movs	r3, #1
200008e6:	e7e7      	b.n	200008b8 <hw_endpoint_start_next_buffer+0x34>
200008e8:	2101      	movs	r1, #1
200008ea:	0020      	movs	r0, r4
200008ec:	f7ff feea 	bl	200006c4 <prepare_ep_buffer>
200008f0:	4305      	orrs	r5, r0
200008f2:	4a05      	ldr	r2, [pc, #20]	@ (20000908 <hw_endpoint_start_next_buffer+0x84>)
200008f4:	4032      	ands	r2, r6
200008f6:	23a0      	movs	r3, #160	@ 0xa0
200008f8:	05db      	lsls	r3, r3, #23
200008fa:	4313      	orrs	r3, r2
200008fc:	e7e6      	b.n	200008cc <hw_endpoint_start_next_buffer+0x48>
200008fe:	46c0      	nop			@ (mov r8, r8)
20000900:	50110000 	.word	0x50110000
20000904:	afffffff 	.word	0xafffffff
20000908:	dfffffff 	.word	0xdfffffff

2000090c <hw_endpoint_xfer_continue>:
2000090c:	b570      	push	{r4, r5, r6, lr}
2000090e:	0004      	movs	r4, r0
20000910:	7e85      	ldrb	r5, [r0, #26]
20000912:	2d00      	cmp	r5, #0
20000914:	d006      	beq.n	20000924 <hw_endpoint_xfer_continue+0x18>
20000916:	f7ff ff75 	bl	20000804 <_hw_endpoint_xfer_sync>
2000091a:	8aa3      	ldrh	r3, [r4, #20]
2000091c:	2b00      	cmp	r3, #0
2000091e:	d105      	bne.n	2000092c <hw_endpoint_xfer_continue+0x20>
20000920:	0028      	movs	r0, r5
20000922:	bd70      	pop	{r4, r5, r6, pc}
20000924:	7881      	ldrb	r1, [r0, #2]
20000926:	4808      	ldr	r0, [pc, #32]	@ (20000948 <hw_endpoint_xfer_continue+0x3c>)
20000928:	f000 f922 	bl	20000b70 <__panic_veneer>
2000092c:	0020      	movs	r0, r4
2000092e:	f7ff ff15 	bl	2000075c <e15_is_critical_frame_period>
20000932:	1e05      	subs	r5, r0, #0
20000934:	d003      	beq.n	2000093e <hw_endpoint_xfer_continue+0x32>
20000936:	2301      	movs	r3, #1
20000938:	7723      	strb	r3, [r4, #28]
2000093a:	2500      	movs	r5, #0
2000093c:	e7f0      	b.n	20000920 <hw_endpoint_xfer_continue+0x14>
2000093e:	0020      	movs	r0, r4
20000940:	f7ff ffa0 	bl	20000884 <hw_endpoint_start_next_buffer>
20000944:	e7ec      	b.n	20000920 <hw_endpoint_xfer_continue+0x14>
20000946:	46c0      	nop			@ (mov r8, r8)
20000948:	10008bdc 	.word	0x10008bdc

2000094c <dcd_event_handler>:
2000094c:	b570      	push	{r4, r5, r6, lr}
2000094e:	b084      	sub	sp, #16
20000950:	0006      	movs	r6, r0
20000952:	000d      	movs	r5, r1
20000954:	7843      	ldrb	r3, [r0, #1]
20000956:	2b06      	cmp	r3, #6
20000958:	d812      	bhi.n	20000980 <dcd_event_handler+0x34>
2000095a:	009b      	lsls	r3, r3, #2
2000095c:	4a72      	ldr	r2, [pc, #456]	@ (20000b28 <dcd_event_handler+0x1dc>)
2000095e:	58d3      	ldr	r3, [r2, r3]
20000960:	469f      	mov	pc, r3
20000962:	4b72      	ldr	r3, [pc, #456]	@ (20000b2c <dcd_event_handler+0x1e0>)
20000964:	781a      	ldrb	r2, [r3, #0]
20000966:	2101      	movs	r1, #1
20000968:	438a      	bics	r2, r1
2000096a:	701a      	strb	r2, [r3, #0]
2000096c:	781a      	ldrb	r2, [r3, #0]
2000096e:	3101      	adds	r1, #1
20000970:	438a      	bics	r2, r1
20000972:	701a      	strb	r2, [r3, #0]
20000974:	2200      	movs	r2, #0
20000976:	705a      	strb	r2, [r3, #1]
20000978:	781a      	ldrb	r2, [r3, #0]
2000097a:	3102      	adds	r1, #2
2000097c:	438a      	bics	r2, r1
2000097e:	701a      	strb	r2, [r3, #0]
20000980:	4b6b      	ldr	r3, [pc, #428]	@ (20000b30 <dcd_event_handler+0x1e4>)
20000982:	681c      	ldr	r4, [r3, #0]
20000984:	6962      	ldr	r2, [r4, #20]
20000986:	f3ef 8110 	mrs	r1, PRIMASK
2000098a:	b672      	cpsid	i
2000098c:	6813      	ldr	r3, [r2, #0]
2000098e:	2b00      	cmp	r3, #0
20000990:	d0fc      	beq.n	2000098c <dcd_event_handler+0x40>
20000992:	f3bf 8f5f 	dmb	sy
20000996:	61a1      	str	r1, [r4, #24]
20000998:	0031      	movs	r1, r6
2000099a:	0020      	movs	r0, r4
2000099c:	f000 f8f0 	bl	20000b80 <__tu_fifo_write_veneer>
200009a0:	6962      	ldr	r2, [r4, #20]
200009a2:	69a3      	ldr	r3, [r4, #24]
200009a4:	f3bf 8f5f 	dmb	sy
200009a8:	2100      	movs	r1, #0
200009aa:	6011      	str	r1, [r2, #0]
200009ac:	f383 8810 	msr	PRIMASK, r3
200009b0:	2800      	cmp	r0, #0
200009b2:	d100      	bne.n	200009b6 <dcd_event_handler+0x6a>
200009b4:	e0b0      	b.n	20000b18 <dcd_event_handler+0x1cc>
200009b6:	7830      	ldrb	r0, [r6, #0]
200009b8:	7871      	ldrb	r1, [r6, #1]
200009ba:	002a      	movs	r2, r5
200009bc:	f000 f8c8 	bl	20000b50 <__tud_event_hook_cb_veneer>
200009c0:	b004      	add	sp, #16
200009c2:	bd70      	pop	{r4, r5, r6, pc}
200009c4:	4b59      	ldr	r3, [pc, #356]	@ (20000b2c <dcd_event_handler+0x1e0>)
200009c6:	781b      	ldrb	r3, [r3, #0]
200009c8:	07db      	lsls	r3, r3, #31
200009ca:	d5f9      	bpl.n	200009c0 <dcd_event_handler+0x74>
200009cc:	4a57      	ldr	r2, [pc, #348]	@ (20000b2c <dcd_event_handler+0x1e0>)
200009ce:	7813      	ldrb	r3, [r2, #0]
200009d0:	2104      	movs	r1, #4
200009d2:	430b      	orrs	r3, r1
200009d4:	7013      	strb	r3, [r2, #0]
200009d6:	e7d3      	b.n	20000980 <dcd_event_handler+0x34>
200009d8:	4b54      	ldr	r3, [pc, #336]	@ (20000b2c <dcd_event_handler+0x1e0>)
200009da:	781b      	ldrb	r3, [r3, #0]
200009dc:	07db      	lsls	r3, r3, #31
200009de:	d5ef      	bpl.n	200009c0 <dcd_event_handler+0x74>
200009e0:	4a52      	ldr	r2, [pc, #328]	@ (20000b2c <dcd_event_handler+0x1e0>)
200009e2:	7813      	ldrb	r3, [r2, #0]
200009e4:	2104      	movs	r1, #4
200009e6:	438b      	bics	r3, r1
200009e8:	7013      	strb	r3, [r2, #0]
200009ea:	e7c9      	b.n	20000980 <dcd_event_handler+0x34>
200009ec:	1a9b      	subs	r3, r3, r2
200009ee:	015b      	lsls	r3, r3, #5
200009f0:	4a50      	ldr	r2, [pc, #320]	@ (20000b34 <dcd_event_handler+0x1e8>)
200009f2:	189b      	adds	r3, r3, r2
200009f4:	69db      	ldr	r3, [r3, #28]
200009f6:	2b00      	cmp	r3, #0
200009f8:	d002      	beq.n	20000a00 <dcd_event_handler+0xb4>
200009fa:	7830      	ldrb	r0, [r6, #0]
200009fc:	6871      	ldr	r1, [r6, #4]
200009fe:	4798      	blx	r3
20000a00:	3401      	adds	r4, #1
20000a02:	b2e4      	uxtb	r4, r4
20000a04:	4b4c      	ldr	r3, [pc, #304]	@ (20000b38 <dcd_event_handler+0x1ec>)
20000a06:	781a      	ldrb	r2, [r3, #0]
20000a08:	0023      	movs	r3, r4
20000a0a:	1c51      	adds	r1, r2, #1
20000a0c:	42a1      	cmp	r1, r4
20000a0e:	db0a      	blt.n	20000a26 <dcd_event_handler+0xda>
20000a10:	42a2      	cmp	r2, r4
20000a12:	d9eb      	bls.n	200009ec <dcd_event_handler+0xa0>
20000a14:	4b49      	ldr	r3, [pc, #292]	@ (20000b3c <dcd_event_handler+0x1f0>)
20000a16:	681b      	ldr	r3, [r3, #0]
20000a18:	0162      	lsls	r2, r4, #5
20000a1a:	189b      	adds	r3, r3, r2
20000a1c:	2b00      	cmp	r3, #0
20000a1e:	d1e9      	bne.n	200009f4 <dcd_event_handler+0xa8>
20000a20:	e7ee      	b.n	20000a00 <dcd_event_handler+0xb4>
20000a22:	2400      	movs	r4, #0
20000a24:	e7ee      	b.n	20000a04 <dcd_event_handler+0xb8>
20000a26:	4b41      	ldr	r3, [pc, #260]	@ (20000b2c <dcd_event_handler+0x1e0>)
20000a28:	781b      	ldrb	r3, [r3, #0]
20000a2a:	075b      	lsls	r3, r3, #29
20000a2c:	d52e      	bpl.n	20000a8c <dcd_event_handler+0x140>
20000a2e:	4a3f      	ldr	r2, [pc, #252]	@ (20000b2c <dcd_event_handler+0x1e0>)
20000a30:	7813      	ldrb	r3, [r2, #0]
20000a32:	2104      	movs	r1, #4
20000a34:	438b      	bics	r3, r1
20000a36:	7013      	strb	r3, [r2, #0]
20000a38:	220c      	movs	r2, #12
20000a3a:	2100      	movs	r1, #0
20000a3c:	a801      	add	r0, sp, #4
20000a3e:	f000 f8bf 	bl	20000bc0 <____wrap_memset_veneer>
20000a42:	7833      	ldrb	r3, [r6, #0]
20000a44:	466a      	mov	r2, sp
20000a46:	7113      	strb	r3, [r2, #4]
20000a48:	2305      	movs	r3, #5
20000a4a:	7153      	strb	r3, [r2, #5]
20000a4c:	4b38      	ldr	r3, [pc, #224]	@ (20000b30 <dcd_event_handler+0x1e4>)
20000a4e:	681c      	ldr	r4, [r3, #0]
20000a50:	6962      	ldr	r2, [r4, #20]
20000a52:	f3ef 8110 	mrs	r1, PRIMASK
20000a56:	b672      	cpsid	i
20000a58:	6813      	ldr	r3, [r2, #0]
20000a5a:	2b00      	cmp	r3, #0
20000a5c:	d0fc      	beq.n	20000a58 <dcd_event_handler+0x10c>
20000a5e:	f3bf 8f5f 	dmb	sy
20000a62:	61a1      	str	r1, [r4, #24]
20000a64:	a901      	add	r1, sp, #4
20000a66:	0020      	movs	r0, r4
20000a68:	f000 f88a 	bl	20000b80 <__tu_fifo_write_veneer>
20000a6c:	6962      	ldr	r2, [r4, #20]
20000a6e:	69a3      	ldr	r3, [r4, #24]
20000a70:	f3bf 8f5f 	dmb	sy
20000a74:	2100      	movs	r1, #0
20000a76:	6011      	str	r1, [r2, #0]
20000a78:	f383 8810 	msr	PRIMASK, r3
20000a7c:	2800      	cmp	r0, #0
20000a7e:	d037      	beq.n	20000af0 <dcd_event_handler+0x1a4>
20000a80:	ab01      	add	r3, sp, #4
20000a82:	7818      	ldrb	r0, [r3, #0]
20000a84:	7859      	ldrb	r1, [r3, #1]
20000a86:	002a      	movs	r2, r5
20000a88:	f000 f862 	bl	20000b50 <__tud_event_hook_cb_veneer>
20000a8c:	4b27      	ldr	r3, [pc, #156]	@ (20000b2c <dcd_event_handler+0x1e0>)
20000a8e:	78db      	ldrb	r3, [r3, #3]
20000a90:	07db      	lsls	r3, r3, #31
20000a92:	d400      	bmi.n	20000a96 <dcd_event_handler+0x14a>
20000a94:	e794      	b.n	200009c0 <dcd_event_handler+0x74>
20000a96:	220c      	movs	r2, #12
20000a98:	2100      	movs	r1, #0
20000a9a:	a801      	add	r0, sp, #4
20000a9c:	f000 f890 	bl	20000bc0 <____wrap_memset_veneer>
20000aa0:	7833      	ldrb	r3, [r6, #0]
20000aa2:	466a      	mov	r2, sp
20000aa4:	7113      	strb	r3, [r2, #4]
20000aa6:	2303      	movs	r3, #3
20000aa8:	7153      	strb	r3, [r2, #5]
20000aaa:	6873      	ldr	r3, [r6, #4]
20000aac:	9302      	str	r3, [sp, #8]
20000aae:	4b20      	ldr	r3, [pc, #128]	@ (20000b30 <dcd_event_handler+0x1e4>)
20000ab0:	681c      	ldr	r4, [r3, #0]
20000ab2:	6962      	ldr	r2, [r4, #20]
20000ab4:	f3ef 8110 	mrs	r1, PRIMASK
20000ab8:	b672      	cpsid	i
20000aba:	6813      	ldr	r3, [r2, #0]
20000abc:	2b00      	cmp	r3, #0
20000abe:	d0fc      	beq.n	20000aba <dcd_event_handler+0x16e>
20000ac0:	f3bf 8f5f 	dmb	sy
20000ac4:	61a1      	str	r1, [r4, #24]
20000ac6:	a901      	add	r1, sp, #4
20000ac8:	0020      	movs	r0, r4
20000aca:	f000 f859 	bl	20000b80 <__tu_fifo_write_veneer>
20000ace:	6962      	ldr	r2, [r4, #20]
20000ad0:	69a3      	ldr	r3, [r4, #24]
20000ad2:	f3bf 8f5f 	dmb	sy
20000ad6:	2100      	movs	r1, #0
20000ad8:	6011      	str	r1, [r2, #0]
20000ada:	f383 8810 	msr	PRIMASK, r3
20000ade:	2800      	cmp	r0, #0
20000ae0:	d00d      	beq.n	20000afe <dcd_event_handler+0x1b2>
20000ae2:	ab01      	add	r3, sp, #4
20000ae4:	7818      	ldrb	r0, [r3, #0]
20000ae6:	7859      	ldrb	r1, [r3, #1]
20000ae8:	002a      	movs	r2, r5
20000aea:	f000 f831 	bl	20000b50 <__tud_event_hook_cb_veneer>
20000aee:	e767      	b.n	200009c0 <dcd_event_handler+0x74>
20000af0:	2266      	movs	r2, #102	@ 0x66
20000af2:	4913      	ldr	r1, [pc, #76]	@ (20000b40 <dcd_event_handler+0x1f4>)
20000af4:	4813      	ldr	r0, [pc, #76]	@ (20000b44 <dcd_event_handler+0x1f8>)
20000af6:	32ff      	adds	r2, #255	@ 0xff
20000af8:	f000 f84a 	bl	20000b90 <____wrap_printf_veneer>
20000afc:	e7c6      	b.n	20000a8c <dcd_event_handler+0x140>
20000afe:	2266      	movs	r2, #102	@ 0x66
20000b00:	490f      	ldr	r1, [pc, #60]	@ (20000b40 <dcd_event_handler+0x1f4>)
20000b02:	4810      	ldr	r0, [pc, #64]	@ (20000b44 <dcd_event_handler+0x1f8>)
20000b04:	32ff      	adds	r2, #255	@ 0xff
20000b06:	f000 f843 	bl	20000b90 <____wrap_printf_veneer>
20000b0a:	e759      	b.n	200009c0 <dcd_event_handler+0x74>
20000b0c:	4a0e      	ldr	r2, [pc, #56]	@ (20000b48 <dcd_event_handler+0x1fc>)
20000b0e:	7813      	ldrb	r3, [r2, #0]
20000b10:	3301      	adds	r3, #1
20000b12:	b2db      	uxtb	r3, r3
20000b14:	7013      	strb	r3, [r2, #0]
20000b16:	e733      	b.n	20000980 <dcd_event_handler+0x34>
20000b18:	2266      	movs	r2, #102	@ 0x66
20000b1a:	4909      	ldr	r1, [pc, #36]	@ (20000b40 <dcd_event_handler+0x1f4>)
20000b1c:	4809      	ldr	r0, [pc, #36]	@ (20000b44 <dcd_event_handler+0x1f8>)
20000b1e:	32ff      	adds	r2, #255	@ 0xff
20000b20:	f000 f836 	bl	20000b90 <____wrap_printf_veneer>
20000b24:	e74c      	b.n	200009c0 <dcd_event_handler+0x74>
20000b26:	46c0      	nop			@ (mov r8, r8)
20000b28:	1000926c 	.word	0x1000926c
20000b2c:	20001010 	.word	0x20001010
20000b30:	20001068 	.word	0x20001068
20000b34:	1000938c 	.word	0x1000938c
20000b38:	20001bfd 	.word	0x20001bfd
20000b3c:	20000e60 	.word	0x20000e60
20000b40:	10009308 	.word	0x10009308
20000b44:	10008c3c 	.word	0x10008c3c
20000b48:	20001bff 	.word	0x20001bff

20000b4c <__aeabi_idiv0>:
20000b4c:	4770      	bx	lr
20000b4e:	46c0      	nop			@ (mov r8, r8)

20000b50 <__tud_event_hook_cb_veneer>:
20000b50:	b401      	push	{r0}
20000b52:	4802      	ldr	r0, [pc, #8]	@ (20000b5c <__tud_event_hook_cb_veneer+0xc>)
20000b54:	4684      	mov	ip, r0
20000b56:	bc01      	pop	{r0}
20000b58:	4760      	bx	ip
20000b5a:	bf00      	nop
20000b5c:	10005a51 	.word	0x10005a51

20000b60 <____assert_func_veneer>:
20000b60:	b401      	push	{r0}
20000b62:	4802      	ldr	r0, [pc, #8]	@ (20000b6c <____assert_func_veneer+0xc>)
20000b64:	4684      	mov	ip, r0
20000b66:	bc01      	pop	{r0}
20000b68:	4760      	bx	ip
20000b6a:	bf00      	nop
20000b6c:	10004a3d 	.word	0x10004a3d

20000b70 <__panic_veneer>:
20000b70:	b401      	push	{r0}
20000b72:	4802      	ldr	r0, [pc, #8]	@ (20000b7c <__panic_veneer+0xc>)
20000b74:	4684      	mov	ip, r0
20000b76:	bc01      	pop	{r0}
20000b78:	4760      	bx	ip
20000b7a:	bf00      	nop
20000b7c:	100009a1 	.word	0x100009a1

20000b80 <__tu_fifo_write_veneer>:
20000b80:	b401      	push	{r0}
20000b82:	4802      	ldr	r0, [pc, #8]	@ (20000b8c <__tu_fifo_write_veneer+0xc>)
20000b84:	4684      	mov	ip, r0
20000b86:	bc01      	pop	{r0}
20000b88:	4760      	bx	ip
20000b8a:	bf00      	nop
20000b8c:	1000799d 	.word	0x1000799d

20000b90 <____wrap_printf_veneer>:
20000b90:	b401      	push	{r0}
20000b92:	4802      	ldr	r0, [pc, #8]	@ (20000b9c <____wrap_printf_veneer+0xc>)
20000b94:	4684      	mov	ip, r0
20000b96:	bc01      	pop	{r0}
20000b98:	4760      	bx	ip
20000b9a:	bf00      	nop
20000b9c:	10004d19 	.word	0x10004d19

20000ba0 <__time_us_64_veneer>:
20000ba0:	b401      	push	{r0}
20000ba2:	4802      	ldr	r0, [pc, #8]	@ (20000bac <__time_us_64_veneer+0xc>)
20000ba4:	4684      	mov	ip, r0
20000ba6:	bc01      	pop	{r0}
20000ba8:	4760      	bx	ip
20000baa:	bf00      	nop
20000bac:	100018c5 	.word	0x100018c5

20000bb0 <____wrap___aeabi_lmul_veneer>:
20000bb0:	b401      	push	{r0}
20000bb2:	4802      	ldr	r0, [pc, #8]	@ (20000bbc <____wrap___aeabi_lmul_veneer+0xc>)
20000bb4:	4684      	mov	ip, r0
20000bb6:	bc01      	pop	{r0}
20000bb8:	4760      	bx	ip
20000bba:	bf00      	nop
20000bbc:	1000360d 	.word	0x1000360d

20000bc0 <____wrap_memset_veneer>:
20000bc0:	b401      	push	{r0}
20000bc2:	4802      	ldr	r0, [pc, #8]	@ (20000bcc <____wrap_memset_veneer+0xc>)
20000bc4:	4684      	mov	ip, r0
20000bc6:	bc01      	pop	{r0}
20000bc8:	4760      	bx	ip
20000bca:	bf00      	nop
20000bcc:	10003861 	.word	0x10003861

20000bd0 <__best_effort_wfe_or_timeout_veneer>:
20000bd0:	b401      	push	{r0}
20000bd2:	4802      	ldr	r0, [pc, #8]	@ (20000bdc <__best_effort_wfe_or_timeout_veneer+0xc>)
20000bd4:	4684      	mov	ip, r0
20000bd6:	bc01      	pop	{r0}
20000bd8:	4760      	bx	ip
20000bda:	bf00      	nop
20000bdc:	10001719 	.word	0x10001719

20000be0 <__rp2040_chip_version_veneer>:
20000be0:	b401      	push	{r0}
20000be2:	4802      	ldr	r0, [pc, #8]	@ (20000bec <__rp2040_chip_version_veneer+0xc>)
20000be4:	4684      	mov	ip, r0
20000be6:	bc01      	pop	{r0}
20000be8:	4760      	bx	ip
20000bea:	bf00      	nop
20000bec:	1000094d 	.word	0x1000094d

20000bf0 <__unaligned_memcpy_veneer>:
20000bf0:	b401      	push	{r0}
20000bf2:	4802      	ldr	r0, [pc, #8]	@ (20000bfc <__unaligned_memcpy_veneer+0xc>)
20000bf4:	4684      	mov	ip, r0
20000bf6:	bc01      	pop	{r0}
20000bf8:	4760      	bx	ip
20000bfa:	bf00      	nop
20000bfc:	1000573d 	.word	0x1000573d

20000c00 <striped_spin_lock_num>:
20000c00:	00000010                                ....

20000c04 <irq_handler_chain_slots>:
20000c04:	00000000 	.word	0x00000000
20000c08:	00010000 	.word	0x00010000
	...
20000c14:	00020000 	.word	0x00020000
	...
20000c20:	00030000 	.word	0x00030000
	...
20000c2c:	00ff0000 	.word	0x00ff0000
20000c30:	00000000 	.word	0x00000000

20000c34 <irq_handler_chain_first_slot>:
20000c34:	b501      	push	{r0, lr}
20000c36:	6848      	ldr	r0, [r1, #4]
20000c38:	3101      	adds	r1, #1
20000c3a:	468e      	mov	lr, r1
20000c3c:	4700      	bx	r0

20000c3e <irq_handler_chain_remove_tail>:
20000c3e:	4670      	mov	r0, lr
20000c40:	3809      	subs	r0, #9
20000c42:	4901      	ldr	r1, [pc, #4]	@ (20000c48 <irq_handler_chain_remove_tail+0xa>)
20000c44:	4788      	blx	r1
20000c46:	bd01      	pop	{r0, pc}
20000c48:	10000e95 	.word	0x10000e95

20000c4c <default_alarm_pool>:
	...
20000c60:	20000cd8 00000000 00000000 00000000     ... ............

20000c70 <aeabi_bits_funcs>:
20000c70:	00003350 	.word	0x00003350
20000c74:	0000334c 	.word	0x0000334c
20000c78:	00003354 	.word	0x00003354
20000c7c:	00003352 	.word	0x00003352

20000c80 <aeabi_bits_funcs_end>:
20000c80:	0000534d 	.word	0x0000534d
20000c84:	0000434d 	.word	0x0000434d
20000c88:	00003453 	.word	0x00003453
20000c8c:	00003443 	.word	0x00003443

20000c90 <stdio_usb>:
20000c90:	100051cd 10004e65 10005135 10004e51     .Q..eN..5Q..QN..
20000ca0:	00000000 00000100                       ........

20000ca8 <_usbd_qdef>:
20000ca8:	2000106c 000c0010 00000000 00000000     l.. ............
	...

20000cc4 <_usbd_rhport>:
20000cc4:	000000ff                                ....

20000cc8 <i2c0_inst>:
20000cc8:	40044000 00000000                       .@.@....

20000cd0 <print_mutex>:
	...
