:020000041000EA
:1000000000B5324B212058609868022188439860DF
:10001000D860186158612E4B002199600221596106
:100020000121F02299502B49196001219960352056
:1000300000F044F80222904214D00621196600F024
:1000400034F8196E01211966002018661A6600F04E
:100050002CF8196E196E196E052000F02FF8012189
:100060000842F9D1002199601B49196000215960AB
:100070001A491B48016001219960EB211966A021F2
:10008000196600F012F800219960164914480160C1
:100090000121996001BC002800D000471248134993
:1000A000086003C880F30888084703B5996A0420EC
:1000B0000142FBD001200142F8D103BD02B5186610
:1000C0001866FFF7F2FF186E186E02BD00000240BE
:1000D000000000180000070000035F00212200005C
:1000E000F4000018222000A00001001008ED00E03C
:1000F00000000000000000000000000074B24E7A12
:1001000000200420F7010010CB010010CD010010E9
:10011000C9010010C9010010C9010010C901001077
:10012000C9010010C9010010C9010010CF01001061
:10013000C9010010C9010010D1010010D301001045
:10014000C1010010C1010010C1010010C101001067
:10015000C1010010C1010010C1010010C101001057
:10016000C1010010C1010010C1010010C101001047
:10017000C1010010C1010010C1010010C101001037
:10018000C1010010C1010010C1010010C101001027
:10019000C1010010C1010010C1010010C101001017
:1001A000C1010010C1010010C1010010C101001007
:1001B000C1010010C1010010C1010010C1010010F7
:1001C000EFF30580103800BE00BE00BE00BE00BECA
:1001D00000BE00BEF2EB8871D4940010F4940010BD
:1001E0003802001090A31AE71E481F49086006C88D
:1001F00081F3088810471D480068002801D019487D
:10020000F3E70DA40ECC002902D000F012F8F9E7B4
:100210001749184A002000E001C19142FCD116495B
:100220008847164988471649884700BEFDE701C937
:1002300001C29A42FBD37047F4940010C000002022
:10024000D80C00200CA100100000042000000420A5
:100250000CA1001000100420001004200000000079
:10026000704700000000000008ED00E0000000D032
:10027000D80C0020081C0020754A001095070010BB
:10028000354A0010F8B5C04606480749091A8B10D0
:10029000C90FC91810B5491003D0044B002B00D06A
:1002A000984710BDD80C0020D80C0020000000009A
:1002B000054B10B5002B03D00449054800E000BFF2
:1002C000FFF7E2FF10BDC0460000000080190020CB
:1002D0000480001000B585B00F226A441E231370FD
:1002E0000448002300930133772107F0B7FD05B0E0
:1002F00000BDC046C80C002070B584B00B236B4411
:10030000A0221A70002423E0154D00260096012338
:100310000B226A447721280007F0A0FD00960223F3
:1003200003AA7721280007F0A5FD6B461B7B6A46D0
:10033000517B1B0219430B4B6200D1520A4804F057
:10034000EBFC6B46DB7A02336A46D3720134E4B2CB
:100350000B236B441B78AE2BD6D904B070BDC046BE
:10036000C80C0020F814002008800010F0B5C64624
:1003700000B584B003AC03220021200003F070FA22
:100380000B276F4400263E700A226A4448231370EC
:100390002C4D473B984600937721280007F05EFDDF
:1003A0002948002101F09CF9434600933A00772147
:1003B000280007F053FD0096032322007721280030
:1003C00007F058FD23781B04627812021343A278C9
:1003D00013431E4A1360002303E003AA0021D154F3
:1003E0000133022BF9DD0A226A4458231370154D9C
:1003F00001240094573B7721280007F02FFD124875
:10040000002101F06DF9009401230B226A44772149
:10041000280007F023FD03AC0023009303332200E0
:100420007721280007F026FD23781B04627812024A
:100430001343A2781343064A136004B080BCB84645
:10044000F0BDC046C80C00208C230000BC19002061
:10045000C0190020F0B5DE4657464E464546E0B589
:1004600083B08F4F788902F025F800228D4B01F080
:10047000AAFF04000D008C4B186802F017F8220048
:100480002B0001F070FF02F051F80600874B186056
:10049000B889704302F00AF80022FA239B0501F0A4
:1004A00092FF0022824B01F067FF02F01BF88046AA
:1004B000804B1860B88801F0FDFF00227E4B01F0F0
:1004C00082FF04000D003889704301F0EFFF002225
:1004D000FE239B0501F077FF02000B00200029009E
:1004E00001F04AFF01F0FEFF8246744B18607888E5
:1004F00001F0E0FF0022724B01F065FF04000D00E7
:10050000F888704301F0D2FF00226E4B01F05BFFD0
:1005100002000B002000290001F02EFF01F0E2FF95
:100520008146694B1860FA23DB0098453CDB674A3B
:1005300000231360664A1360664A13605D4A634B8A
:100540001B684146CB1A1360614B1C6853461C1B49
:100550005A4B1C605F4B1B684A46D31A5A4A1360B9
:100560005D4A1068584301F0A1FF00225B4B01F087
:100570002AFF06000F00200001F09CFF02000B0084
:100580003000390001F0EFFE0022FC239B0501F052
:100590001AFF534C01F0A6FF206003B0F0BCBB462D
:1005A000B246A946A046F0BD00248025ED053000E6
:1005B00001F07CFF22002B0002F002FB0022F82356
:1005C0009B0501F000FF414E01F08CFF3060454873
:1005D000404401F06FFF06000F0022002B0002F0E4
:1005E000EFFA0022404B01F0EEFE00223F4B01F0FB
:1005F000EAFE01F077FF8346354B186022002B009E
:100600003000390002F0DCFA0022374B01F0DBFE4B
:100610000022374B01F0D7FE01F064FF06002D4B9E
:100620001860344B984500DB88E73348404401F0BC
:1006300041FF22002B000090019102F0C1FA00223C
:100640002E4B01F0C0FE04000D00214F584601F072
:1006500031FF22002B0001F08FFE01F043FF3860D4
:1006600000228023DB050098019902F0A9FA0022FC
:10067000234B01F0A8FE00221C4B01F0A4FE040055
:100680000D00144B9B46300001F014FF22002B009C
:1006900001F072FE01F026FF5B4618604EE7C0468F
:1006A000F814002000007040C01900204015002000
:1006B00000409F40E81B00200000F04098190020F7
:1006C0000000E0400000703FCC1A0020E41B002036
:1006D0009C190020D01A0020BC1900200000A03E68
:1006E000B819002030F8FFFF000014400000E03F80
:1006F0000000D03F24FAFFFFDC05000000001C4092
:100700000000264070B5184B186802F0C5FF174965
:1007100002F0A3FF02F0E2FF154A164B01F02CFE97
:10072000154A164B01F031FE04000D00144B1868F9
:1007300002F0B2FF0D4902F090FF02F0CFFF00225D
:10074000104B01F022FE104A104B02F039FA020061
:100750000B0000200E4901F006FE02000B002000F5
:10076000290001F030FE70BDE81B00200000C842E7
:10077000666666666612714039B4C876BE9F7A3F77
:10078000B819002000AA8F40C5C551B9895AC83F81
:100790000000F03F30B5444CA54404F089FA434DC5
:1007A000280004F089FA4248424907F02DFB032152
:1007B000102000F095F80321112000F091F800229C
:1007C0000121102000F0A6F800220121112000F0E4
:1007D000A1F8FFF77FFDFA246400200000F092FFEB
:1007E000280004F069FAFFF787FDFFF7BFFDFFF768
:1007F00031FE200000F086FFC822920000216846EA
:1008000003F02EF800243AE00133632BFCDD0022D4
:10081000294B0020002101F0B8FD284D01F062FEB7
:100820002860274B1A68274B1968274804F074FA88
:10083000264B186802F030FF254902F00EFF02F047
:100840004DFF02000B00234804F066FA286802F00E
:1008500023FF1F4902F001FF02F040FF02000B00DE
:100860001D4804F059FAFFF74DFF02000B001B482A
:1008700004F052FA0134E4B2192000F043FFFFF70C
:1008800075FDFFF7E7FD6421200001F031FBCCB2DC
:10089000E3006B441D00094B186801F00BFE286053
:1008A00069600023B1E7C046DCFCFFFF0C8000104C
:1008B000C80C0020801A060000005940B81900201A
:1008C000BC190020C019002024800010E81B002063
:1008D0000000C84240800010588000106C8000105A
:1008E00010B58300084A9A18146840225440803298
:1008F0002240064CA44663441A60C000044B9C4648
:100900006044416010BDC04604C0014004D00140B5
:100910000040014080000C4B9C46604400290ED0F2
:100920000823002A0DD004221343026853400C22EE
:1009300013408022520194466044036070470023B4
:10094000EFE70022F0E7C04604C0014010B5802365
:10095000DB05186803051B0D0B4A934207D10B4BAF
:10096000034080229201934207D1000F10BD084B33
:10097000084A0948132104F061F8084B054A064863
:10098000142104F05BF8C0462709000000F0FF0FB7
:1009900080800010B48C0010A4800010E88000104B
:1009A0000FB400B583B0084804F086F9049B002B0F
:1009B00007D005A90191180004F08EF9034804F04E
:1009C0007BF9012004F034F8FC8000105480001002
:1009D000EFF3108072B6034B1B68002BFBD0BFF304
:1009E0005F8F70472C0100D0BFF35F8F024B002256
:1009F0001A6080F3108870472C0100D0F8B506000B
:100A00000C001500FFF7E4FFE308F718F15C07227C
:100A10002240012393400B4205D1DBB20B433B70D4
:100A2000FFF7E2FFF8BD21002800FFF7B9FFF0B59E
:100A300083B00600019114001F00FFF7C9FF00E01A
:100A40000134BC420CD8E308F518F35C07212140BF
:100A500001228A401A42F3D1D2B21A432A7001E02D
:100A600001246442FFF7C0FF002C02DB200003B02A
:100A7000F0BD019B002BF9D00898FFF791FF000013
:100A8000054A1078431CDBB21370172B02D91300F0
:100A900010221A707047C046000C002010B582B0BA
:100AA0000100054C054B00931F2318222000FFF77F
:100AB000BEFF02B010BDC046101500200C81001012
:100AC000002307E0054A9A189200BFF35F8F0021C8
:100AD000116001331F2BF5D97047C0464000003428
:100AE000074B9B68103080001950BFF35F8FBFF336
:100AF0005F8F044B0021196082F310887047C04655
:100B000000ED00E0240100D00048704700E400E060
:100B100010B5FFF7F9FF002302E0034A04C00133D8
:100B2000072BFAD910BDC0468080808010B503889D
:100B3000DA0A1C2A05D15B055B1502335B00C0187D
:100B400010BD034B034A8E210348490003F076FF92
:100B500028810010F08C00104081001010B5091A97
:100B60000B1F0A4A88180A4A904208D8C90706D4B7
:100B70005B105B055B0D0748184380B210BD064B48
:100B8000064A87210648490003F058FFFC07000089
:100B9000FE0F000000E0FFFF80810010E48C0010D9
:100BA0004081001001238340034A10681840431E0F
:100BB0009841C0B27047C04600E100E0002A05D06D
:100BC000044BC0225200995019607047014A80239B
:100BD000D150FAE700E100E010B50A001F230340FE
:100BE000012199404009FFF7E9FF10BD012383402F
:100BF000014A13607047C04600E200E0024B9B6868
:100C000010308000C058704700ED00E010B5FFF7CD
:100C1000F5FF044BC31A00202F229A424041C0B274
:100C200010BDC046040C002070B504000D00EFF3A9
:100C3000108672B60C4B1B68002BFBD0BFF35F8F86
:100C40002000FFF7DBFF094B984201D0A84205D1F5
:100C5000320029002000FFF743FF70BD044B054A16
:100C60000548ED2103F0EAFE240100D0C101001087
:100C7000B0810010188D001040810010F0B5DE46E4
:100C800057464E464546E0B589B08146019115006C
:100C9000EFF3108B72B66F4B1B68002BFBD0BFF3CA
:100CA0005F8F6D4B00269E57002E40DB7400A41909
:100CB000A4006A4824180622A256674B1A70684B93
:100CC0009A684B4610339B00D35898461B1A2F2B1B
:100CD0003BD9644B984531D105AF634B3B806349A9
:100CE00073009A46981980005C4B98464044023045
:100CF000FFF734FF78805E4BBB80FF23BB71FD7133
:100D0000019B0793330053449B00434407CF07C321
:100D100001231C43A0465A4641464846FFF7E0FEE1
:100D200009B0F0BCBB46B246A946A046F0BD514B47
:100D3000514ABE215148490003F080FE504B4E4AB3
:100D400084214E48FF3103F079FE012342469A4345
:100D50009246101A0C2101F0CBF800290FD153460E
:100D60000027DA79AA4212D90621595600290DDB4B
:100D70004A005218920039491F008B18F1E7414B85
:100D80003D4ACA213D48490003F058FE1F00002F8C
:100D90002ED005AB3C4A1A80813A5A800623FB5676
:100DA0000293002B17DA394805AB9A469880029ACD
:100DB0009A71DD71019A0792381D2100FFF7CEFE6E
:100DC000B880BE71254B7200921992009B18524652
:100DD00013CA13C39FE7381DFFF7A8FE0100700078
:100DE000801980001D4BC0180430FFF7B7FEDBE709
:100DF00005AF1D4B3B801D49730002939B199B005F
:100E0000164A90461A0042440392901CFFF7A6FE31
:100E10007880039A101D5146FFF7A0FEB8801C4B46
:100E200052464146521A524153431B0DBB71FD714C
:100E3000019A0792029B9B199B00434407CF07C36B
:100E4000114B52461380813B538001231C43A04623
:100E500061E7C046240100D0011C0020040C0020E2
:100E600000ED00E0C101001000A1FFFF340C0020E4
:100E700001BDFFFFE8810010008D001040810010CF
:100E800010820010388200100148000001BD0000EF
:100E9000AAAA0000F8B5012202432C4BD31A2F2B2B
:100EA00028D8EFF30583002B2AD0EFF3108472B615
:100EB000274909680029FBD0BFF35F8F234D2549DF
:100EC0000600761B76417143090D4DB222498968AF
:100ED0009B00C958914219D00021032930D81B4BDF
:100EE0004A00521892009B189B795BB2AB421DD00E
:100EF0000131F2E7194B1A4A1A481B4903F09EFDCB
:100F00001A4B174A17481A4903F098FD124A92687B
:100F10001849D150184B1A7882711D70BFF35F8F3A
:100F20000B4B00221A6084F31088F8BD074B4A006F
:100F30005618B6009E19FF27B771104AB280E9E72C
:100F40000F4B074A07480F4903F078FD040C0020B7
:100F5000240100D0AAAA000000ED00E0BC8200102D
:100F6000C88C0010408100107F020000E482001055
:100F700082020000C1010010011C002001BDFFFF22
:100F8000F08200109302000010B582B00100074CFF
:100F9000074B0093052300222000FFF748FD00289F
:100FA00001DB1F23181A02B010BDC046051C00202B
:100FB000F8820010024B9C46614489000160704732
:100FC0004000003410B50400FFF75AFD0100200076
:100FD000FFF7F0FFFF232371BFF35F8F10BD10B544
:100FE0000400FFF74DFD01002000FFF7E3FFFF23A2
:100FF000237100236371BFF35F8F10BD10B50D4CDB
:1010000009E00D4B0D4A0E481A2103F017FD200090
:10101000FFF7D8FF08340B4B9C4209D22368002B02
:10102000F5D0012BEDD12000FFF7D9FF0834F2E70E
:1010300010BDC046D00C002014830010588D001045
:1010400034830010D80C0020034B9C466144890077
:101050000160BFF35F8F70474000003410B504009B
:101060000120FFF71BFD01002000FFF7EDFF10BD81
:1010700030B5846A151B0B1D9B001B581B1B9D4222
:1010800004D3046A01238B40234202D10431890036
:101090000A5030BD00040843704700000A4B19682D
:1010A000EFF3108372B60A68002AFCD0BFF35F8F9B
:1010B000054A1268BFF35F8F0021116083F3108827
:1010C00040BF002000217047D81B0020F0B5DE464D
:1010D00057464E464546E0B583B0EFF305830322FD
:1010E0001A4011000192AC4B9200D35898461B78DD
:1010F0008B4207D10123019A93400093A74B009A9A
:101100001A6019E1A64BA74AA748922103F096FC62
:1011100043465A694B465B004B44DB0093469B4475
:101120005B469E68DF68A14800F0B6FB801BB941B2
:10113000002900DA0AE1002F60DB5B461C699C4B4A
:101140009C4245D043460820185E5B46598889B2C8
:10115000FFF7A0FF5B465969A04704000D0023007C
:101160002B434BD0002D3DDA30003900001BA94144
:101170005B469860D96000241C5F002C00DAE5E033
:1011800043465A69924663001B19DB0053449A6830
:10119000DB6805000E00AD1A9E41002E00DAD5E096
:1011A00043461C8147460837BC46634600255D5FC1
:1011B000002D1DDB6C006419E4005444A268E36850
:1011C00006000F00B61A9F41002F11DBA446ECE782
:1011D0005B465C6923692000984700280ED065684B
:1011E0002468BCE7714800F057FB00196941BFE76C
:1011F0005B461D804B4662461380A7E05B4600229B
:101200009B5E424613811269EFF3108372B6116838
:101210000029FCD0BFF35F8F42460221525E59463F
:101220000A804246494651801269BFF35F8F002110
:10123000116083F3108889E043461969EFF3108346
:1012400072B60A68002AFCD0BFF35F8F42469288CC
:1012500012B291460122524241468A800A69BFF386
:101260005F8F0021116083F310881AE09B465B4674
:1012700000229A5E002A0BDB53009B18DB005344CC
:101280009868D96826002F00361A8F41002FEDDAB2
:101290004B4659460B80634600215B5E9946634688
:1012A0001A804B46002B57DB43465A6992464B4601
:1012B0005B004B44DB009C46D44463469C68DD687D
:1012C00046460836B346D2E700234246937141466C
:1012D000083143460820185E11E001225242D3171C
:1012E000A260E360434608229B5E834206D00D80E5
:1012F000434608229B5E2380434618812800431CF6
:101300002ED043465A6943001B18DB00D418D55E23
:1013100063881BB2002BE0DB2100EFE722002B00EB
:1013200001992248FFF7A4FE204800F0B5FA241ADC
:101330008D41002D28DC25D01C4B009A5A63434672
:1013400008229B5E9946002B00DBE1E643469B8822
:101350001BB2002B00DB6FE743469B79002BB3D118
:10136000434608229A5E002A0EDB43465969530021
:101370009B18DB00CB189C68DD68631CCED16B1C0E
:10138000D2D0CBE7002CD7D040BF03B0F0BCBB46D7
:10139000B246A946A046F0BDA81900203C70054001
:1013A000C4830010848D0010F083001000400540BD
:1013B000CD10001070B504000D0011000126AE40E4
:1013C00006622800FFF730FC01212800FFF704FC2B
:1013D000024B9C466444266070BDC0463820000025
:1013E000F8B5CE46474680B50600894690461F00B0
:1013F000C160FFF745FB154B9C466044800030619F
:1014000043463370BBB27381D022120612787270D9
:10141000012252423281B2809B187380002406E080
:10142000621E736965002D19ED005A530134BC42E8
:10143000F6D3074B42469200D650064A41464846EC
:10144000FFF7B8FFC0BCB946B046F8BD4000003455
:10145000A8190020CD10001010B5064B1B69002BF9
:1014600001D0044810BD044B044A0548652103F02F
:10147000E5FAC0464C0C00202C8400106C8D001046
:10148000F0830010F8B504000569EFF3108072B620
:1014900029680029FCD0BFF35F8F0221665E656971
:1014A00071008919C9006D18002E02DB0027E95F61
:1014B00061802169BFF35F8F00270F6080F3108880
:1014C000002E2CDB0699296107996961AA60EB60FF
:1014D0006B8801335B04590C002B00D1012169801A
:1014E0003000FFF7D7FD2169EFF3108372B60A6869
:1014F000002AFCD0BFF35F8FA2882A80A6802269D1
:10150000BFF35F8F0021116083F31088E3682178B7
:1015100001228A4003498C4663441A60F8BD0120C9
:101520004042FBE73C20000070B582B0060014008A
:101530001D0008AB1B78002B07D100F0C3F9220077
:101540002B00121A8B41002B0ADB079B0193069B91
:10155000009322002B003000FFF794FF02B070BD13
:101560000020FBE7F0B5C64600B584B0050088460C
:1015700016001F000AAB1C78FFF76EFF029401975C
:1015800000962A004346FFF7CFFF04B080BCB84660
:10159000F0BD000030B5030008145A8990422EDADD
:1015A0005C6942001218D200A2181D69EFF3108482
:1015B00072B628680028FCD0BFF35F8F508880B2D5
:1015C0000904090C884212D000201A69BFF35F8F0A
:1015D0000021116084F31088002811D0DA681B788C
:1015E00001319940074B9C466244116008E006496E
:1015F000014389B2518001229A710120E5E7002060
:1016000030BDC0463C2000000080FFFF10B5040044
:10161000FFF722FF2100FFF7BDFF10BD40787047A4
:10162000F0B583B006000F00EFF30583002B1AD14D
:1016300006246442E517A4197D418D4202D803D1E6
:10164000844201D90024002500F03CF922002B003F
:10165000121A8B41002B0BDC08D03000390000F04F
:1016600039F903B0F0BD1A48FFF79AF9002AF4D00F
:10167000184A0023009320002900FFF773FF002879
:1016800018DAEAE7002300E00023002BE5D1124B33
:101690001968EFF3108372B60A68002AFCD0BFF312
:1016A0005F8F0D4A1268BFF35F8F0021116083F3D3
:1016B000108820BF094B5B6A9D42E5D80749896ABB
:1016C000A14203D29D42DDD00123DEE70123DCE706
:1016D000508400109D100010D81B002000400540D1
:1016E00070B504000D0000F0EDF800196941002903
:1016F00002DBFFF795FF70BD012040420049F8E78B
:10170000FFFFFF7F10B5FA2292000023002101F0B5
:101710007DFFFFF7E5FF10BDF0B5CE46474680B52B
:1017200083B005000C00EFF30583002B15D0434B6D
:101730005B6A8B4209D3414A926A82420BD28B4246
:1017400001D0012002E0002000E0002003B0C0BC76
:10175000B946B046F0BD0120F8E7FFF77DFEC3684B
:101760009946037898462E002700484600F094F8E2
:1017700002000B00B61A9F41434604339B004A46C1
:101780009B581B1A0022BA420FDC0CD020BF2B4BF7
:101790005B6A9C4220D8294A926AAA421ED29C4285
:1017A00018D00120D2E7B342F0D9254A0023009394
:1017B00028002100FFF7D6FE002811DD1F4B5B6AD1
:1017C0009C4221D81D4A926AAA422FD29C4219D02B
:1017D00001231AE00020B9E70020B7E70120B5E7B0
:1017E000164B5B6A9C4209D8144A926AAA4207D2F5
:1017F0009C4201D00120A9E70020A7E70020A5E72F
:101800000120A3E7002300E00023002B00D120BF2C
:10181000FFF7FCFE094B5B6A9C420BD8074A926AB1
:10182000AA4209D29C4203D001208FE70123ECE7B2
:1018300000208BE7002089E7012087E70040054072
:101840009D100010004870470040054010B50B4B3C
:101850001B69002B04D00A480A21FFF7ABFB10BD1F
:10186000FFF7F0FF0400032100F00CF803481023F9
:1018700003222100FFF7B4FDEDE7C0464C0C002029
:10188000D81B002010B5024A0248FFF7B7F810BD78
:10189000A0840010141500200200436A906A190009
:1018A000536A9942FAD17047416A00E0416A99420D
:1018B000FCD300E0416A994202D1816A9142F9D396
:1018C0007047000010B50248FFF7E6FF10BDC046A4
:1018D0000040054010B502000B000248FFF7E4FF8E
:1018E00010BDC04600400540F8B5D646474680B515
:1018F00006000D001700984644002418A400294B48
:101900009C4664446368089A934200D26260331F25
:10191000DBB29A46012B2ED980221201C0239B01F3
:10192000E3181A60204BB200D158002907D058693B
:1019300000F0DEFA013043001B18033BFDD27F01AB
:1019400023685F40E0233B4080225201A2181360CD
:101950005346012B1AD980239B01E31880221201E0
:101960001A60089B6360104BB6004246F250C0BC40
:10197000BA46B046F8BD012DCED10322C0239B014B
:10198000E3181A60A368DB07FCD5D8E72168694033
:1019900003230B401360A3680122AA401A42FAD025
:1019A000D9E7C0460080004018150020F0B583B08C
:1019B00005000E0017001800089900F099FA0300BE
:1019C000089A140200943A0031002800FFF78CFFB7
:1019D00003B0F0BD10B582B0802464000094FFF71E
:1019E00083FF02B010BD0000014B8000C05870475B
:1019F00018150020F0B5C64600B504000E0017000B
:101A00001D00374800F074FA8046364BFA18364B02
:101A10009A4239D80100380000F06AFA0200103A00
:101A200098235B009A4235D86B1E062B38D8069B4C
:101A3000013B062B34D83F09474537D32D04069B7D
:101A40001B031D432368002B36DB284B9C4244D0EC
:101A50000C2201239340264A1360264A1360264A2B
:101A60001268190091430A1EF9D12660A060234B29
:101A7000E31821321A602268002AFCDAE5600822A5
:101A80001A6080BCB846F0BD1D4B1E4A1E4811218D
:101A900002F0D4FF1D4B1B4A1B48192102F0CEFF58
:101AA0001B4B184A18481C2102F0C8FF194B154A55
:101AB0001548232102F0C2FF22683F231340B3429E
:101AC000C3D1A3681B051B0D8342BED1E368EE2280
:101AD000D2021340AB42B8D1D3E70D22B9E7C046DA
:101AE000001BB70080E84BD380F8A93200C0024049
:101AF00000E0004000F0004008C00040043000005A
:101B0000C48400109C8D00101485001054850010B2
:101B100070850010BC850010024B1A68024B5A6099
:101B20007047C046781900200080054010B5174B5B
:101B30008022D2051A60164B164A1A6000290AD074
:101B4000154BE022D2041A60002809D1124B8022E2
:101B500012061A6010BD0D4BE022D2041A60F3E7A2
:101B600043011B1A9B00181800010C4B18608023BE
:101B70005B04984202D3094B094A1A60FFF7CCFF75
:101B8000054B8022D2051A60E4E7C04600B005404C
:101B900008200140FCFF010000A00540781900204A
:101BA000FFFFFF0010B5030010000C4A8024E4057D
:101BB0001460002B0DD001221343094A094CD46153
:101BC000094C5C401462516293620021FFF7AEFF42
:101BD00010BD034B0022DA61F7E7C04600B00540B4
:101BE00000800540D3C007B02D3FF84F80239B00F5
:101BF0000B43014AD36270470080054010B50100D5
:101C000018231B8814221088984710BD10B50100B6
:101C100018231B8816221088984710BDF0B5C646B9
:101C200000B507000E0000250123984600E00135AD
:101C3000B5420AD2AC003C192068FFF7DFFF2060F4
:101C40000028F4D100239846F1E7404680BCB8460E
:101C5000F0BD000070B504000D000648FFF7CEFF90
:101C60000300002C03DB0120A0402900984700203E
:101C7000FBE7C04655420000074BAA2212011A603A
:101C80008D225200DA60054B054A1A60024B5B68F0
:101C9000002BFBDA7047C046004002400060024063
:101CA00000B0FA0010B5040001E008CC9847024BE0
:101CB0009C42FAD310BDC046FC7F00107047000064
:101CC00010B50248FFF7EEFF10BDC046C07F001000
:101CD000054B064A1A60064B064A1A60064B1A68FC
:101CE000044B9343FAD1704700E00040BFCDFBFEA8
:101CF00000F00040FE7F3C0008C00040044BDB6C5D
:101D0000002B03D1034B8022D2021A607047C046D9
:101D1000000011504C201150044B054A1A60054B2D
:101D20001B68DB43DB01FAD17047C04600F000407E
:101D3000FFFFFF0108C00040034B40229A675A672B
:101D40001A67DA667047C04600F0014010B5FEF72A
:101D5000B7FE10BD10B50C4A0C4BD21A92101400ED
:101D6000302A00D9302292000948084901F07EFD4E
:101D700004E0084A064BA100CA5001342F2CF8D9C0
:101D8000034B054A936010BDC00100100001001014
:101D900000000020C101001000ED00E070B504203B
:101DA000FFF722FE064900F0A3F805000024002CEE
:101DB00000DD70BDE0B22900FFF718FF0134F6E73F
:101DC00040420F0030B583B0274B00229A67FFF7DF
:101DD00053FF264B01221A60234B5B6C012BFBD176
:101DE000234B03221A60204B9B6B012BFBD1013349
:101DF000009304331F4A01211F48FFF7FBFD052311
:101E000000931E4A01211E48FFF7F4FD1D4B0022DE
:101E100002210420FFF7DEFD1B4D2B0000220121D3
:101E20000520FFF7D7FD194C2300002200210720D1
:101E3000FFF7D0FD2300002200210820FFF7CAFD94
:101E40008023DB0000932300002200210920FFF7FC
:101E5000ADFD2B00002200210620FFF7BBFDFFF7A0
:101E60009DFF03B030BDC046008000403CB0004044
:101E700030B00040002F685900800240008C864737
:101E800000C00240001BB70040597307006CDC0221
:101E900001480421014B1847700C00201D1C001044
:101EA000124A936F9B0815D29066D166002905D01F
:101EB000FFE7FFE7FFE7516F106F704704B5802120
:101EC0000906C2175140002800D0C84306F030F878
:101ED000002104BDF0B5146E556E576F166FFFF7F5
:101EE000E3FF1466556657671667F0BD000000D023
:101EF000114A936F9B0813D210665166002905D0D2
:101F0000FFE7FFE7FFE7516F106F704704B5002848
:101F100001D00020C04306F00BF8002104BDC046EC
:101F2000F0B5146E556E576F166FFFF7E5FF146628
:101F3000556657671667F0BD000000D094464A4AC0
:101F4000926F9208624601D228E0C046F0B5464E34
:101F5000346E756E776F366F00F020F89446424A03
:101F600014665566576716676246F0BD94463E4A4A
:101F7000926F9208624601D254E0C046F0B53A4EE4
:101F8000346E756E776F366F00F04CF89446364AB3
:101F900014665566576716676246F0BD002B24DB52
:101FA00011D000293EDA00B5C943404200D10131C9
:101FB00000F038F8C943404200D10131DB435242BE
:101FC00000D1013300BD002AEBD1002801D1002946
:101FD00005D00020C90FC90701D1C043410800B591
:101FE00005F09EFF0022002300BD00B500290ADB9A
:101FF000DB43524200D1013300F014F8C9434042A0
:1020000000D1013100BDC943404200D10131DB4361
:10201000524200D1013300F005F8DB43524200D1B7
:10202000013300BD002923D1002B18D1002A0CD088
:10203000BC460D4F38667A6600210023FFE7FFE7B4
:10204000FFE77A6F386F67467047002801D007486E
:10205000010000B505F064FF0022002300BD02006E
:102060000B00002000217047000000D0FFFFFFFFA1
:10207000002B00D0BFE0130C28D1002AE7D080B499
:10208000114F39667A66FFE7FFE730B4040C7B6FC7
:10209000396F1B0423433B667A66FFE7FFE7FFE7E0
:1020A000C04684B27B6F3D6F1B0423433B667A6658
:1020B000FFE7FFE7C04600232C042D0C7A6F386F32
:1020C00000196941B0BC7047000000D0F0B59446DB
:1020D0000025140E01D112020835140F01D112018E
:1020E0000435940F01D192000235D40F01D1520072
:1020F0000135D40B0134254F7C66254C3C660E0C13
:1021000093B2FFE7FFE7FFE73C6F6643360C7703C8
:10211000BE467343DF0B5B04C01AB941130C734313
:10212000DB18C91ACE086643360CB64493B2734323
:102130001F0F1B01C01AB941130C73431F0B1B0562
:10214000C01AB941860D8F023E436643360C092DF5
:1021500024DB520A7243801A7703460A6643360C20
:1021600016235B1BDE40DF40BF1964466643821BBB
:102170007046043506330100D940A840C01900D389
:102180000131A24206D20023F0BD0000000000D0C1
:10219000FFFFFFFF121B0130F3D3F1E709277F1B7D
:1021A000FE406446A2B27243801A00D20139220C6A
:1021B0007243130C1204821A99410B0070460435C5
:1021C00013370100F940A840801900D30131002BDA
:1021D00002D1A2420AD2F0BD013000D30131121B5C
:1021E000FAD2013BF8D1A24200D2F0BD013000D3B7
:1021F0000131121BF7E7F0B51C0C00D080E00CB4E5
:1022000000251C0A04D11B02160E334312020835A6
:102210001C0B04D11B01160F3343120104359C0B18
:1022200004D19B00960F334392000235DC0B02D1A0
:1022300092185B4101351C00971864410134464FE8
:102240007C66464C3C660E0CFFE7FFE7FFE7C046A6
:102250003C6F6643360C7703BE4697B27743C01B8C
:1022600000D20139C01B00D201399FB27743C91B8C
:10227000C91B170C77437E04FF0B801BB941CE08A6
:102280006643360C0C2D33DBB644120B1F053A4364
:102290001B0B97B27743C01B00D201399FB2774323
:1022A000C91B170C77433E043F0C801BB941860DB8
:1022B0008F023E43664329277F1BFE400C3D774635
:1022C000AF40BF1930BCA2B2ABB272437343801AA5
:1022D0009941220C7243130C1204801A9941020096
:1022E0000B000137001BA941F9D2781E0021F0BD77
:1022F0000C277F1BFE4077467F0BAF40FF19E0E7BE
:1023000000245D1C07D0144F7D663966FFE7FFE7A8
:10231000FFE7FFE73C6F95B29EB265436643401B03
:10232000B141150C1E0C6543664336042F0C3E4329
:102330002D04401BB141994204D202000B00200041
:102340000021F0BD01D19042F7D3801A99410134A8
:102350009942F2D3F6E70000000000D0FFFFFFFF34
:1023600048404140484018B41B4B5B68FC46019311
:1023700008BD04DF632D001018B4174B1B68FC4622
:10238000019308BD00DF6D2D00109446134A926F33
:10239000920809D2624618B40F4BDB68FC460193E1
:1023A00008BD0CDF253000100C4AF0B5146E556ED8
:1023B000576F166F6246FFF7EEFF084A14665566C0
:1023C00057671667F0BD18B4034B9B68FC46019332
:1023D00008BD08DFC92E0010CC190020000000D075
:1023E000FFB550404240504059404B40594000E0FA
:1023F000FFB5154F4C00640D03D0BC4204D10C0353
:1024000014D80020090D09055C00640D03D0BC42FE
:1024100004D11C030AD800221B0D1B0501264B40CA
:1024200009D44B4003D58B4200D18242FFBD994273
:10243000FCD19042FFBD0B43DB1803431343F5D09F
:10244000C9434918FFBD0000FF07000000B5FFF7B2
:10245000CFFF01D0002000BD012000BD00B5FFF777
:10246000C7FF804100BDC04600B5FFF7C1FF01D9DD
:10247000002000BD012000BD00B5FFF7B1FF01D96C
:10248000002000BD012000BD00B5FFF7A9FF80417D
:1024900000BD012040054A00121804D85A00121845
:1024A00001D800207047012070470000002100285B
:1024B00005D17047C1174840401AFAD0C90713B573
:1024C000064B1B6898470CBC441CA2401005120B1D
:1024D0000349091B09051943114310BDD41A0020F3
:1024E0001F04000010B54C00620D8023D218DB00E1
:1024F000D21A5B057E2A10DD9E3A13DACC17090347
:10250000490819435242D140640001341532202A4F
:1025100005DAD0400843604310BD002010BD0846D6
:10252000604310BDC80FC018013810BD18B4044B6B
:102530005B6AFC46019308BD24DFD5310010000022
:10254000CC19002018B4044BDB6CFC46019308BD89
:102550004CDFA53300100000CC19002018B4044B48
:102560001B6DFC46019308BD50DF41340010000094
:10257000CC19002070B513231C78012C12D0012C2B
:1025800012DC214B214A93642148FFF737FB214B92
:10259000186070BD1C491D4A9800815001331F2BE3
:1025A000F8D9ECE70023FAE71B48FFF72FFB0500FB
:1025B0001A48FFF72BFB023803789B007F2B09DDBD
:1025C00012488022290001F051F9022C08D0022C77
:1025D000DADCD6E7124B134A1348332102F02EFA05
:1025E000124B1A88B5231B029A4209D1104B1A8844
:1025F000104B9A4204D1104B1A88104B9A42E6D0E5
:102600000020FEF7CDF9C046292D0010CC1900207E
:102610004C330000D41A00205344000053460000FD
:10262000D8850010A88D00101C86001054380000BA
:10263000D8380000494600009C3800005946000088
:1026400030B50B0D5B055C0D002B14D00D4B9C427F
:1026500011D01419002C09DD0B4B9C420CDDC90F65
:10266000C907002409480843050002E00024C90FF7
:10267000CD072000290030BD0024150524184D4148
:10268000F7E7C046FF070000FE0700000000F07FEC
:1026900030B50B0D5B055A0D002B1FD0134BD21814
:1026A0001ED434239B1A002B1CDD1C00203C0CD4B0
:1026B00001225242A240012464429C400300A343F1
:1026C00091430B4310D1012009E02024E41A012298
:1026D00052421500E5409A402A43ECE7012030BD04
:1026E0000020FCE70120FAE70020F8E701FCFFFFEB
:1026F00030B50B0D5B055B0D1B4A9B182CD43422A7
:10270000D31A2BD41C00203C16D4353AA240012405
:1027100064429C400500A5432C000D0095432A000F
:1027200022431DD1342B1DD01A00203A0DD40800AD
:10273000D0400123184030BD2024E41A0122524227
:102740001500E5409A402A43E1E72022D21A0C0006
:102750009440D8402043ECE70020ECE70020EAE773
:102760000020E8E70120E6E701FCFFFF02000B0084
:10277000090D4905480D002907D00549884205D0B3
:102780001803000B10434342584170470020FCE7F8
:10279000FF07000070B504000D001600012A0ED0DE
:1027A000D20F92195210FFF7F5FF02000B00FFF74E
:1027B0000AFEF60703D522002B00FFF704FE70BDCA
:1027C00010B5141E03DB2200FFF7E4FF10BD02006A
:1027D0000B0000200249FFF7D8FD6442F3E7C04632
:1027E0000000F03FF0B5D6464F464646C0B588B02B
:1027F00014001D000E0D7605760D674BF718674A1D
:10280000921BFFF71DFFFFF7A9FE654A654BFFF717
:10281000BCFD0022644B00900191FFF735FE0028BB
:1028200009D00022614B00980199FFF79CFD0090B0
:1028300001915F4BF718002F11D000225D4B200053
:102840002900FFF719FE002815D0002F10DB00200B
:10285000594908B0E0BCBA46B146A846F0BD2200CE
:102860002B0000980199FFF7AEFD00F065F9F0E745
:1028700000200021EDE70022504B20002900FFF747
:10288000F3FD002807D0002F02DB00200021E0E745
:1028900000204949DDE72000290000F001F90490FB
:1028A000059102000B0020002900FFF75CFD0300EA
:1028B0000C001A220293039400F0EEF800F0F0F8F6
:1028C0001A225242FFF7BCFE04000D0002000B006A
:1028D00002980399FFF747FD069007910498059920
:1028E000FFF700FE8146010079438A463800FFF772
:1028F000E1FD22002B0004900591FFF764FD060026
:102900000F0000F0CDF804000D00FFF7EBFD80464E
:10291000D04422002B0030003900FFF724FD0400D2
:102920000D00069A079B04980599FFF74CFD0200DD
:102930000B0020002900FFF71FFD04900591484679
:10294000FFF7B8FD009A019BFFF73DFD04000D0065
:1029500000F0A6F806000F00FFF7C4FD8044320027
:102960003B0020002900FFF7FEFC049A059BFFF7BF
:1029700003FD04000D00029A039B00980199FFF7E4
:1029800022FD22002B00FFF7F7FC00F0D5F84246AD
:10299000FFF756FE5DE7C04601FCFFFFFF030000A6
:1029A000EF39FAFE422EE63F0000E03F0000F03F24
:1029B00002FCFFFF0000B0400000F07F0000B0C04C
:1029C000F0B5C64600B582B004000D0016001F0029
:1029D000019000291DDA10001900FFF789FE002878
:1029E0000ED0200080231B06E91832003B00FFF7C1
:1029F000E7FF80242406091902B080BCB846F0BD68
:102A0000019880231B06E91832003B00FFF7D8FF2E
:102A1000F2E710001900FFF765FD8046200029004D
:102A2000FFF7A4FE00280CD14346002B28D020330A
:102A3000402B1FD932003B0020002900FFF7D2FEB7
:102A4000DAE72A0D5205520D0F4B9C466244802353
:102A50001B01984505DA0D4B984504DA0B4B984657
:102A600001E00B4B984643465A4300200949FFF7C3
:102A7000E7FDC1E7424620002900FFF7A1FEBBE7C2
:102A800000200449B8E7C04601FCFFFF00F8FFFF43
:102A9000FF0700000000F03F10B5FFF7D1FD10BDAB
:102AA00070B50B0D5B055B0D214A944663445A1CBF
:102AB00024DB5A1C28D03422D21A002A1DDD3324EC
:102AC000E41A2500203D26D40126AE40330001251E
:102AD000A5402A0012184B412500203D21D4022692
:102AE000AE4031000225A5402800002544428D411A
:102AF0001600264030002B40190070BD0022C90F7F
:102B0000CB0710001900F8E7CB0FDB070020094ABC
:102B10001A431100F1E720252D1B0126EE4033005A
:102B2000D5E720252D1B0226EE403100DAE7C0460E
:102B300001FCFFFF0000F03F70B504000D000A0D1E
:102B4000194B9A4229D00022184BFFF78DFC002820
:102B500026D10022164B20002900FFF78DFC00280B
:102B600002D0002013491DE020002900FFF798FF44
:102B7000FFF7B8FC0600FFF79DFC02000B002000E9
:102B80002900FFF7F0FB0C4A0C4BFFF71CFCFFF78A
:102B9000D9FC3200FFF754FD04E00020002101E0E1
:102BA0000020002170BDC046FF0F00000000B0C033
:102BB0000000B0400000F07FEF39FAFE422EE63F01
:102BC000F8B5CE46474680B506000F0014001D003C
:102BD00000224E4BFFF73AFC002821D12B0D9846DE
:102BE0005B055A0D9146002B1AD00022484B30004D
:102BF0003900FFF72BFC002802D0464B99456DD0D9
:102C00003A0D5305590D002B1DD1002D0EDB200070
:102C10002900FFF76DFD002863D03000390001E086
:102C200000203A49C0BCB946B046F8BD2000290092
:102C3000FFF75EFD002857D0FB0FDB070020364A68
:102C40001A431100EEE7334B9A4213D0334B9A42AA
:102C500015D0304B984527D0304B98452AD02000CE
:102C60002900FFF715FD00282AD1002F2FDA0020B8
:102C70002949D7E7002D3ADA00200021D2E7002DBC
:102C800008DB20002900FFF733FD002832D00020A8
:102C90002349C7E720002900FFF72AFD00282CD090
:102CA000002080210906BDE71E4B994228DC002048
:102CB0000021B7E71B4B994225DC00201649B1E7FC
:102CC00022002B0030003900FFF77AFEAAE722002D
:102CD0002B0030003900FFF785FDA3E700200B49EA
:102CE000A0E7002000219DE700200B499AE7002083
:102CF000094997E70020084994E70020002191E75F
:102D0000002005498EE7002000218BE70000F03FFE
:102D10000000F0BFFF0700000000F07FFF0F000081
:102D20000000F0FFFE03000007B56046002800D158
:102D300000BE01880A0A0230DF2AFAD1C9B282082D
:102D400004D3028840880004104300E00068024A6F
:102D50005050039007BD0000CC1900200FB403BCF5
:102D60000CBCF0B50124E407634000E0F0B50C0DA5
:102D7000CF0F661E3605891B640503D3C943404245
:102D800000D30131640D03D0661CF60A07D0E41BA2
:102D900000207F00791C89078912803C24031D0DC7
:102DA000DF0F6E1E36059B1B6D0503D3DB435242BE
:102DB00000D301336D0D03D06E1CF60A07D0ED1B56
:102DC00000227F007B1C9B079B12803D2D032F1B45
:102DD000661B58D4A446202E46DA20371400BC4087
:102DE0001D00BD40F24033412A4380185941CB0FAA
:102DF00005D0C943C043002264425041514162465C
:102E00004D0D28D10D0D07D100281FD024194041A8
:102E10004941013A0D0DF9D0640006D3013000D3C9
:102E20000131002C01D140084000013A0BD4941C20
:102E3000E40A04D112051144DB071944F0BDD90797
:102E4000204B194300E0D9070020F0BD0029DDD157
:102E5000002CDBD1F0BD0132C6074008CD07284366
:102E60004908002EE1D0D9E73C2E29DA203E403730
:102E70001400BC4000D00124F24014431A00BB40AF
:102E80001C43D317ACE7AC46202F08DA20360400E9
:102E9000B4400D00B540F84039412843A5E73C2F28
:102EA0000CDA203F40360400B44000D00124F84042
:102EB00004430800B1400C43C117EAE710001900B1
:102EC000002494E70000F07FF0B50C0D661E360577
:102ED000891BE60A6405640D02D0651CED0A04D066
:102EE000002001210905803C2403A4461C0D671E17
:102EF0003F05DB1BE70A6405640D02D0651CED0A83
:102F000004D0002201231B05803C24037740644445
:102F100097B484B296B27443070C7E43150C6F438A
:102F200080B26843361802D3012000043F183004F1
:102F3000350C00197D41844688B29AB250430C0C7E
:102F400062431F0C7C438EB27E43921902D301264A
:102F50003604A4191604170C3618674101BC81B257
:102F60009AB25143040C62431B0C5C4380B2584339
:102F7000121802D30120000424181004130C401866
:102F800063412D185E410020474106BC88B293B2D0
:102F900058430C0C6343120C544389B251435B18E1
:102FA00002D301210904641819041A0C091862419A
:102FB0006D1856410020474118BCF902720D1143AB
:102FC000F0026A0D1043ED020A0D03D16D19404164
:102FD0004941013B124E9B1B7600B3420ED26D005D
:102FE00007D30130002671416646354301D14008C0
:102FF00040001B05C918E4072144F0BD0BDA01337A
:1030000006D1013004D101314F0D01D04908F2E75A
:10301000E1070020F0BD013631050020EBE700009C
:10302000FF030000F0B51C0D671E3F05DB1BE70A20
:103030006405640D02D0661CF60A04D00022012348
:103040001B05803C2403D0252D060026F6432E6662
:103050001E096E66CE0FF619B44649004F0D02D018
:103060007E1CF60A03D000200021403F3F033E1B98
:10307000B600B444013F7F05C91B49082E6F0136D5
:1030800076089C02950D25437543ED137543AD13EA
:1030900001356D10F603761B0CB4CC02450D2C43A4
:1030A000A2B2B3B25A43270C7B43350C6F43A4B290
:1030B0006C431B1902D3012424043F191C041D0C6A
:1030C000A4187D4124196D41009A91B2ACB26143BC
:1030D000170C7C432B0C5F4392B25A43A41802D3C3
:1030E00001221204BF182204230C52187B41019CB8
:1030F0006C431B19520ED9010A434401A01A81B234
:10310000B2B2514303145A43360C734387B2774328
:10311000D617D21900277E4136049B191704160CC6
:103120007F185E417316ED18F30100268033754158
:10313000A90F06D16400690AE8055B0A184309D2A1
:103140002FE00422944480337541A90AA8059B0A04
:10315000184326D3404149412404009A019B0D00A5
:103160005543641B4343E41A95B286B27543170C6A
:103170007E43030C5F4392B25A43B61802D3012236
:103180001204BF183204330C52197B4152429C4145
:10319000002C02D40022013051414008CA071043DC
:1031A000490802B06246D7079210084BD218084B64
:1031B0009A4203D212058918C919F0BD0020002ACD
:1031C00001DC3900F0BD01331905F5E7FD0300000E
:1031D000FE070000002200B5203200F004F80800CD
:1031E00000BD000000220B150AD410B5944600F073
:1031F00079F81414013400DA0021CB17144C20475D
:103200000020002170476244343A0CD40C2A07DABB
:1032100004009140904052422032D440214310BDDE
:10322000D843D94310BD203207D40C4694405242B3
:1032300020321141D040204310BD0800C917203270
:1032400003D452422032104110BD1800190010BDA5
:103250000732001000210A00002104E000210A00CA
:10326000C11704E00022002306E0C0460022CB176D
:1032700058405940C01A994130B5184CA21A00293B
:1032800003D1010010D00020203A4C1512D104D2F5
:10329000013A001849414C0DFAD3114CA24204D214
:1032A00012058918DB07C91830BDD243520D002022
:1032B0000021F5E703D4013A00184941FBD50B3250
:1032C0004405C00A4D052843C90A640003D0002400
:1032D00060416141E1E7E0D34408F8E732040000CF
:1032E000FE0700000A0DCC0F531E1B05C91A52051C
:1032F00003D3C943404200D30131520D03D0531CC4
:10330000DB0A07D0121B00206400611C89078912A8
:10331000803A1203014BD21A70470000FF030000ED
:10332000023225D40C2A1CDA1125AD1A0B002B41D0
:10333000083207350600EE40904091403143F0CC12
:1033400063431A1500235A41554356435743BF025E
:10335000F412760576196741ED177F19801BB94184
:1033600070470C220020C917490001310905DBE72D
:103370000902030E194300025342203208D40C0004
:1033800019419440D8402043002250415141704798
:103390000800C917203B2032F1D50020002100226F
:1033A00070470000F0B5FFF79DFF54A4FFF7B8FF8A
:1033B000002904DA204C214D00196941013A04B476
:1033C000012752A6002201239B0730CEB446001BE2
:1033D000A9410BD47E4220361D003D411C00B44063
:1033E0001600FE40344362416B4101E0001969411F
:1033F00066460137212FE8D185B29EB27543071486
:103400007E43190C4F4384B24C43F1173619002404
:10341000614109047F183404310C64197941A40F07
:103420008800204389178018594104BC52423E321B
:10343000FFF71DFFF0BD00006BDE73F4FD855C2C13
:10344000F0B54F0050D27F154ED001374FD0FFF767
:1034500049FF04B44902C20D1143400201272BA6C3
:10346000B446002200237E4220360D003D410C0070
:10347000B4400600FE40344344414D41AE0F05D1F7
:1034800020002900664630CE121BAB410824A4441C
:103490000137212FE7D18900891012184B4180BCD8
:1034A00017A413CC0137784379437C434F05C912E5
:1034B000CD17C0196941A702A415CD17C9196C41D0
:1034C000DD17801859416C413E22CD17AC4208D01F
:1034D00000090E0730430909260731432411043A35
:1034E000F3E7FFF7C4FEF0BD02490020F0BD02493A
:1034F0000020F0BD0000F0FF0000F07FAAB800003F
:103500006BDE1300A3EF0F0021170B00F34B98BFE6
:10351000EC23F319D6104DCDE3FB470E7AB9BC8AE4
:10352000DBC18907CC542C021846E103053083E740
:10353000B029F8011E1FE0874505FE00249E41AC1E
:10354000A9807F008117624515E03F00E610ABA916
:1035500002F81F008858455500FE0F00C4AAA90AAA
:1035600080FF070056455501E0FF0300ABA92A0084
:10357000F8FF010045550500FEFF0000AAAA0080E3
:10358000FF7F0000551500E0FF3F0000AB0200F890
:10359000FF1F0000550000FEFF0F00000B0080FF22
:1035A000FF0700000100E0FFFF0300000000F8FF3C
:1035B000FF0100000000FEFFFF0000000080FFFF91
:1035C0007F00000000E0FFFF3F00000000F8FFFF69
:1035D0001F00000000FEFFFF0F00000080FFFFFF44
:1035E00007000000E0FFFFFF03000000F8FFFFFFFF
:1035F00001000000FEFFFFFF00000000000000804F
:103600000000000000000040000000005143434360
:10361000C9188C46110C83B24B4310B4040C61439F
:1036200092B280B2504362431C041B0C001910BCC0
:1036300059411304120CC0185141614470470000F5
:1036400048404140484000239C46114B5B68184766
:1036500000239C460E4B1B6818470E4A936F9B082D
:1036600004D200239C460A4BDB681847F0B5146E61
:10367000556E576F166FFFF7F4FF064A14665566CE
:1036800057671667F0BD00239C46014B9B6818479F
:10369000D81A0020000000D0C10FC90700D5404251
:1036A000002817D0F44603B40B4B1B68984706BCA0
:1036B00081409E384042803107D20B0607D0490036
:1036C000490AC0051043084360470130F8E7490A3A
:1036D0008902F5E770470000D41A0020034BDB6F26
:1036E000FC4618477CDF213800100000D81A002063
:1036F00070B513231E782A48FEF788FA0500012EBC
:1037000011D0012E09DDAB1E1B789B007F2B40DD05
:1037100024488022290000F0A9F82348FEF76EFA19
:10372000224B186070BD1F485422290000F09EF8FB
:103730001F4B1A881F4B9A421CD1A7239B011A8842
:103740001D4B9A4216D11D4B1A881D4B9A4211D11E
:103750001C4B1A8894239B019A420BD11A4B1A884E
:103760001A4B9A4206D11A4B1A681A4B9A4201D147
:10377000152307E01848FDF713F9184C094A99007A
:103780008C5001331F2BF8D9144B064A1362D361B6
:10379000B7E7134B134A1448422101F04FF9C046D2
:1037A00053460000D81A00204C330000D41A0020E1
:1037B000EE290000C40F0000C20D0000962B00008F
:1037C000C0B50000182B0000CC2A000010B5000086
:1037D000FC2C000051ED87647C800010ED37001058
:1037E00070860010BC8D0010A486001007B56046DE
:1037F000002800D100BE01880A0A0230DF2AFAD16F
:10380000C9B2820804D3028840880004104300E053
:103810000068024A5050039007BD0000D81A0020EB
:10382000C30FDB0741000A0E07D0FF2A08D00909A1
:10383000054A89181943400770471900002070474E
:103840000249C918FAE70000000000380000F07FC4
:1038500001480421014B1847800C00201D1C00105A
:10386000014B1B6818470000800C0020014B5B686F
:1038700018470000800C0020704710B5002802D0C7
:103880000B684968984710BD0100002007E08300DD
:103890001B185B00501C08601078C01830380A688C
:1038A0001378303BDBB2092BF1D97047F0B5DE4617
:1038B00057464E464546E0B583B093461F000C9BE5
:1038C0009A460D9C0E9B99460F9B9B0703D0B846CA
:1038D0000F00060022E00192A34688464E46B946F4
:1038E0000700B44207D2551C4B4641462020B8473A
:1038F00001342A00F5E73D004F465C46019B9B469C
:10390000B1464646B84637002E0007E0013C551C3C
:103910005346185D43463900B0472A00002CF5D1C4
:1039200035003E0047460F9B9B0707D4100003B0AD
:10393000F0BCBB46B246A946A046F0BDB0464E46D6
:10394000B9462F005D46531BB342EFD2541C4B4681
:1039500041462020B8472200F5E7F0B5CE4647465D
:1039600080B585B0944698460C9D0D9C0EAB1B7897
:103970009946109A119B129EB7071CD4002B0CD0AD
:10398000F7070AD54F46002F02D10C37374204D033
:10399000013B02E030272F550134944201D21F2C05
:1039A000F8D9F70707D59C4205D21F2C03D830273A
:1039B0002F550134F5E7F70612D5770505D4002C0D
:1039C00003D0944221D09C421FD00F9A102A32D0AB
:1039D0000F9A022A37D01F2C0AD830222A550134D8
:1039E0001F2C05D84A46002A33D02D222A550134EF
:1039F000039602930194009543466246FFF756FFF3
:103A000005B0C0BCB946B046F0BD621E012C10D056
:103A10000F9F102F0BD014000F9A102AD8D1B20686
:103A2000D6D51F2CD4D858222A550134D3E7023CCE
:103A3000CBE71400C9E7B206EED41F2CECD87822ED
:103A40002A550134C7E71F2CD2D860322A550134D9
:103A5000C1E7720703D52B222A550134C8E7320784
:103A6000C6D520222A550134C2E7F0B5DE465746B6
:103A70004E464546E0B593B081468A460892099382
:103A80001CAB10CB1B789B461E9D219B9846002C9F
:103A900003D1102342469A4390468023DB004646DA
:103AA0001E4042461A4212D0002C22D000260EE0C0
:103AB0003033D9B2771C0AAB995529002000FEF7A4
:103AC00017FAAC4216D31F2F14D83E000400290069
:103AD0002000FEF70DFACBB2092BE9D94246920637
:103AE00005D54121C918C9B20A39C9B2E2E7612135
:103AF000F8E7270043460693209B05931F9B0493FA
:103B000003955B46029301970AAB0093099B089AC1
:103B100051464846FFF721FF13B0F0BCBB46B24602
:103B2000A946A046F0BDF0B5DE4657464E4645468E
:103B3000E0B597B00A900B910C929A46209B99465B
:103B4000219F22AA13789B46249B0993259C289B9E
:103B500098464A463A4302D110329343984680220F
:103B6000D20045461540434613420AD04A463A43DE
:103B700041D000252E0053460D934D46099B9A4691
:103B80001BE02E0053460D934D46099B9A4614E0C8
:103B90003033DAB2731C99460EAB9A555246230065
:103BA00028003900FEF7E2F9BC4226D819D04B466E
:103BB0001F2B1CD84E4605000F005246230028003C
:103BC0003900FEF7D3F9D3B2092BE1D94246920668
:103BD00005D54122D218D2B20A3AD2B2DAE761222E
:103BE000F8E7AA45E3D94E460D9B9A4608E04E46B3
:103BF0000D9B9A4604E0002602E04E460D9B9A4635
:103C000043460693279B0593269B0493099B0393A6
:103C10005B46029301960EAB009353460C9A0B99A8
:103C20000A98FFF79AFE17B0F0BCBB46B246A94609
:103C3000A046F0BDF0B5DE4657464E464546E0B5D7
:103C400091B0804689460C929A461A9C1B9D220090
:103C50002B0020002900FEF71CFC002800D0ECE01F
:103C600001225242D44B20002900FEF70DFC00280F
:103C700000D0E2E001225242D04B20002900FEF7A2
:103C8000EDFB002800D0D8E000220023200029000E
:103C9000FEF7E4FB002800D0E4E0069407958023BB
:103CA000DB001E9A1A400D921E9A1A4201D1062379
:103CB0001C930698079902000B00089209930300D1
:103CC0000A00024300D1D9E0080D4005400DBC4E6A
:103CD000B44660440A03120B1E00BA4B13431F0084
:103CE000FEF7E8FBB84AB94BFEF76DFBB84AB94B93
:103CF000FEF742FB089009910022B74B30003900D3
:103D0000FEF731FBB54AB64BFEF75DFB02000B0038
:103D100008980999FEF730FBFEF7E4FB8346FEF7AF
:103D2000C9FB06000F00AF4AAF4BFEF74CFB002269
:103D3000AE4BFEF721FBFEF7D5FB0890AC4AAD4B2E
:103D400030003900FEF73FFB06000F000898FEF731
:103D5000B1FBA94AA94BFEF736FB02000B0030006D
:103D60003900FEF700FB06000F0002000B00FEF713
:103D70002AFB0A900B91089BA14A944663440021B8
:103D80000022089109921B05099300230893320031
:103D90003B0030003900FEF7EFFA0E900F91320031
:103DA0003B0000208021C905FEF7DDFA06000F0068
:103DB0000022944B0A980B99FEF7E7FA0022924BE7
:103DC000FEF7DAFA02000B000A980B99FEF7DDFA0B
:103DD00000228E4BFEF7D0FA02000B000A980B99D6
:103DE000FEF7D3FA02000B0030003900FEF7C4FAE8
:103DF00002000B000E980F99FEF7C7FA0022714BD4
:103E0000FEF7BAFA089A099BFEF7DDFA06000F00E2
:103E100008960997069A079BFEF736FB00282FD0D5
:103E200001235B429C46E3440022774B300039007B
:103E3000FEF7ABFA0890099122E01E9B04931D9BAC
:103E400003931C9B02930094019553460C9A494698
:103E5000404600F0FFF811B0F0BCBB46B246A946A0
:103E6000A046F0BD0021002206910792069480230F
:103E70001B069C46AC446346079310E700239B4611
:103E80005B466333C62B20D804261E9B1B0528D512
:103E9000089A099B190011430FD05D4A5D4B0698A3
:103EA0000799FEF7E9FA00287AD000225A4B0698C3
:103EB0000799FEF7D3FA002872D01C9B5B4506DDFC
:103EC0005A469B1A013B1C9303E00526DDE70023BD
:103ED0001C938023DB001E9A1A431E9200260023A7
:103EE0009B461D9B9E4265D29F1B02231E9A1A4031
:103EF0000A921E9A134202D0002E00D000275B4681
:103F0000002B07D0089A099B06980799FEF73DFAFF
:103F1000069007910022002320002900FEF79EFA58
:103F2000002800D07CE03D4B1E9A13400493039779
:103F30001C9B0293069B079C0093019453460C9A8A
:103F40004946404600F086F8002E00D183E71E9BCC
:103F50009B0671D54525441C53460200494628005E
:103F6000C0475A46D317D2185A4005230593013E3D
:103F70000496002303930A3302935B46DB0F0193FD
:103F800000925346220049464046FFF76EFD0A9BC9
:103F9000002B00D15FE7020047460C9E1D9D53E0B9
:103FA0001C9B002B9DD00D9B002B9AD01C9B013B92
:103FB0001C9396E7002798E7FFFFEF7FFFFFEFFFD7
:103FC00001FCFFFF0000F03FFB799F501344D33FFB
:103FD000B3C8608B288AC63F0000F83F61436F6317
:103FE000A787D23F71A379094F930A400000E03FB1
:103FF0001655B5BBB16B0240EF39FAFE422EE63FD3
:10400000FF03000000002C40000024400000184086
:104010002D431CEBE2361A3F80842E41FFF7FFFF51
:10402000069C079D220029008020000684466144EA
:104030000B000692079376E765258CE7541C5346E0
:1040400049462020B8472200931BAB42F6D310000C
:1040500001E7C046F0B5DE4657464E464546E0B558
:1040600095B00690079193469946209F1E9A1F9BF4
:1040700010001900FEF70DFA002831D1012252423A
:10408000BF4B1E981F99FEF7E9F9002837D101228E
:104090005242BC4B1E981F99FEF7F6F900283DD1FD
:1040A0000022B94B1E981F99FEF7EEF9002850D157
:1040B0000022B64B1E981F99FEF7D0F9002848D170
:1040C000002200231E981F99FEF7C8F9002850D13E
:1040D00000239846229B5B0500D4B6E0002458E0FC
:1040E000229B0393219B029303230193A84B0093EC
:1040F0004B465A4607990698FFF7D8FB0EE1229BDC
:104100000393219B029304230193A24B00934B46FC
:104110005A4607990698FFF7C9FBFFE00423229A45
:104120001A4022990B4210D09B4B002A0FD0042238
:104130002299039121990291019200934B465A468C
:1041400007990698FFF7B2FBE8E0944BEDE70322EE
:10415000EEE7229B0493219B039302971E9B1F9CD7
:10416000009301944B465A4607990698FFF762FD63
:10417000D4E01E9A1F9B00200021FEF7F4F81E9049
:104180001F9101239846A5E70CAB30221A55013F39
:1041900001341F2C01D8092FF6D81E981F99FEF75D
:1041A000A1F90500FEF786F902000B001E981F9981
:1041B000FEF7D9F87A4BFA009B181A685B680A92E6
:1041C0000B93FEF700F908900991FEF7AFF906008E
:1041D000FEF76CF902000B0008980999FEF7C3F886
:1041E0000890099100226F4BFEF74EF900282ED05F
:1041F00001363000FEF75AF902000B000A980B99BD
:10420000FEF732F9002801D001350026002F2CD10D
:104210002800FEF74FF902000B001E981F99FEF7C9
:10422000A2F806000F0000225E4BFEF717F90028E7
:1042300046D100225B4B30003900FEF725F90028FB
:104240003ED1EB073CD501353AE0062746E7002290
:10425000544B08980999FEF701F90028D6D1002E91
:1042600001D0F307D2D50136D0E7AA461F2C11D8CA
:10427000013F0A213000FDF73BFE651C30310CABDD
:1042800019550A213000FDF733FE092E0ED906001C
:104290002C00EBE755461F2C0CD87B1E002F09D0B5
:1042A0000CAA302111551F000134F4E72B005546AC
:1042B0001C00F0E71F2C03D80CAB2E221A5501343A
:1042C0001F2C10D80A212800FDF7EAFD661C3031AA
:1042D0000CAB19550A212800FDF7E2FD051E01D09F
:1042E0003400EDE734000323229A1340012B1CD045
:1042F0001F2C06D84346002B32D00CAB2D221A556A
:104300000134229B0393219B029301940CAB0093F5
:104310004B465A4607990698FFF7C8FA15B0F0BC05
:10432000BB46B246A946A046F0BD219B002B13D048
:104330004346002B02D10C3313420FD0219B013B8B
:104340002193190003E00CAB30221A5501348C4242
:10435000CED21F2CF7D9CBE72199F8E72199F6E7C0
:10436000229B5B0704D50CAB2B221A550134C8E7FE
:10437000229B1B07C5D50CAB20221A550134C0E780
:10438000FFFFEFFFFFFFEF7F65CDCD4165CDCDC1D5
:104390003C870010408700103087001038870010DD
:1043A000C08F00100000E03FF0B5DE4657464E4695
:1043B0004546E0B593B0824688469346119300295E
:1043C00000D10DE300255646119B1878002800D136
:1043D00009E3252809D06C1C5B462A004146B047FA
:1043E000119B013311932500EEE701331193002750
:1043F00020E001231F4301321192012418E002231F
:104400001F4301321192012412E004231F430132A1
:10441000119201240CE008231F4301321192012460
:1044200006E010231F4301321192012400E0002412
:10443000002C09D0119A1378203BD9B21029F6D854
:104440008B00C849CB589F46119B1A781300303B0C
:10445000DBB2092B10D92A2A13D00B94119B1A789E
:104460002E2A1ED0119A1378683BD9B2122959D836
:104470008B00BD49CB589F4611A8FFF705FA0B905A
:10448000ECE71C9B1A1D1C921B68002B04DB0B9392
:10449000119B01331193E1E7022217435B420B9317
:1044A000F6E78022D20017435A1C11925A78130063
:1044B000303BDBB2092B0BD92A2AD3D11C9B1A1D06
:1044C0001C921C68002C08DB119B01331193C9E777
:1044D00011A8FFF7D9F90400C4E70024F4E780230A
:1044E0005B003B43511C119151786C2901D01F0096
:1044F00018E0C0239B001F430232119212E0802378
:104500003B43511C11915178682901D01F0009E0EB
:10451000C0231F430232119204E080235B001F433B
:1045200001321192119B1878672818D8252800D2DB
:104530004CE20300253BDAB2422A00D946E293005E
:104540008A4AD3589F4680239B001F430132119211
:10455000E8E780235B001F4301321192E2E77828ED
:1045600000D933E2692800D230E20200693AD2B2BF
:10457000012393407E4A134211D11A0600D500E26E
:104580005B0500D422E21C9B1A1D1C921B689A46F4
:10459000002C00D0B2E10122524253468EE16F2836
:1045A0000ED006D858283DD0622804D102239C465C
:1045B00008E0782839D010239F43063B9C4601E051
:1045C00008239C46582833D0692803D0642801D09A
:1045D0000C2297437A0501D50122974369282AD0F6
:1045E000642828D0BA0500D59FE0FA0500D5C1E0BF
:1045F0007A0600D4D3E01C9A111D1C911168FF2289
:104600000A4005970B9B049303946346029300238F
:10461000019300925B462A0041463000FFF725FADD
:10462000050027E010239C46CCE710239C46C9E7F1
:1046300020221743C8E7BA0520D4FA0550D47A06D9
:1046400066D51C9A111D1C911168FF220A40D017D3
:104650001118414005970B9B049303946346029302
:10466000D20F019200915B462A0041463000FFF7CD
:10467000FCF90500119B01331193A5E61C9A073242
:1046800007218A43110008311C911168536899462B
:10469000DB170C930D930C9A0D9B100048400E9065
:1046A0004A4653400F930E980F990C9A0D9B801A0F
:1046B00099410E900F9108970B9B079306946346C0
:1046C0000493002305934B46DA0F02920090019168
:1046D0005B462A0041463000FFF725FA0500C9E78E
:1046E0001C9A111D1C911268D01711184140059792
:1046F0000B9B0493039463460293D20F01920091A3
:104700005B462A0041463000FFF7AFF90500B1E7EC
:104710003A0605D51C9A111D1C910023D25E96E71E
:104720001C9A111D1C91126891E71C9A07320721EF
:104730008A43110008311C9108970B9B079306943C
:104740006346049300230593029353681268009212
:1047500001935B462A0041463000FFF7E4F905006B
:1047600088E7C046248E0010688E0010B48E0010BA
:10477000419000001C9A111D1C9105970B9B0493FE
:1047800003946346029300230193136800935B46EE
:104790002A0041463000FFF768F905006AE73A064B
:1047A00006D51C9A111D1C9112681204120C28E7E0
:1047B0001C9A111D1C91126823E7462819D01C9BD6
:1047C0000733072293431A0008321C9204970B9A6E
:1047D000039202941A685B68009201935B462A0078
:1047E00041463000FFF736FC0500119B0133119361
:1047F000EAE520231F43E2E7672801D0472802D1DA
:1048000080231B011F43452801D0472801D12023C5
:104810001F431C9B0733072293431A0008321C9244
:1048200004970B9A039202941A685B6800920193B2
:104830005B462A0041463000FFF7FCF90500119B5A
:1048400001331193C0E502231A003A4091463B42DE
:104850001DD001241C9B1A1D1C926F1C18785B46EE
:104860002A004146B0474B46002B14D1119B01331F
:1048700011933D00A8E5571C5B4641462020B047F8
:1048800023003A005C1C9D42F5D81500E2E70123A5
:104890002A000B9DF6E73A00B1460B9E06E0571C36
:1048A0005B4641462020C8472C003A00651CA642C2
:1048B000F5D817004E46D9E701330A0019780029C8
:1048C00002D0511E002AF7D152469B1A8022D200F4
:1048D000390011408946174202D0A34200D9230073
:1048E00002221100394010913A4209D02A002500D5
:1048F00057469A4633004E46994621E022004CE640
:104900002A004546A04606E0541C5B4629002020AC
:10491000B0473B0022005F1C0B999942F4D84446F3
:10492000A8463B00250057469A4633004E46994616
:1049300006E01D000137541C5B464146C847220073
:104940003878002804D0002EF4D06B1E002DF0D152
:10495000150053464E46109A002A03D1119B01338D
:10496000119331E50B9F2A0006E0551C5B4641463A
:104970002020B04723002A005C1C9F42F5D8150078
:10498000ECE721233B431C9A111D1C9112680593EF
:1049900008230493039408330293002301930092A5
:1049A0005B462A0041463000FFF75FF80500119B87
:1049B0000133119308E56C1C5B462A004146252013
:1049C000B047119B013311932500FDE46C1C5B463D
:1049D0002A004146B047119B013311932500F3E4AF
:1049E0000A4B9A46EEE4B2465D450DD35B465A1E2D
:1049F0005B4641460020D047280013B0F0BCBB46C0
:104A0000B246A946A046F0BD2A00F1E77938001069
:104A100000B585B002900391012104480093130072
:104A20004A4202A9FFF7C0FC05B000BD7B38001068
:104A300000BEFDE710B5FFF7FBFF000030B583B007
:104A40000D001900002A0BD0074B084C019200936F
:104A50002B000200200000F05FF90120FFF7E8FFC3
:104A6000034B1A00F1E7C046488700105887001032
:104A70007C80001010B5EFF30583002B00D000BE42
:104A8000FDF71EF9034C01E008CC9847024B9C420D
:104A9000FAD310BDFC7F00100480001010B5030095
:104AA000080011001B68984710BD0000F8B507000A
:104AB0000D001600437D002B02D0002400200CE0E6
:104AC00003681100280098472DE03B7D10E03B680B
:104AD000154802219847601C0134B44214DA002CB6
:104AE000F3DD2B19013B1B780D3B5A425341DBB2DE
:104AF0002A5D0A2AF0D1002BEED1A042E7DA3B680A
:104B0000211A28189847E2E7B04203DA3B68311AC5
:104B100028189847002E06DDAD19013D2B780D3B76
:104B20005A4253413B75F8BD1090001070B5050016
:104B30000368002B16D00C4B1C6805E0290004C943
:104B40002000FFF7B3FF2469002C09D02368002B55
:104B5000F9D0064B1B68002BF0D0A342F3D1EDE750
:104B600000232B6070BDC0466C150020741500201A
:104B700070B505000C000B68802B05D023685A1C0B
:104B80002260E418257170BD0800FFF7CFFFF5E73C
:104B900010B5FCF797FE074A002312184B41002B73
:104BA00003DB054803F0E4F910BD01225242034B38
:104BB000F7E7C04640420F00D00C0020FFFFFF7F08
:104BC00010B5024803F0A4F910BDC046D00C002077
:104BD000F0B5CE46474680B583B006000D0090463E
:104BE0001C00FFF7D5FF81466B1C05D0002C08D0B8
:104BF000184F194B1C6807E0300003F047F9050017
:104C0000F4E7164FF5E72469002C17D02368002B32
:104C1000F9D0134B1B68002B01D0A342F3D12A001B
:104C200031002000B8474346002BECD06B46D91D1D
:104C30000A230B7001222000B847E4E74B46002B03
:104C400005D1280003B0C0BCB946B046F0BDFFF79F
:104C5000B7FFF6E7AD4A00106C1500209D4A001022
:104C600074150020094A01E010331A001368002B64
:104C700008D08342F8D1002907D1036913600023CB
:104C8000036102E0002900D0106070476C1500201D
:104C900010B5064B1C6801E098472469002C03D02E
:104CA0006368002BF8D1F8E710BDC0466C150020F2
:104CB00010B500F0C9F910BD70B5050003F0E6F8B5
:104CC00004000123012201002800FFF781FFFFF704
:104CD000DFFF200070BD000070B5A2B004000E0020
:104CE000FFF756FF0500002301930A483300220016
:104CF00001A9FFF78DFE040001A8FFF717FFFFF7DA
:104D0000C7FF002D02D1200022B070BDFFF758FF71
:104D1000F9E7C046714B00100FB400B583B004A989
:104D200001C90191FFF7D8FF03B008BC04B01847D0
:104D300070470000014B00221A707047021C0020CF
:104D40004B79FF2B0CD18B79002B0BD1CB79012B1D
:104D50000AD1082A0AD98A78054B1A70092000E07E
:104D6000002070470020FCE70020FAE70020F8E769
:104D7000021C00200120704710B5012928D11179AB
:104D800053791B020B43134909788B4201D0002051
:104D90001FE05378012B03D0022B12D0002018E023
:104DA0009178D3781B021943DB0507D5480A4A0AD4
:104DB00001231A407E331940FCF74CFF012040428A
:104DC000F5E7642200210020FCF7ECFE012000E062
:104DD000012010BD021C002000487047DC9000102C
:104DE00010B51400012910D15378012B0FD112797D
:104DF00063791B021343072B01D0002006E0054A0C
:104E00009F33210001F05AFB00E0012010BD00207B
:104E1000FCE7C0463490001001230370004870473F
:104E20001490001010B50A784B781B0213438A784F
:104E300012041A43CB781B0613439622D2009342E6
:104E400000D010BD0120002211004042FCF702FFFB
:104E5000024B1860024B19607047C04608150020CD
:104E60000C15002010B5FCF72DFD0E4A002312187A
:104E70004B41002B12DB0C4803F07AF800280CD0D1
:104E800001200021404201F0DFF9002001F084FC04
:104E90000028F5D1044803F03BF810BD012252422E
:104EA000024BE8E740420F00DC1B0020FFFFFF7FC2
:104EB00010B5024B1878FBF799FE10BD031C0020BB
:104EC00070B5174B1B68002B20D0EFF3108272B621
:104ED000100019680029FCD0BFF35F8F10494A60A9
:104EE000104B00221A700B68BFF35F8F1A6080F3BB
:104EF0001088002400250C4B1878FBF753FE00287F
:104F000008D1002400252000290070BDFA24A40047
:104F10000025F0E7044B1878FBF768FEF3E7C0467E
:104F2000A0190020041C0020031C0020F0B585B04F
:104F3000060014001D000CAB1F78FCF7C3FC220018
:104F40002B0012184B41002B09DB02970B990191A2
:104F50000A9900913000FCF7E7FA05B0F0BD012294
:104F60005242014BF1E7C046FFFFFF7FF0B5C64656
:104F700000B584B00500884616001F000AAB1C78F7
:104F8000FCF76AFA0294019700962A004346FFF75D
:104F9000CDFF04B080BCB846F0BD000010B582B0B3
:104FA0002348002102F0CCFF002820D1214B1B68B0
:104FB000002B1AD0EFF3108172B608001A68002A8D
:104FC000FCD0BFF35F8F1B4A51601B490B78012453
:104FD0006340DBB201240C701268BFF35F8F0021C5
:104FE000116080F31088002B17D102B010BD012092
:104FF0000021404201F028F9002001F0A5FB040047
:105000000B4802F085FF002CEFD00C4B1B68002BE7
:10501000EBD00B4A10689847E7E70A4A0123009350
:105020000023FA2080000021FFF7A0FFDDE7C04643
:10503000DC1B0020A0190020041C00200815002003
:105040000C150020C14E001010B582B0D0231B06F5
:105050001C68FCF701FAFCF7E1FAA04230D1274BBB
:105060001B780021002002F061F8254B1B68002B03
:105070002CD00120FBF788FF224C20702249FF230F
:105080001840FBF7D1FD20780121FBF7A5FD052095
:10509000FBF7BCFD041E1DD00120FBF7FFFC010047
:1050A0001A4B1800FBF7D0FF194900220520FBF727
:1050B000E5FD18480121FFF7D5FD200002B010BD25
:1050C000154B164A1648C621FFF7B8FC0C48FBF7EB
:1050D00079FFCEE70D4808220021FEF7C1FB114AF7
:1050E000012300930023FA2080000021FFF73EFFF8
:1050F000C043C40F0028E0DADBE7C046F09400109C
:10510000DC1B0020031C00209D4F0010A019002074
:10511000B14E0010900C0020888700100C910010F8
:1051200090870010C14E001010B5002001F0F0FA79
:1051300010BD000070B505000C00FFF7F5FF00285A
:1051400034D0002001F000FB002832D0FCF7BAFB7D
:105150001B4A002312184B41002B19DB194802F09F
:1051600007FF002828D0FFF7DFFF002804D0002029
:1051700001F0EAFA00280FD101200021404201F09D
:1051800063F8032464420F4802F0C2FE200070BDA1
:10519000012252420C4BE1E722002900002001F0DD
:1051A000DFFA041EEFD103246442ECE703246442D7
:1051B000ECE703246442E9E703246442E6E7C046DF
:1051C00040420F00DC1B0020FFFFFF7FF0B5C6460A
:1051D00000B580460C00FCF775FB314A002312181D
:1051E0004B41002B07DB2F4802F0C2FE002806D1FE
:1051F00080BCB846F0BD012252422B4BF3E7FFF7CB
:1052000093FF002849D1294B0020002118605960E4
:10521000244802F07DFEEBE701200021404201F02E
:1052200013F8002001F0B8FAFFF77EFF0028EFD056
:10523000002001F033FB002820D0A542E8DA661BED
:10524000002001F02BFB0200864200DC3200002A25
:10525000E2D043465919002001F0FCFA0600012073
:105260000021404200F0F0FF002001F095FAAD1956
:10527000FCF728FB0D4B18605960DEE7FCF722FBBA
:105280000A4B1E685F680A4A002392197B419942C3
:10529000BED8D2D19042D0D9BAE70025CDE7C046DA
:1052A00040420F00DC1B0020FFFFFF7F580E002054
:1052B00020A10700004870478891001000487047FF
:1052C0003491001010B50400154B1B78002B0ED044
:1052D000002C11D1134B144A5A80012301335B0077
:1052E0009BB21048C02292001343038010BD0C48AB
:1052F000112100F025F8EBE7052C0ED80B4BA4008C
:10530000E4580023122BE9D8E15C0029E6D00133F0
:10531000044A58008152DBB2F4E70020E6E7C046B9
:10532000EC1B002044150020090400001C91001013
:1053300010B5024800F032F810BDC046C419002074
:1053400010B5002901D000230AE0104B104A114883
:105350003B31FFF773FB00220DE03732C2540133BB
:105360004A1E9A420ED90F2B0CD85A080A4CA45C3C
:10537000DA07F0D4042214410F222240092AECDC7F
:105380003032EBE7C0180023037010BD18880010FE
:105390009C91001020880010C419002030B589B0FD
:1053A000040004AD0D2200212800FEF759FA0D2259
:1053B00000216846FEF754FA4B232B700D226946F4
:1053C000280002F09DFD002304E05A1D69468A5C16
:1053D000E2540133072BF8DD09B030BD70B57F23EF
:1053E0000340C509264C5E0076197601A419A07009
:1053F0006842684160700020E0702183E276012DF0
:105400001DD0D8001F4A944660441D4A59004919CE
:105410004901521890601A4A590049194901521815
:10542000926800211160002B0FD1154A5B005B19B7
:105430005B01D31800225A60134ADA6070BDD800AD
:10544000124A94466044A060E5E7012D0BD0591E36
:10545000C9000F4A94466144094A5B005B195B012D
:10546000D2185160EAE7591EC9000A4A94466144BD
:10547000034A5B005B195B01D2185160DEE7C0464E
:10548000781500208400105000011050800010504A
:105490000C0010500800105010B5038B3F333F2212
:1054A0009343C27E022A08D008490A68C260D31812
:1054B0000B60074A934202D810BD5B00F4E7054B2E
:1054C000054A06485221FFF7B9FAC0467C19002068
:1054D000FF0F1050688A0010FC910010AC8A001079
:1054E000F8B57F250540C6096B009B195B010E4C82
:1054F0001C19FFF773FF002D00D1F8BD0A4B6D009A
:10550000AD196D015D19298B2000FFF7C5FFEB7EFA
:105510009B06E968054A4A4013438022120613435A
:105520006A681360E9E7C046781500200000105053
:1055300010B504007F202040E4094000001940011C
:10554000024BC01800F026F910BDC04678150020A7
:1055500010B5002804D101210520FBF73DFB10BD4B
:10556000034B044A98210448FF31FFF767FAC0460D
:10557000188B0010EC910010AC8A001010B50028B8
:1055800005D1002200218020FFF7D2FF10BD034B80
:10559000034AA2210348FF31FFF750FA188B00108D
:1055A000DC910010AC8A0010024B80225202DA64B7
:1055B0007047C0460020115070B5041E27D100F07E
:1055C000C7F8164D0C23AB671549FF220520FBF7E2
:1055D00055FB144840220021FEF742F900224021E9
:1055E0000020FFF77DFF002240218020FFF778FF99
:1055F00002F0B6FC01232B6480239B05EB6490230F
:10560000094AEA502000FFF7CFFF012070BD074B89
:10561000074A64210748FF31FFF710FA00001150D4
:10562000B90400207815002010D00100188B00105C
:1056300010920010AC8A0010044B1970002904D09D
:10564000034A902380218902D1507047FE1B00201D
:10565000002011500B785B0602D14B78052B00D04F
:1056600070478A78014B1A60FAE7C0460000115073
:1056700010B5CA789207920F012A0AD088780B7960
:105680004979090219434905490DFFF729FF01200E
:1056900010BD0020FCE710B502F062FC10BD000058
:1056A00010B50400080011001A00002C03D1FFF708
:1056B0003FFF012010BD034B034A812103488900AD
:1056C000FFF7BCF9188B0010CC910010AC8A0010C9
:1056D00010B57F23180008400B4205D1CB09012BE0
:1056E0000ED00222074B9A66C909400040184001BB
:1056F000054BC01880221201002102F059FC10BD98
:105700000122EFE7002011507815002010B57F220C
:10571000100008400A4200D110BDC90940004018DD
:105720004001044BC0180023C3700022024902F05C
:105730003FFCF1E778150020FFF7FFFF04E00A784F
:105740000270013101301A00531E002AF7D1704750
:1057500010B580235B040A4A13600A4A13600A4B9F
:105760001A6880235B049343F9D1802252010021FF
:105770000648FEF775F8064B09225A6710BDC04669
:1057800000E0004000F0004008C000400000105061
:105790000000115070B504000D001600837E002B30
:1057A00017D1A6820023E3820133A376256120006E
:1057B00002F0EEFB002804D00C4A902380218902DD
:1057C000D150200002F094FB00280AD00123237757
:1057D00070BD81780648FFF79FFA200002F0E0FBD9
:1057E000DFE7200002F0CCFBF2E7C04600201150BA
:1057F000048C001070B50500002408E09B1A5B01C2
:10580000164A9B18DB68280098470134E4B2144B11
:105810001A782300511CA1420DDBA242EED9114B94
:105820001B6862019B18002BECD10F490F48104AEE
:10583000FFF772FA10E00F4C542200212000FEF70F
:105840000FF8201D1022FF21FEF70AF82000143067
:105850002022FF21FEF704F870BDC0468C93001093
:10586000FD1B0020600E0020589300103C8C00109F
:10587000250200001010002010B5FFF7BBFF00F05C
:1058800069FE10BD70B505000C001600486900F0F7
:105890006BFE6369320001212800984770BD00004B
:1058A000F0B5DE4657464E464546E0B583B08246E3
:1058B0000139C8B2FFF702FD002803D043789946AA
:1058C000022B0CD056495748574AFFF725FA0020BB
:1058D00003B0F0BCBB46B246A946A046F0BDC579B0
:1058E0006C110122514B1440240119781026B14348
:1058F00021431970AD112A405201C9B22024A1439D
:105900000A431A70060009368278C3781B021343D3
:1059100083469B444B460193370066E0FB789946EB
:105920003A78BF1868E03E493E48414AFFF7F4F92B
:105930000020CDE7009AD31A5B013E4E9E193369D1
:105940002200390050469847082801D9844216D2CF
:105950000135EDB2384B1B7800955A1CAA423EDB4C
:10596000AB42E7D9354B1B686E019E19002EE6D17C
:105970002B492C48324AFFF7CFF90020A8E7340022
:10598000009E00904B46012B11D0002049468142D9
:105990001BD9BB781B18DBB2244AD2181279FF2A14
:1059A0000CD1224AD3181D710130C0B2EFE7216932
:1059B000244A9142E9D1019B9946E6E718491948E2
:1059C000214AFFF7A9F9002082E720482B00009C1C
:1059D0002200390001F082FCA446674400E02E005A
:1059E000154B1B7801339E420FDC5F4515D27B7847
:1059F0000B2B93D0012399467A78042A93D15B46E6
:105A0000DA1B93B200251C00A4E78522044905484F
:105A1000D200FFF781F900205AE7012058E7C0467D
:105A20002C9300103C8C0010D603000010100020B6
:105A3000F10300008C930010FD1B0020600E00207D
:105A4000FA030000196A0010190400002410002055
:105A500070477047002070470020704770B5050000
:105A60000C00CB7888780F2B53D89A002E498A588F
:105A70009746FFF71FFC021E05D0122321002800C5
:105A800000F01CFD46E0294929482A4AFFF744F95D
:105A900000203FE0FFF7A0F9021E3CD08178C378D8
:105AA0001B020B432100280000F008FD32E0022B0E
:105AB0000CD0FFF7D1FF021E2FD09178D3781B02B4
:105AC0000B432100280000F0F9FC23E0FFF7F6FB70
:105AD000021EF2D115491648174AFFF71DF900209A
:105AE00018E02379617909021943FFF7EBFB021EE5
:105AF00015D003782100280000F0E0FC0AE0FFF751
:105B0000A9FF021E0DD003782100280000F0D6FC6A
:105B100000E0002070BD0020FCE70020FAE7002034
:105B2000F8E70020F6E7C0462C920010149300100E
:105B30003C8C00103A04000061040000704770477C
:105B400070477047024B5878431E9841C0B2704767
:105B500010100020024B18784007C00F7047C04655
:105B600010100020034B1878FF38431E9841C0B234
:105B70007047C046C40C0020F8B505000F00FFF7C1
:105B8000F1FF061E48D1002F21D02E4854220021BB
:105B9000FDF766FE2C4B00221A702C4C2000FBF700
:105BA00011FA2B4B1C602B4C2000FBF757FA143CCE
:105BB000200001F02AFF284B1C60284B002B04D04A
:105BC0002748FFF729F9274B1860002410E0E92245
:105BD000254926485200FFF79FF81DE09B1A5B01FC
:105BE000234A9B185B68002B10D098470134E4B21D
:105BF0001B4B1A782300511CA1420FDBA242EDD9A6
:105C0000184B1B6862019B18002BEBD1F822164938
:105C100016485200FFF780F83000F8BD154B1D7094
:105C200039002800FFF7C8FC061E03D02800FFF744
:105C30008FFCF1E7FC220C490C485200FFF76CF88E
:105C4000EAE7C04610100020FF1B002008100020CB
:105C500064100020BC0C002068100020194E0010B9
:105C6000FD1B0020600E00207C9300103C8C001077
:105C70008C930010C40C002070B50D00104B1E78E2
:105C80008B7870221A420DD10E4B9978280001F0C2
:105C9000CFFA041E0DD029003000FFF7E9FC040004
:105CA000200070BD08490948094AFFF735F800246B
:105CB000F6E705490548074AFFF72EF8F0E7C04622
:105CC000C40C002010100020E49200103C8C001046
:105CD0000B0500000C050000F0B5D6464F464646C1
:105CE000C0B581460C0017009846089B9A460025CF
:105CF00017E018491848194AFFF70EF80026300037
:105D0000E0BCBA46B146A846F0BD9D2211491248F2
:105D1000D200FFF701F8F2E7099A13702378E4182C
:105D20000135AF4214DD6378052BE2D1E1788907B4
:105D3000890F4145DDD121004846FFF79DFF061E32
:105D4000E3D0A378DA09012AE6D052461370E5E7DA
:105D50000126D4E7F49200103C8C0010E704000008
:105D600010B57F200840C909400040183030044B6E
:105D7000C0180430034B196801F016FA10BDC04674
:105D8000101000206410002010B57F200840C909C1
:105D9000400040183030044BC0180430034B1968E1
:105DA00001F02AFA10BDC046101000206410002037
:105DB000F0B5C64600B582B001931A4800787F2539
:105DC0000D40CE09184C6F00E419A4193034247921
:105DD000E4071DD4144C6F00E419A419303423795E
:105DE0000127BC4667463B432371019BFFF758FCE4
:105DF000002813D10C4B6D005B199B1930331A79B5
:105E000001218A431A711A7903318A431A7105E014
:105E100006490748074AFEF77FFF002002B080BC12
:105E2000B846F0BDC40C002010100020D492001021
:105E30003C8C00103905000070B50A4B18787F249F
:105E40000C40CD09FFF744FC074A640013195B19A5
:105E500030331A7902210A431A711A7901210A434F
:105E60001A7170BDC40C00201010002070B50A4BD0
:105E700018787F240C40CD09FFF748FC074A6400DE
:105E800013195B1930331A7902218A431A711A796E
:105E900001398A431A7170BDC40C00201010002013
:105EA0007F220A40C909044B52009B185B1830330B
:105EB00018798007C00F704710100020F0B5C64653
:105EC00000B582B005000C00002000F04DFB2378E7
:105ED00060221A40602A1AD0402A20D02378DB069C
:105EE000DB0E012B00D1D7E0022B00D117E1002BF4
:105EF00000D07DE1202A1CD0002A00D082E1637806
:105F0000092B00D980E19B00C64AD3589F465532E1
:105F1000C549C6489200FEF7FFFE002669E1C44865
:105F200000F022FB220001212800FEF759FF0600A5
:105F30005FE123790F2B00D960E1BE4AD3181B79AA
:105F4000BD4A1278934207D2BC4A11685B01C91856
:105F5000002909D100264CE1511C994200DA4FE199
:105F60009B1A5B01B649591822002800FFF78AFCEA
:105F700006003EE1200000F0FDFAA1782800FFF7BE
:105F8000FDFAAC4A137802210B431370012630E16D
:105F9000A84B5B786A460632137001232100280063
:105FA00000F08CFA012624E1A678A24B5B78DBB2E4
:105FB000B3422CD09F4B5B78002B0CD19D4B5E7075
:105FC000002E22D031002800FFF76AFC061E12D0F6
:105FD000FFF7B4FD1BE000212800FFF72DFB280090
:105FE000FFF759FB934FBB7898462800FFF702FC58
:105FF0004346BB70E2E7C9228B498C489200FEF70A
:106000008BFE8C4B00225A70F3E0FFF798FD2100C5
:10601000280000F03FFA0126EBE021002800FFF7FE
:106020001DFD0600E5E0A278E3781B021343012B77
:1060300001D00026DDE07F4A137808210B4313705E
:106040002100280000F026FA0126D2E0A278E378A9
:106050001B021343012B01D00026CAE0754A1378B6
:1060600008218B4313702100280000F013FA012649
:10607000BFE0704B1A785109920801230B400221AE
:106080000A4013436A460632138002232100280087
:1060900000F014FA0126ACE023790F2B00D9B5E00B
:1060A000644AD3181B79644A1278934223D2634A14
:1060B00011685B01C918002900D1A9E0220028005D
:1060C000FFF7E0FB061E00D093E0237860221A421F
:1060D00000D08EE063780A3B012B00D989E00020D4
:1060E00000F042FA63780A2B0ED02100280000F05D
:1060F000D1F901267DE0511C994200DA8AE09B1A11
:106100005B014F495918D9E76B469A1D002313705C
:1061100001332100280000F0D1F9013669E021792E
:106120007F200840CE0970230B4217D1414B40001D
:106130001B189B191B7D40480078834215D23F48AD
:1061400006685B01F618002A19D0002E64D02200E0
:1061500031002800FFF796FB06004AE03249334839
:10616000384AFEF7D9FD002643E0461C9E4204DB78
:106170001B1A5B01324E9E19E5E70026E3E76378C0
:10618000012B10D0032B0ED0002B47D12800FFF796
:1061900087FE6B469A1D108002232100280000F024
:1061A0008DF9012625E0A078E2781202024304D19D
:1061B000012B19D02800FFF73FFE002E30D022001F
:1061C00031002800FFF75EFB002000F0CDF9194BED
:1061D00035229B5CDB07DE0F002B0AD12100280053
:1061E00000F058F9012604E02800FFF73FFEE4E73D
:1061F0000026300002B080BCB846F0BD0026F8E7AB
:106200000026F6E70026F4E70026F2E70026F0E78E
:106210000026EEE70026ECE70026EAE70026E8E79E
:106220000126E6E788920010409300103C8C001095
:10623000E14D001010100020FD1B0020600E00201A
:106240008C9300109503000030B585B0FFF78AFCF1
:10625000002808D105B030BD01AC2078FFF70CFB59
:106260002279634B9A70634B1C686269EFF310816B
:1062700072B61368002BFCD0BFF35F8FA16101A938
:10628000200001F065FB6269A369BFF35F8F002105
:10629000116083F310880028DCD001AB5B78082BF9
:1062A000E1D89B00544AD3589F4601AB1878FFF7BA
:1062B000E3FAFFF744FCD6E7504B1B78002B2DD0B8
:1062C0004E4A1378013BDBB213701378002BCAD10E
:1062D000474B1A78012401210A431A703422995C31
:1062E000A1439954995C0420814399540132995CEB
:1062F000A1439954995C8143995401AB187802A940
:10630000FFF7DCFD0028AED101AC20780021FFF7BB
:10631000DFF920788021FFF7DBF9A4E73849394815
:10632000394AFEF7F9FC95E701AB19797F220A405B
:10633000CC092F4B50001B181B193033187901253D
:10634000A843187118790335A8431871002A15D08D
:10635000274B52009B181B191B7D2C4A1278934225
:1063600013D22B4A12685B01D318002B15D09C69FD
:1063700001A84279039B0078A04774E701A84279FD
:10638000039B007800F004F96DE7501C984204DB91
:106390009B1A5B011F4A9B18E9E7A4221849194878
:1063A0009200FEF7B9FC55E7114B1B78DB0700D4D0
:1063B00059E70F4B18780007C00FFFF7C1FB52E7F2
:1063C0000B4B1B78DB0700D44DE7FFF7BAFB4AE71E
:1063D000029B002B00D146E70398984743E7044B04
:1063E000DB78DB0700D43EE70298FFF732FB3AE7A1
:1063F0001010002068100020B0920010FF1B002039
:106400006C9300103C8C001065020000FD1B002006
:10641000600E00208C93001010B50023CB56002B8B
:1064200005DB802100230022FFF7C2FC10BD002104
:10643000F8E70000F8B50500144B9F89DE89BB1B07
:106440009BB21C1C402B00D94024A4B20F4B1B78DC
:106450005BB2002B08DB0021B74213D00C4A2300AB
:106460002800FFF7A5FCF8BDB74209D0074B996893
:10647000402C09D806482200FDF7F8F98021EBE707
:106480008021E9E70022EAE70020ECE7F00F002096
:10649000B00F002070B506000D00074C0822200048
:1064A000FDF7E4F90023A360E381A3812900300014
:1064B000FFF7B2FF70BDC046F00F0020F0B5C64632
:1064C00000B580460C0016001D001F4B08221F005F
:1064D0001800FDF7CBF9BE600023FB81A379E179B9
:1064E000090219430B1CA94200D92B1C99B2164A68
:1064F0009381A279E3791B02134319D0002901D0BB
:10650000002E08D04046FFF795FF041E0AD0200059
:1065100080BCB846F0BD0D490D487222FEF7FCFB69
:106520000024F4E709490A487422FEF7F5FBEEE778
:1065300021004046FFF770FF041EE8D103490448DC
:106540007622FEF7E9FBE2E7F00F0020E49300106B
:106550003C8C001010B5034814220021FDF780F98F
:1065600010BDC046F00F0020014B18617047C046B7
:10657000F00F002010B50100044C08222000FDF7A8
:1065800075F90023A360E381A38110BDF00F002003
:1065900070B505001C00C909314B1B78DB098B4223
:1065A00016D0002C07D02F492F489D22FEF7B4FBB0
:1065B0000024200070BD2A4C2100FFF74BF823690E
:1065C000002B03D0264A0321280098470124F0E736
:1065D000234B1B785BB2002B07DB214B986800280C
:1065E0003CD022492200FDF741F91D4AD389A1B2CE
:1065F0005B189BB2D381916809199160D28893424C
:1066000001D03F2C1FD8164B1B69002B05D0144A14
:1066100002212800984700280BD011492800FFF7D5
:10662000FBFE041EC5D10F490F48C522FEF774FBBF
:10663000BFE700212800FFF74BF880212800FFF773
:1066400047F80124B5E72800FFF7F4FE041EB0D197
:1066500004490548CD22FEF75FFBAAE70024A8E71E
:10666000F00F0020CC9300103C8C0010B00F0020E5
:1066700070B50400FFF766FA00280BD1002000284F
:1066800007D0214BC82262439B18DB78002B09D12D
:10669000002070BDFFF75EFA002801D10130EEE75F
:1066A0000020ECE715001035174BED18280001F01D
:1066B00039F93F2801D80020EBE7134BC822624389
:1066C0009B18D9780020FFF74BFB0028E1D0280069
:1066D00001F028F93F280CD9E2010C4BD2180A4BE3
:1066E000C82161435B18D97840230020FFF760FB85
:1066F000CFE7054BC82262439B18D9780020FFF7EB
:1067000043FB0020C5E7C046E80E0020640E0020D1
:1067100010B50400FFF716FA002801D1002010BDC3
:10672000FFF718FA002808D1064BC82262439B18CD
:106730001B79DB0703D50130F1E70020EFE70020EC
:10674000EDE7C046E80E002010B5C82343431033E0
:106750000248181801F0B6F810BDC046E80E002037
:1067600070B50400C82060430300103307481818B0
:10677000074B9A4208D892B201F00BF905002000AD
:10678000FFF776FF280070BD024AF5E7E80E00200B
:10679000FEFF0000FFFF000070B50500FFF7D2F913
:1067A000002804D10023002B09D1002070BDFFF781
:1067B000D1F9002801D10123F5E70023F3E7C8242C
:1067C0006C4320341F4BE4180434200001F07AF8A5
:1067D000002801D10020E9E71A4BC8226A439B1820
:1067E00099780020FFF7BCFA002801D10020DDE7EE
:1067F000EE014036144BF61840223100200001F023
:10680000C8F8041E14D00F4BC8226A439B1899780D
:10681000030032000020FFF7CBFA002801D020004F
:10682000C4E70A490A48D522FEF776FA0020BDE7F8
:10683000044BC8226A439B1899780020FFF7A4FAFA
:106840000020B3E7E80E0020640E0020149400102E
:106850003C8C001070B50500C824444320340C4B18
:10686000E41804340B4B9A420BD892B2200001F08A
:10687000C7F80600200001F025F83F2803D83000B3
:1068800070BD054AF2E72800FFF786FFF7E7C0462C
:10689000E80E0020FEFF0000FFFF000010B5C82337
:1068A00058432030024BC018043001F03BF810BDB3
:1068B000E80E0020F0B5CE46474680B583B02648A6
:1068C000C8220021FCF7CCFF244B00221A700027BD
:1068D000002F04D003B0C0BCB946B046F0BD1E4E78
:1068E000C8247C433519FF236B71E1235B02AB6045
:1068F000002398462B736B730833AB732100383138
:10690000891920001030801943460093013340223A
:1069100000F09AFF21007831891920002030801979
:10692000043001230093402200F08EFF2300B8338F
:106930009946B1444846FAF745FBC034A4192000F3
:10694000FAF740FB4346EB614B462B622C63434610
:106950006B630137FFB2BBE7E80E0020E40E0020B6
:1069600010B50023002B01D0012010BD19000D4AE5
:10697000C82058431218106A146B002806D0094A20
:10698000C820584312180020D0611062002C06D095
:10699000044AC82041435218002111635163013356
:1069A000DBB2DFE7E80E002070B50024002C00D039
:1069B00070BD2500C8206043154BC018052200217A
:1069C000FCF74EFF134B1B78DB070FD5114B1B78E1
:1069D0009B0713D5C820684320300D4BC0180430E6
:1069E000012101F031F80134E4B2DFE7C82060434F
:1069F0001030074BC01801F008F8E7E7C8206843DB
:106A00002030034BC018043000F0FFFFE2E7C0461F
:106A1000E80E0020E40E0020F0B585B003904B791D
:106A2000022B63D18B79022B64D10027002F07D072
:106A3000002F0FD18B7833700C780C19092515E0D5
:106A4000C8237B432C4E9E19B378002BF0D001371E
:106A5000FFB2EBE7422229492948FF32FEF75CF9F1
:106A6000002544E023785D19ADB2E4186378242B47
:106A700001D19542F6D9052B09D06378042B02D1B8
:106A800063790A2B18D03800FFF7F2FD2FE02100C0
:106A90000398FFF7F1F8002806D0A37873702378E5
:106AA0005D19ADB2E418E8E7542214491448FF32E6
:106AB000FEF732F900251AE021784D19ADB26118C0
:106AC000B31C0193F31C0093022302220398FFF7E7
:106AD00003F9002802D00E35ADB2D4E7B122074940
:106AE00007485200FEF718F9002500E000252800AD
:106AF00005B0F0BD0025FAE7E80E0020089400106C
:106B00003C8C0010F8B51400127860231340202B41
:106B100000D084E00025002D0ED0002D00D080E0B4
:106B20006378222B42D017D8202B1FD0212B11D1D4
:106B3000012933D0012073E0C8236B433D4A9E18DE
:106B4000D25C277963791B023B439A42E5D0013539
:106B5000EDB2E0E7002063E0232B05D101294DD001
:106B6000032950D001205BE0002059E0012903D027
:106B7000032909D0012053E0320008320723210005
:106B8000FFF79CFC01204BE02B4B002B4BD031003E
:106B900008312800FEF746F9012041E032000832B2
:106BA00007232100FFF78AFC012039E0012903D0E7
:106BB000032906D0012033E02100FFF76BFC012000
:106BC0002EE0A278E3781B02134301242100194030
:106BD0000C005A080127174033714B425941C9B282
:106BE0003000243000F030FF144B002B1DD03A0051
:106BF0002100280000E000BF012011E02100FFF784
:106C000049FC01200CE00E4B002B10D0A378E1785A
:106C100009021943280000E000BF012000E0002025
:106C2000F8BD0020FCE70120FAE70120F8E7012089
:106C3000F6E7C046E80E0020254E001000000000D8
:106C400000000000F0B5D646474680B583B00190FD
:106C50000F0000930024002C0FD0002C1AD1A04666
:106C6000EB78BB421ED0AB78BB4254D0012420004D
:106C700003B0C0BCBA46B046F0BDC82565433C4B26
:106C8000ED18EB78BB42E8D0AB78BB42E5D00134DD
:106C9000E4B2E0E7E622374937485200FEF73CF815
:106CA0000024E4E710239A46AA44E101334BC918B3
:106CB0006B461A88504600F0A3FE314B002B1AD0C9
:106CC0006B79FF2B17D0002600E00136009B9E4217
:106CD00011D26A79294B4146C9015B189B5D9A42E2
:106CE000F3D1504600F003FE0028EED16979200070
:106CF00000E000BFE9E7234B002B04D0504600F032
:106D0000F6FD002803D02000FFF7B2FCABE720001F
:106D100000E000BFF7E71C4B002B02D0200000E092
:106D200000BF2000FFF738FD002801D001249EE7B6
:106D30002800243000F0C6FD002815D1009B002B50
:106D400014D09E0601D0012491E7A9780198FFF79D
:106D500007F8041E01D1012489E7A9780023002245
:106D60000198FFF725F882E7012480E701247EE7F8
:106D7000E80E0020F89300103C8C0010640E0020F8
:106D8000000000000000000000000000002817D1F3
:106D90000C4B9322920042439B182A33FF331B78FB
:106DA000002B09D1074B9322920042439B185B7939
:106DB000002B03D0013004E0012002E0002000E0BD
:106DC00000207047AC11002010B5002801D0002031
:106DD00010BD932189004143024BC918043100F0D2
:106DE00003FBF5E7AC110020F0B5D6464F4646460A
:106DF000C0B584B02148932292000021FCF730FDF9
:106E00000025002D05D004B0E0BCBA46B146A84626
:106E1000F0BD9324A4006C4323004933FF33174A89
:106E200091464B440433EE01154A9246B2182000B5
:106E30002930FF3048444021884603910292802740
:106E40007F000197009300230022002100F059FAEF
:106E5000230020334B440833403656442000484436
:106E600004304246039202960197009300233F3A72
:106E7000002100F046FA0135EDB2C2E7AC11002066
:106E80002C11002070B50025002D01D0012070BD0F
:106E90009324A4006C4320002930FF30054E801954
:106EA00000F060FAA019043000F05CFA0135EDB290
:106EB000EAE7C046AC110020F0B5C64600B5002593
:106EC000002D02D080BCB846F0BD9324A4006C43D2
:106ED0000C4B9846E6180027377020003130FF3001
:106EE000404400F092FD083420004044043000F09B
:106EF0008CFD33002A33FF331F7077710135EDB2FB
:106F0000DEE7C046AC110020F0B5C64600B582B041
:106F100001900F004B79FF2B00D08CE00C780C19FE
:106F2000A5180026002E01D0002085E03000FFF7D4
:106F30002DFF002802D00136F6B2F3E793239B0021
:106F400073433F4A98469044BB784246137033E0FF
:106F5000AC426DD221000198FEF78EFE002836D09B
:106F60000136F6B2A378DB09012B37D04046313029
:106F7000FF3000F04AFDA1789422520043469B184E
:106F80005970217963791B020B435B055B0D2D4919
:106F90008C46634459424B415B004146895C022068
:106FA00081430B4341468B548918019800F05EFAE7
:106FB000002836D02378E4183B79B34238D9637877
:106FC000052BC5D0AC42C3D22378E418F7E71E499D
:106FD0001E48E022FDF7A0FE00202DE040460C30C8
:106FE00000F013FDA37842465371227963791B02A6
:106FF00013435B055B0D134A944663445A42534165
:107000005B004246127902218A43134342461371C0
:107010000B4BD31A9B100E485843C0B2FFF7D4FE57
:10702000C8E709490948E822FDF776FE002003E099
:10703000E01B80B200E0002002B080BCB846F0BD8A
:10704000AC11002000FEFFFF2C9400103C8C0010BF
:107050009B1DB508F0B583B006001D000024002C70
:107060000CD0002C57D101942A23FF33FB5C8B42B8
:1070700015D07B798B4236D001204DE093239B00C5
:107080006343264FDF193B002A33FF331B788B42C3
:10709000E7D07B798B42E4D00134E4B2DFE73B00F8
:1070A0003133FF339B88002B12D11D4B002B07D0AF
:1070B000019BD9011B4BC918AAB2200000E000BFF8
:1070C00039002931FF31300000F0D0F9012023E0F0
:1070D0003B002933FF335968AAB238003130FF3002
:1070E00000F08EFCE1E7104B002B04D02904090CC2
:1070F000200000E000BF3C1D2100300000F074F9CA
:10710000002801D0012007E02A002100300000F013
:107110002BF9012000E0002003B0F0BDAC110020ED
:10712000000000002C1100200000000010B582B00B
:1071300000290AD001281DD80B78002B1AD0174A35
:107140001354012B1FD001241AE001236A46137146
:107150000023537101A90020FEF70EFD041E03D089
:107160000E4B01221A700BE00D490E484722FDF725
:10717000D3FD05E00A490B485A22FDF7CDFD002456
:10718000200002B010BDFEF7F7FC041EF8D1044940
:1071900004485F22FDF7C0FDF2E7C046041000205E
:1071A000AC9400103C8C001070B504000D00037806
:1071B000DB07D80F002B1DD123785B07DE0F002BD8
:1071C00019DB01214942280000F0C2FE2378DB07C9
:1071D000DA0F002B07D123785B0709D42378042228
:1071E000134323700126280000F092FE300002E0D5
:1071F0001600F8E7002070BD70B506000C000121F4
:107200004942200000F0A4FE33785B07DD0F002B1D
:1072100004DB200000F07CFE280070BD3378DB0723
:1072200004D43378042293433370F2E70025F0E767
:1072300010B5027943791B0213435B055B0DC278DD
:107240009207920F022A14D0032A2DD0012A3CD192
:10725000022904D01E4A9A4204D3012036E080223B
:10726000D200F8E71B491C48D122FDF755FD00204C
:107270002CE0022903D0402B0FD8012026E08022E9
:107280009200934201D1012020E012491248293A8C
:10729000FF3AFDF741FD002018E00E490E48DB22C1
:1072A000FDF73AFD002011E0022904D040229A4265
:1072B00004D301200AE08022D200F8E705490648FD
:1072C000E122FDF729FD002000E0002010BDC046AE
:1072D000FF030000989400103C8C001030B58A1811
:1072E00001E00C78091991420AD24C78052CF8D1AA
:1072F0008D787A342C4064000419ED096355F0E769
:1073000030BDF0B585B0040003920AAA40CA1788C0
:107310000DAA158801220A400178012081431143FA
:10732000217020000830009301233A00310000F062
:107330008BFA002E01D0002F05D10C9B6360658075
:10734000012005B0F0BD26001C363000F9F73AFEEA
:10735000039B002B04D0330000266361A661ECE799
:107360000023FAE701207047F8B506000C0015006D
:107370000B789B0711D58027BF002000083000F054
:10738000A1FA002825D1002D25D0013F3D4224D16E
:107390002378DB0703D500201CE04027EDE7617868
:1073A0003000FEF7DDFC0028F5D02378DB0707D599
:1073B000B5220B490B485200FDF7AEFC002009E056
:1073C0006178002300223000FEF7F2FC002801D192
:1073D000EEE70020F8BD0020FCE70020FAE7C046F9
:1073E000749400103C8C001070B505000C000E0069
:1073F0000836300000F066FA002830D02378DB072A
:1074000001D5002070BD61782800FEF7A9FC002896
:10741000F7D061686288300000F0BBFA061E14D015
:107420002378DB0707D5BC220E490F485200FDF731
:1074300073FC0020E6E76268617803002800FEF72D
:10744000B7FC0028EFD03000DCE72378DB0701D55C
:107450000020D7E761782800FEF796FCF8E70020C7
:10746000D0E7C046589400103C8C0010F8B50500D9
:107470000C008B89002B22D10B78DB0701D5002073
:10748000F8BD4978FEF76CFC0028F8D063882278B4
:10749000D20707D5D922304930485200FDF73CFCCD
:1074A0000020EDE76178002B07D062682800FEF726
:1074B0007FFC0028EED06088E2E70022F6E70B7838
:1074C0009B070DD58026B60027000837380000F04E
:1074D00029FA86423ED82378DB0703D50020CFE780
:1074E0004026F1E761782800FEF73AFC0028F5D045
:1074F000380000F017FA864222D87642B6B2628887
:107500003040031C80B2904200D9131C9EB22378F5
:10751000DB0707D5C82210491048FF32FDF7FCFBF6
:107520000020ADE76178002E08D0626833002800A3
:10753000FEF73EFC0028EDD03000A1E70022F5E781
:107540002378DB0701D500209AE761782800FEF751
:107550001BFCF8E7002093E73C9400103C8C0010E3
:1075600003008A1890B2814202D85A00904203DB8D
:107570005B009BB2C01A80B2704770B5050008006E
:10758000AC889A420BD3D11A89B200291ED08C4202
:1075900010D2944209D8121B93B26B810AE0D11A1F
:1075A00089B26600891989B2EFE7A21893B2F4E7AD
:1075B0001B1B9BB29C42FBD92968EA885204520CDF
:1075C0005343C918FCF752F9012070BD0020FCE7B5
:1075D000F8B5CE46474680B505008C4608A909781F
:1075E0008488E01A80B21C1B1419A4B2EF887F04AF
:1075F0007E0C07007743BFB27443A4B2A1462C6847
:10760000A04673434344002906D1904208D37243F5
:1076100019006046FCF72AF9C0BCB946B046F8BD6F
:107620003A00190064462000FCF720F92968E019A7
:107630004A46FCF71BF9EFE7F0B5C64600B582B045
:107640001E0008AB1B8809AC277884889E420FD3A4
:10765000F51AADB2002D1FD0AC4205D2B44210D8FD
:10766000331B9BB24381250095420FD315000DE0DB
:10767000F51AADB2A8466500AC4645466544ADB2C4
:10768000E8E7A619B3B2EDE71B1B9BB29C42FBD9FE
:1076900000972A00FFF79CFF280002B080BCB84684
:1076A000F0BDF0B583B004000D0016001F000069A6
:1076B000002803D00121494200F04AFC23899BB2F3
:1076C000628901970092320029002000FFF7B4FF81
:1076D0000500618989B2A0882A00FFF741FF608117
:1076E0002069002801D000F013FC280003B0F0BD91
:1076F000F8B5CE46474680B505008C4608A90878FF
:10770000AC88E11A89B21C1B1419A4B2EF887F045B
:107710007E0C0F007743BFB27443A4B2A1462C681D
:10772000A04673434344002806D1914208D37243D4
:1077300061461800FCF79AF8C0BCB946B046F8BDDF
:107740003A00644621001800FCF790F82868E11917
:107750004A46FCF78BF8EFE7F0B585B006000391D9
:10776000151E029300D16DE0C068002803D00121EE
:10777000494200F0EDFB3489A4B2718989B2F379F2
:10778000DB091AD1B3888C420FD3611A89B28B42BC
:1077900011D95B1A9BB22F1C9D4200D91F1CBFB28E
:1077A000002F47D0B288230035E0611A89B25A0011
:1077B000891889B2EBE70023EDE7B788AF420ED80E
:1077C000029B002B21D1ED1BF3885B045B0C6B4308
:1077D000039A94469C44634603930C00E0E78C4272
:1077E0000DD3631A9BB25B197A0093420FDB7A1BAD
:1077F00092B23800FFF7B4FE04002F00D0E7631AFE
:107800009BB27A009B189BB2EDE70C00C8E72F00F3
:10781000C6E79B1A9BB29A42FBD9029A00923A00A1
:1078200003993000FFF764FFB0883A002100FFF7AA
:1078300097FE3081F068002801D000F069FB380025
:1078400005B0F0BD1700FAE7F0B583B00400019170
:1078500016001D0008AB1F7880231B029A422DD80A
:10786000C068002803D00121494200F071FB206963
:10787000002803D00121494200F06AFB019B2360EC
:10788000A6806D046B0CE588ED0BED031D43E580D0
:10789000FB01E2797F2717401F43E77100236381D3
:1078A0002381E068002801D000F032FB2069002825
:1078B00006D000F02DFB012003B0F0BD0020FBE757
:1078C0000120F9E7818803899BB2428992B29342F1
:1078D00007D39B1A9BB2081C994200D9181C80B28E
:1078E00070479B1A9BB24A009B189BB2F3E703892F
:1078F0004089181A43425841C0B2704781880389B1
:107900009BB2428992B2934206D39B1A9BB200204B
:107910008B424041C0B270479B1A9BB24A009B18F1
:107920009BB2F4E7828803899BB2418989B28B427A
:1079300006D35B1A9BB29A4208D9D01A80B270471C
:107940005B1A9BB251005B189BB2F4E70020F6E78C
:1079500070B504000D000069002803D001214942E0
:1079600000F0F6FA228992B263899BB229002000C6
:10797000FFF703FE0500618989B2A0882A00FFF79E
:10798000EFFD60812069002801D000F0C1FA2800D5
:1079900070BD10B50023FFF784FE10BDF8B50400DC
:1079A0000E00C068002803D00121494200F0D0FA3F
:1079B0002589ADB22000FFF7A1FF002802D0E779AA
:1079C000FF0916D0A2882B0001E09B1A9BB29A42B5
:1079D000FBD92068E2885204520C5343C01831008E
:1079E000FBF744FFA08801222900FFF7B9FD2081A1
:1079F0000127E068002801D000F08AFA3800F8BDBD
:107A000010B50023FFF7A8FE10BD10B50400C06834
:107A1000002803D00121494200F09AFA2069002889
:107A200003D00121494200F093FA002363812381AE
:107A3000E068002801D000F06BFA2069002801D02E
:107A400000F066FA012010BD70B504000D00C0689A
:107A5000002803D00121494200F07AFA2069002869
:107A600003D00121494200F073FAED01E3797F214F
:107A700019402943E171E068002801D000F048FA7C
:107A80002069002801D000F043FA012070BD0000F9
:107A9000074B83420AD0042301229A40054B1A6007
:107AA000054B1B6811009943FAD170470323F3E794
:107AB000C80C002000F0004008C00040F0B5DE46D1
:107AC00057464E464546E0B587B007009346180036
:107AD000039310AB1A780592119D129A90463B6859
:107AE0000022DA663B6859603B680132DA66029030
:107AF000002399460493002600242DE03B79002BB7
:107B000039D0012337E0059A002A01D0002236E05F
:107B1000012234E000214046A84706000443E4B2B5
:107B2000002E06D13B685B6BDB0602D4002DF1D141
:107B3000F6E7002E09D13B6880229A580492002A69
:107B400028D1002C39D1CA4527D0002C3DD10123A2
:107B50009C46E144019B9B46029B994535DA039B79
:107B6000013B9A46002D02D001214046A8474B46D2
:107B7000002BC3D000239B02CA45C4D0002252026E
:107B800013435A46013201925A4611783A680B4320
:107B90001361CBE75B6D01240FE0059B002BD4D173
:107BA0000BE000214046A84706000443E4B2002E43
:107BB00006D13B685B6B9B0502D4002DF1D1F6E743
:107BC000002EC2D13B681B6EBFE7002C08D0002EF0
:107BD00010D1049A002A11D0D30713D4130715D556
:107BE000059B3B71484607B0F0BCBB46B246A94670
:107BF000A046F0BD02235B429946F1E701235B42B8
:107C00009946EDE701235B429946E9E701235B4290
:107C10009946E5E7F0B5DE4657464E464546E0B59F
:107C200085B005009246180003930EAB1A78914672
:107C30000F9E109A90462B680022DA662B685960D6
:107C40002B680132DA66029000270023019300249A
:107C50004346B8461F00029B984545DA039B013B0B
:107C60009B46002E02D001213800B0472B685A6F86
:107C7000102AFBD04246002A0BD000229202C345B4
:107C80000CD0002149020A43802149000A431A61AD
:107C90001BE02A79002AF1D00122EFE749460029AA
:107CA00001D00021EEE70121ECE75B6D0124002EFD
:107CB00005D000213800B04701900443E4B2002C05
:107CC00014D12B689A6F002A06D12B6880229A580B
:107CD0005A6B5206EBD5E8E71B6952461370012335
:107CE0009C46E044E244B6E7474600E04746002CA5
:107CF00004D0019B002B0BD002277F424B462B71F7
:107D0000380005B0F0BCBB46B246A946A046F0BD5F
:107D100001277F42F2E70000F0B5D6464F464646BF
:107D2000C0B505000C000520F9F75EFE06006008EE
:107D300080192100FAF7DCF80700430099468144D6
:107D400005214846FAF7D4F880463B1A9A46274B55
:107D50009C4225D8700080192549FAF7C9F8441CBF
:107D60004346023BA34222D32B680022DA662B68EB
:107D700019680432514002320A40802149018C4680
:107D800063441A602B685246DA612B6842461A62D5
:107D90004B464F2B11D950214846FAF7A9F80DE070
:107DA000700080191349FAF7A3F8441CD8E7124B66
:107DB000124A13485D21FCF741FE01202A68A023E6
:107DC000D0502B68DA6F54402404240C0D4A94469A
:107DD00063441C602B680122DA6639003000FAF730
:107DE00087F8E0BCBA46B146A846F0BD3F420F0056
:107DF0008096980040787D01548C0010C09400104B
:107E0000748C00107C10000070B504000D00114B44
:107E100098421DD00422012393400F4A1360200092
:107E2000FFF736FE002323712268D366226866219D
:107E3000FF3111602268D36322689363226888331C
:107E40006339FF39D15029002000FFF765FF70BD6D
:107E50000322E0E7C80C002000E0004030B585B008
:107E600008AC25780024029401940095FFF726FEC3
:107E700005B030BD30B585B008AC2578002402943B
:107E800001940095FFF7C6FE05B030BD10B583071D
:107E90000AD00300032102E001330B4205D01A7817
:107EA000002AF9D1181A10BD030019680C4A0D4CAC
:107EB0008A188A4322420FD15968094A04338A1822
:107EC0008A43224208D15968054A04338A188A43F2
:107ED0002242F1D000E001331A78002AFBD1E1E719
:107EE000FFFEFEFE80808080F8B5C04600000000E6
:107EF00001B40248844601BC604700BF5D07002012
:107F000001B40248844601BC604700BFF50200206E
:107F100001B40248844601BC604700BF090200204A
:107F200001B40248844601BC604700BF4D0B0020ED
:107F300001B40248844601BC604700BF4D0B0020DD
:107F400001B40248844601BC604700BFC100002064
:107F500001B40248844601BC604700BFCD01002047
:107F600001B40248844601BC604700BFE103002021
:107F700001B40248844601BC604700BF990100205B
:107F800001B40248844601BC604700BF8508002058
:107F900001B40248844601BC604700BF310700209D
:107FA00001B40248844601BC604700BF2D08002090
:107FB00001B40248844601BC604700BF3908002074
:107FC000D11C0010FD1C0010911E00105138001033
:107FD00075250010F1360010C51D0010191D001088
:107FE000391D00104D1D0010FD0F0010551D001013
:107FF0004D180010BD1C0010110B00103153001063
:04800000B1020010B9
:1080080025640A00576169742061207365636F6E87
:108018006420706C656173652100000052617720EF
:1080280064617461733B20543A20256C752C205090
:108038003A20256C750A000054656D70657261748C
:108048007572653A20252E3266C2B0430A000000D8
:1080580050726573737572653A20252E3266206DED
:10806800620A0000416C7469747564653A20252EB3
:1080780032666D0A000000006D616E75666163749A
:1080880075726572203D3D204D414E554641435421
:10809800555245525F52504900000000433A5C5522
:1080A800736572735C79696769745C525069636F50
:1080B8005C7069636F2D73646B5C7372635C727060
:1080C800323034305C7069636F5F706C6174666FF6
:1080D800726D5C706C6174666F726D2E6300000067
:1080E80070617274203D3D20504152545F525032AD
:1080F800000000000A2A2A2A2050414E4943202A1B
:108108002A2A0A004E6F207370696E6C6F636B7356
:108118002061726520617661696C61626C6500003E
:1081280030783163203D3D20282A696E7374293EDA
:108138003E31317500000000433A5C557365727337
:108148005C79696769745C525069636F5C706963D4
:108158006F2D73646B5C7372635C7270325F636FF4
:108168006D6D6F6E5C68617264776172655F69726C
:10817800715C6972712E630064656C7461203E3DA8
:10818800202D323034382026262064656C74612016
:108198003C3D203230343620262620212864656C68
:1081A800746120262031290063757272656E74200F
:1081B8003D3D205F5F756E68616E646C65645F75D8
:1081C8007365725F697271207C7C20637572726559
:1081D8006E74203D3D2068616E646C65720000001D
:1081E8006972715F68616E646C65725F636861690A
:1081F8006E5F667265655F736C6F745F68656164F6
:10820800203E3D2030000000767461626C655F6836
:10821800616E646C6572203D3D205F5F756E6861BC
:108228006E646C65645F757365725F697271000076
:10823800212828282875696E747074725F742972F1
:10824800656D6F76655F7468756D625F62697428C5
:10825800767461626C655F68616E646C6572292909
:10826800202D20282875696E747074725F742969CE
:1082780072715F68616E646C65725F636861696E74
:108288005F736C6F7473292920252073697A656F71
:108298006628737472756374206972715F68616EA1
:1082A800646C65725F636861696E5F736C6F742973
:1082B8002900000069735F7368617265645F6972A1
:1082C800715F7261775F68616E646C657228736C48
:1082D8006F745F68616E646C6572290065786365A8
:1082E8007074696F6E000000666F756E6400000040
:1082F8004E6F207573657220495251732061726503
:1083080020617661696C61626C65000031203D3DD9
:10831800202875696E747074725F74296C2D3E73B1
:1083280070696E5F6C6F636B00000000433A5C55C8
:10833800736572735C79696769745C525069636FBD
:108348005C7069636F2D73646B5C7372635C636FDD
:108358006D6D6F6E5C7069636F5F73796E635C6D72
:10836800757465782E630000746F74616C0000008A
:108378006D74782D3E636F72652E7370696E5F6CD5
:108388006F636B006C6F636B5F69735F6F776E65AC
:10839800725F69645F76616C6964286D74782D3EDC
:1083A8006F776E65722900006D74782D3E656E7466
:1083B80065725F636F756E7400000000706F6F6C9C
:1083C8002D3E74696D65725F616C61726D5F6E756B
:1083D8006D203D3D2074696D65725F616C61726DE1
:1083E8005F6E756D00000000433A5C5573657273EB
:1083F8005C79696769745C525069636F5C70696322
:108408006F2D73646B5C7372635C636F6D6D6F6EFD
:108418005C7069636F5F74696D655C74696D652E06
:108428006300000064656661756C745F616C6172FD
:108438006D5F706F6F6C5F696E697469616C697A82
:108448006564282900000000417474656D707465C6
:108458006420746F20736C65657020696E7369643D
:1084680065206F6620616E20657863657074696F3A
:108478006E2068616E646C65723B2075736520625E
:108488007573795F7761697420696620796F7520E3
:108498006D757374000000004861726477617265DD
:1084A80020616C61726D20256420616C7265616465
:1084B8007920636C61696D656400000076636F5FA5
:1084C80066726571203E3D205049434F5F504C4CC9
:1084D8005F56434F5F4D494E5F465245515F485A7C
:1084E8002026262076636F5F66726571203C3D20EA
:1084F8005049434F5F504C4C5F56434F5F4D415876
:108508005F465245515F485A00000000433A5C55A7
:10851800736572735C79696769745C525069636FDB
:108528005C7069636F2D73646B5C7372635C7270EB
:10853800325F636F6D6D6F6E5C68617264776172D4
:10854800655F706C6C5C706C6C2E6300666264694D
:1085580076203E3D203136202626206662646976E4
:10856800203C3D203332300028706F73745F64699B
:108578007631203E3D203120262620706F73745FAF
:1085880064697631203C3D20372920262620287032
:108598006F73745F64697632203E3D203120262651
:1085A80020706F73745F64697632203C3D203729F0
:1085B800000000007265665F66726571203C3D20B0
:1085C8002876636F5F66726571202F203136290027
:1085D8002A282875696E74385F74202A2928282863
:1085E800766F6964202A29726F6D5F7461626C65A9
:1085F8005F666C6F6174292D322929202A20342066
:108608003E3D2053465F5441424C455F56325F53CE
:10861800495A4500433A5C55736572735C796967DA
:1086280069745C525069636F5C7069636F2D736421
:108638006B5C7372635C7270325F636F6D6D6F6ECB
:108648005C7069636F5F646F75626C655C646F759D
:10865800626C655F696E69745F726F6D5F727032AC
:108668003034302E630000002A282875696E74386B
:108678005F74202A29726F6D5F7461626C652D3298
:1086880029202A2034203E3D2053465F5441424C45
:10869800455F56325F53495A45000000433A5C55DE
:1086A800736572735C79696769745C525069636F4A
:1086B8005C7069636F2D73646B5C7372635C72705A
:1086C800325F636F6D6D6F6E5C7069636F5F666C50
:1086D8006F61745C666C6F61745F696E69745F72F8
:1086E8006F6D5F7270323034302E6300446562758E
:1086F80067000000626F6F74325F7732357130380F
:1087080030000000322E322E300000007069636F96
:10871800000000006D733536313100004665622077
:108728002039203230323600666E692B0000000096
:10873800666E69006E616E00666E692D000000004D
:108748002C2066756E6374696F6E3A200000000015
:10875800617373657274696F6E20222573222066B7
:1087680061696C65643A2066696C6520222573220C
:108778002C206C696E65202564257325730A00001A
:1087880066616C7365000000433A5C5573657273EB
:108798005C79696769745C525069636F5C7069637E
:1087A8006F2D73646B5C7372635C7270325F636F9E
:1087B8006D6D6F6E5C7069636F5F737464696F5F12
:1087C8007573625C737464696F5F7573622E63009E
:1087D80055534220737464696E202F207374646F3C
:1087E8007574000052617370626572727920506905
:1087F800000000005069636F00000000426F617262
:10880800642043444300000052657365740000000F
:108818006C656E203E203000433A5C557365727378
:108828005C79696769745C525069636F5C706963ED
:108838006F2D73646B5C7372635C7270325F636F0D
:108848006D6D6F6E5C7069636F5F756E697175656C
:108858005F69645C756E697175655F69642E630034
:10886800636F6E6E6563745F696E7465726E616C5A
:108878005F666C6173685F66756E63202626206686
:108888006C6173685F657869745F7869705F667535
:108898006E6320262620666C6173685F666C75734C
:1088A800685F63616368655F66756E63202626206E
:1088B800666C6173685F656E7465725F636D645F33
:1088C8007869705F66756E6300000000433A5C5516
:1088D800736572735C79696769745C525069636F18
:1088E8005C7069636F2D73646B5C7372635C727028
:1088F800325F636F6D6D6F6E5C6861726477617211
:10890800655F666C6173685C666C6173682E630092
:10891800666C6173685F6F666673202B20636F7582
:108928006E74203C3D205049434F5F464C415348AC
:108938005F53495A455F425954455300636F6E6E01
:108948006563745F696E7465726E616C5F666C6195
:1089580073685F66756E6320262620666C6173688F
:108968005F657869745F7869705F66756E632026E5
:108978002620666C6173685F72616E67655F6572F9
:108988006173655F66756E6320262620666C617369
:10899800685F666C7573685F63616368655F667559
:1089A8006E630000636F6E6E6563745F696E7465F5
:1089B800726E616C5F666C6173685F66756E63206A
:1089C800262620666C6173685F657869745F7869CC
:1089D800705F66756E6320262620666C6173685F1B
:1089E80072616E67655F70726F6772616D5F6675E1
:1089F8006E6320262620666C6173685F666C7573EB
:108A0800685F63616368655F66756E630000000098
:108A1800636F6E6E6563745F696E7465726E616CA8
:108A28005F666C6173685F66756E632026262066D4
:108A38006C6173685F657869745F7869705F667583
:108A48006E6320262620666C6173685F666C75739A
:108A5800685F63616368655F66756E630000000048
:108A68006E6578745F6275666665725F7074722091
:108A78003C207573625F647072616D2D3E6570781D
:108A88005F64617461202B2073697A656F6628754D
:108A980073625F647072616D2D3E6570785F6461AA
:108AA80074612900433A5C55736572735C79696730
:108AB80069745C525069636F5C7069636F2D73648D
:108AC8006B5C6C69625C74696E797573625C7372F5
:108AD800635C706F727461626C655C726173706202
:108AE8006572727970695C7270323034305C6463BC
:108AF800645F7270323034302E630000556E6861E6
:108B08006E646C65642049525120307825780A00DB
:108B18007268706F7274203D3D20300021286275A4
:108B2800665F6374726C2026205553425F42554637
:108B38005F4354524C5F46554C4C2900433A5C55B0
:108B4800736572735C79696769745C525069636FA5
:108B58005C7069636F2D73646B5C6C69625C7469CB
:108B68006E797573625C7372635C706F7274616244
:108B78006C655C72617370626572727970695C723F
:108B880070323034305C7270323034305F757362FA
:108B98002E6300006275665F6374726C2026205530
:108BA80053425F4255465F4354524C5F46554C4CC6
:108BB800000000006570202530325820776173204E
:108BC800616C726561647920617661696C61626C5F
:108BD8006500000043616E277420636F6E74696ED0
:108BE80075652078666572206F6E20696E616374A2
:108BF8006976652065702025303258005741524EFD
:108C08003A207374617274696E67206E6577207498
:108C180072616E73666572206F6E20616C72656139
:108C28006479206163746976652065702025303227
:108C3800580D0A0025732025643A204153534552A4
:108C480054204641494C45440D0A00007364615F55
:108C580074785F686F6C645F636F756E74203C3DF9
:108C6800206C636E74202D2032000000433A5C555E
:108C7800736572735C79696769745C525069636F74
:108C88005C7069636F2D73646B5C7372635C727084
:108C9800325F636F6D6D6F6E5C686172647761726D
:108CA800655F6932635C6932632E630072703230CB
:108CB80034305F636869705F76657273696F6E00E0
:108CC8006972715F6164645F7461696C5F746F5F1E
:108CD800667265655F6C6973740000006D616B6531
:108CE8005F6A5F31360000007265736F6C76655F8E
:108CF8006A5F3136000000006972715F6164645F09
:108D08007368617265645F68616E646C65720000A7
:108D18006972715F7365745F6578636C7573697682
:108D2800655F68616E646C65720000006D757465DE
:108D3800785F6578697400006D757465785F656E35
:108D48007465725F626C6F636B5F756E74696C00DB
:108D580072756E74696D655F696E69745F6D75743F
:108D680065780000616C61726D5F706F6F6C5F6732
:108D780065745F64656661756C740000616C61722E
:108D88006D5F706F6F6C5F6972715F68616E646C44
:108D980065720000706C6C5F696E69740000000099
:108DA8005F5F61656162695F646F75626C655F6969
:108DB8006E6974005F5F61656162695F666C6F61AF
:108DC800745F696E6974000006005250D3F07542F2
:108DD800F486001006005250E182887FFC8600105D
:108DE80006005250ABB360530C8700100600525077
:108DF800BBFF3CB61487001006005250861C0302C5
:108E08001C870010060052505422A29D248700108F
:108E180005005250DE65F4680CA1001016440010DD
:108E28002E4400102E440010224400102E4400103E
:108E38002E4400102E4400102E4400102E44001022
:108E48002E4400102E4400100A4400102E44001036
:108E5800FE4300102E4400102E440010F243001070
:108E6800FE4400102445001046450010244500101B
:108E7800DE4400102445001024450010244500104D
:108E880024450010244500102445001024450010F6
:108E98001A450010244500102445001024450010F0
:108EA800244500102445001052450010B649001012
:108EB800CC490010CC490010CC490010CC49001016
:108EC800CC490010CC490010CC490010CC49001006
:108ED800CC490010CC490010CC490010CC490010F6
:108EE800CC490010CC490010CC490010CC490010E6
:108EF800CC490010CC490010CC490010CC490010D6
:108F0800CC490010CC490010CC490010CC490010C5
:108F1800CC490010CC490010CC490010CC490010B5
:108F2800CC490010CC490010CC490010F84700107B
:108F3800BA470010F8470010CC490010CC4900107F
:108F4800CC490010CC490010CC490010CC49001085
:108F5800CC490010CC490010CC490010CC49001075
:108F6800CC490010CC490010CC490010CC49001065
:108F7800CC490010CC4900109E450010CC49001087
:108F8800CC490010CC490010CC490010CC49001045
:108F9800CC490010CC490010CC490010CC49001035
:108FA8009E450010464800109E450010F8470010E6
:108FB800BA470010F8470010000000000000F03F1A
:108FC800000000000000244000000000000059409C
:108FD8000000000000408F40000000000088C340EF
:108FE80000000000006AF8400000000080842E4164
:108FF80000000000D01263410000000084D79741B0
:109008000000000065CDCD410D0A00000000000001
:10901800314D001000000000354D0010414D00108A
:10902800794D0010754D0010000000000A00000086
:1090380000000306A6000800020002009C001400BD
:10904800030057494E55534200000000000000003D
:10905800000080000400010028004400650076003C
:1090680069006300650049006E00740065007200C5
:109078006600610063006500470055004900440030
:1090880000004E007B0062006300370033003900A7
:109098003800630031002D0037003300630064009E
:1090A8002D0034006300620037002D0039003800BD
:1090B800620038002D0039003100330061003800AB
:1090C80066006300610037006200660036007D00BC
:1090D80000000000050F2100011C100500DF60DD05
:1090E800D88945C74C9CD2659D9E648A9F00000321
:1090F80006A60001000000000600525053B4F4A177
:10910800D8870010737464696F5F7573625F696EE6
:109118006974000000000000EC870010FC87001054
:10912800EC1B00200488001010880010090254006D
:10913800030100807D080B00020202000009040000
:109148000001020200040524002001052401000199
:1091580004240206052406000107058103080010FF
:1091680009040100020A000000070502024000008D
:10917800070582024000000904020000FF00010503
:1091880012011002EF0201408A2E0A0000010102BA
:10919800030100007069636F5F6765745F756E69CE
:1091A8007175655F626F6172645F69645F73747221
:1091B800696E6700666C6173685F646F5F636D6496
:1091C800000000006463645F656470745F786665BE
:1091D800720000006463645F7365745F6164647245
:1091E800657373006463645F696E745F656E616262
:1091F8006C65000068775F656E64706F696E745F98
:10920800616C6C6F630000006463645F696E69740D
:109218000000000073796E635F65705F6275666653
:1092280065720000125B0010725A0010AE5A0010EE
:10923800E25A0010125B0010125B0010FE5A001078
:10924800AE5A0010125B0010125B0010125B001087
:10925800125B0010125B0010125B0010125B001012
:10926800945A00108009002080090020620900201B
:10927800220A0020C4090020D80900200C0B002075
:10928800726000104C600010086200102660001028
:1092980008620010745F00101A6000100862001065
:1092A800905F0010A85F00106662001058620010FE
:1092B800AA620010DE630010A8630010C0630010EB
:1092C800B862001028630010D063001075736264E0
:1092D8005F656470745F78666572000075736264B8
:1092E8005F656470745F6F70656E000075736264AB
:1092F8005F6F70656E5F656470745F70616972003E
:1093080071756575655F6576656E740070726F63FB
:109318006573735F6765745F64657363726970749E
:109328006F72000070726F636573735F7365745F4B
:10933800636F6E666967000070726F636573735F51
:10934800636F6E74726F6C5F7265717565737400AC
:10935800636F6E66696775726174696F6E5F726557
:10936800736574007475645F7461736B5F6578749A
:10937800000000007475645F7268706F72745F69D2
:109388006E69740000000000B56800106169001083
:10939800A9690010196A0010056B0010456C0010CF
:1093A8000000000000000000E96D0010856E00104C
:1093B800B96E0010096F0010E14D001055700010D3
:1093C80000000000757362645F636F6E74726F6C87
:1093D8005F786665725F6362000000007475645FA1
:1093E800636F6E74726F6C5F786665720000000060
:1093F800636463645F786665725F6362000000009F
:10940800636463645F6F70656E0000007475645F09
:109418006364635F6E5F77726974655F666C7573AA
:109428006800000076656E646F72645F6F70656EC9
:109438000000000074755F656470745F7374726512
:10944800616D5F726561645F786665720000000037
:1094580074755F656470745F73747265616D5F774E
:10946800726974655F7866657200000074755F657F
:109478006470745F73747265616D5F777269746527
:109488005F7A6C705F69665F6E656564656400002D
:1094980074755F656470745F76616C696461746526
:1094A80000000000747573625F7268706F72745F99
:1094B800696E6974000000006932635F7365745FE8
:0C94C80062617564726174650000000050
:1094D400D08D0010DC8D0010E88D0010F48D00108C
:1094E400008E00100C8E0010188E001000910010D9
:1094F40010B503000468EFF3108272B620680028E8
:10950400FCD0BFF35F8F0420185600280BDB002922
:1095140010D0086000201B68BFF35F8F0021196022
:1095240082F3108810BDD0210906097849B2197157
:109534000120F0E70020EEE7F0B5D6464F46464658
:10954400C0B50500904699460368002B20D0D0236F
:109554001B061B785BB29A462F68EFF3108472B631
:109564003E68002EFCD0BFF35F8F0423EB56002B24
:1095740014DB2B68BFF35F8F00221A6084F310881A
:109584004046494600F03CFD0028E5D000200FE0AD
:109594000A4B0B4A0B48A62100F0FAFC53462B71E8
:1095A4002B68BFF35F8F00221A6084F310880120B8
:1095B400E0BCBA46B146A846F0BDC0467883001068
:1095C400408D00103483001070B582B00600150081
:1095D4001C0001A9FFF78CFF002807D1019B5BB297
:1095E400D0221206127852B2934201D102B070BD59
:1095F4002A0023003000FFF79FFFF7E7F8B50600C5
:109604000F0000F0E5FC04000D00FA229200002394
:109614003800002100F0E4FC22002B0012184B411A
:10962400002B03DB3000FFF787FFF8BD0122524215
:10963400004BF7E7FFFFFF7F10B50168EFF31083DE
:1096440072B60A68002AFCD0BFF35F8F04228256E8
:10965400002A0ADBFF2202710268BFF35F8F002138
:10966400116083F3108840BF10BD034B034A0448C4
:10967400D52100F08DFCC0468C830010348D001081
:1096840034830010094B1B78002B08D00CE09A009F
:1096940080214905511808680549505001333F2B72
:1096A400F5DD024B01221A707047C046001C0020F1
:1096B400F813002010B5014B984710BDF913002092
:1096C400002305E09A0004495118496811500133F8
:1096D400052BF7D97047C0460000024010B50022A0
:1096E40006E093001958044CA446634459600132BF
:1096F400052AF6D910BDC0460000024000280AD051
:1097040003231B02054A12685340C02292001340EF
:10971400034A136070470223F3E7C0460C800140FC
:109724000C900140F0B5D6464F464646C0B586B0CB
:1097340007000E00150018239A461B881422904631
:1097440010882D499847814653461B884246108805
:109754002A499847040053461B88424610882849E2
:10976400984780464B46002B0FD0002C0DD0002884
:109774000BD0FFF787FF6846FFF7A2FFC847A04753
:109784000020FFF7BBFF2A0010E01E4B1E4A8A216F
:109794001E48490000F0FCFB002B07D0002A05D02E
:1097A400C0235B051B6E3370013A01362B00134353
:1097B40012D0C0235B059C6A08232340A407EBD581
:1097C400002DE9D0511B0D29E6D83878C021490570
:1097D4000866013D0137DFE70120FFF78FFFC0472F
:1097E400FFF768FF6846FFF779FF06B0E0BCBA46AA
:1097F400B146A846F0BDC0464946000045580000A1
:1098040046430000188A0010BC910010D488001050
:1098140010B5002308E00133DA0000210848115094
:10982400844662445160DBB20E2BF4D90548F02221
:109834009200002100F0DCFB034B044A1A6010BDC7
:1098440000001050B81500207C1900208001105031
:10985400F0B5CE46474680B585B0204B9F6D0024B9
:10986400012603E0B74376000134E4B2002F30D080
:109874001F2C2ED83E42F6D0194B9E65630899469C
:109884000123634001221A4090464B465D00454443
:109894006D01144BED18280000F050FA0028E1D0B7
:1098A400104A4B465B0043445B01D3189978DA8A2B
:1098B40001A8002398460370073343700171826046
:1098C40043464371012100F059FA280000F0C6F91B
:1098D400C8E705B0C0BCB946B046F0BD00001150A1
:1098E4000030115078150020F0B5CE46474680B5BB
:1098F40085B0774A9823D55880239B022F001F40B8
:109904001D4246D0734B9A6A734B1A60002400219F
:1099140009E0724B5B183C3300221A7000F0CAF95C
:1099240031000134E4B20F2C18D8A60130002030E5
:109934006A4BC0189B193B331B78022BF1D1674B40
:109944009B193A331E78002EEBD0644BA1015B18AF
:109954003C331B78002BDCD13100E2E7002908D12D
:109964005F4B1B78002B04D15E4A9033802189021F
:10997400D150574B9B6C5B055B0D002269460A7105
:1099840003324A710293012101A800F0F7F98027FC
:10999400BF02EB0606D4EB0352D580235B021F43C0
:1099A400002419E010231F43FFF752FFF3E70223BB
:1099B40099461EE04C4B4A461A66454B5B6E4A4636
:1099C40013409945F9D118E0444B424652019B1883
:1099D4000122DA700134E4B2012C20D8A0466601D9
:1099E4003E4BF618B37E002BEED0002CDFD00123C3
:1099F400994600F00DFB0128DCD8C0229201002119
:109A0400300000F031F9300000F028F900F000FBDC
:109A14000128D9D9334B4A465A661A66D4E700233B
:109A24006A46137106335371304A02AB03CA03C347
:109A3400012101A800F0A2F92A4B802292021A65A2
:109A4400EB040AD46B041DD42B042BD4AF423AD1BB
:109A540005B0C0BCB946B046F0BD80235B011F43CE
:109A640000241B4B1C60FFF7D3FE01A804700123E4
:109A740043700471012100F081F91A4B8022120312
:109A84001A65DFE78023DB011F4300236A46137155
:109A940004335371012101A800F070F9114B102215
:109AA4001A65D1E780231B021F4300236A46137102
:109AB40005335371012101A800F060F9094B80229C
:109AC40012011A65C2E739006940094800F068FAD2
:109AD400000011500040054070150020781500204A
:109AE400FE1B0020003011500020115000001050C7
:109AF400048B0010F8B504000F00838A028B1E1C2F
:109B0400934200D9161CB6B29B1BA3828022D200BA
:109B14003243E378002B13D08025AD011543012295
:109B24005340E3706378002B0CD0A38A002B02D13E
:109B34008023DB011D43002F00D02D042800F8BD35
:109B44000025EBE7E068BB01C0182169320000F092
:109B540067FA23699B19236180231B021D43E4E7F1
:109B6400094B1B6C9B070CD48378DB09012B01D0B8
:109B7400002007E0C37E022B01D0002002E0012078
:109B840000E000207047C0460000115010B5FFF7F8
:109B9400E7FF002809D0064B9B6A064A12689B1A05
:109BA400054A94466344C62B00D810BD0020FCE748
:109BB4000040054070150020E0FCFFFF70B5040074
:109BC40083681B68002900D01B0C9D05AD0D6278CD
:109BD400002A11D11B0409D4E38A5B19E382238B85
:109BE400AB4201D90023A382280070BD0D4B0E4A5D
:109BF4000E48E82100F0CCF91B040DD52069E36878
:109C0400890159182A0000F00BFAE38A5B19E382F0
:109C140023695B192361E2E7054B034A0348EE21FC
:109C240000F0B6F9248B00101C920010448B001035
:109C34009C8B001010B5040083681B680021FFF79B
:109C4400BDFF63681B685B0002D5238B834200D091
:109C540010BD01212000FFF7B1FFF9E7002383764F
:109C64008382C3820361704710B5002902D08368E0
:109C74001B681940002A10D0114352050DD5826883
:109C840013685B050CD4084B0B401360074B1B6C2B
:109C94009B0702D40C23033BFDD28368196010BDDB
:109CA4008178034800F07CF9FFFBFFFF00001150AE
:109CB400BC8B001070B5040043681E680021FFF7D8
:109CC40019FF80256D010543194B1B6C02221100FD
:109CD40019401A4204D1A378DB0917D0002917D000
:109CE400A3785B0616D10023A28A002A01D0002B98
:109CF40012D0104B1E4080239B05334362681360CF
:109D04002A0000212000FFF7AFFF70BD0123EBE71D
:109D14000023E9E70123E7E701212000FFF7EAFE3A
:109D24000543054A3240A023DB051343E6E7C0465A
:109D340000001150FFFFFFAFFFFFFFDF70B504000D
:109D4400857E002D06D0FFF775FFA38A002B05D171
:109D5400280070BD8178084800F022F92000FFF740
:109D640015FF051E03D0012323770025F0E720000B
:109D7400FFF7A0FFECE7C046DC8B001070B584B0A1
:109D840006000D004378062B12D89B00724AD35864
:109D94009F46724B1A7801218A431A701A7801314E
:109DA4008A431A7000225A701A7802318A431A7050
:109DB4006B4B1C686269EFF3108172B61368002B59
:109DC400FCD0BFF35F8FA1613100200000F0F0F8F8
:109DD4006269A369BFF35F8F0021116083F3108868
:109DE400002800D1B0E0307871782A0000F0C8F87B
:109DF40004B070BD594B1B78DB07F9D5574A13786B
:109E040004210B431370D3E7544B1B78DB07EFD5C6
:109E1400524A137804218B431370C9E79B1A5B01E0
:109E2400504A9B18DB69002B02D030787168984740
:109E34000134E4B24C4B1A782300511CA1420ADBD2
:109E4400A242EBD9494B1B6862019B18002BE9D154
:109E5400EEE70024EEE7414B1B785B072ED53F4A23
:109E6400137804218B4313700C22002101A800F005
:109E7400BFF833786A46137105235371384B1C6855
:109E84006269EFF3108172B61368002BFCD0BFF344
:109E94005F8FA16101A9200000F08AF86269A369BB
:109EA400BFF35F8F0021116083F31088002837D03F
:109EB40001AB187859782A0000F062F8274BDB7858
:109EC400DB0700D494E70C22002101A800F090F8ED
:109ED40033786A4613710323537173680293204BDA
:109EE4001C686269EFF3108172B61368002BFCD012
:109EF400BFF35F8FA16101A9200000F059F86269E6
:109F0400A369BFF35F8F0021116083F310880028D9
:109F14000DD001AB187859782A0000F031F867E7C2
:109F2400662213491348FF3200F04AF8C6E7662256
:109F34000F491048FF3200F043F859E70E4A1378EE
:109F44000133DBB2137033E7662209490948FF3253
:109F540000F036F84CE7C0466C9200101010002058
:109F6400681000208C930010FD1B0020600E002060
:109F7400089300103C8C0010FF1B00207047C04663
:109F840001B40248844601BC604700BF515A001026
:109F940001B40248844601BC604700BF3D4A00103A
:109FA40001B40248844601BC604700BFA109001007
:109FB40001B40248844601BC604700BF9D7900108B
:109FC40001B40248844601BC604700BF194D00102B
:109FD40001B40248844601BC604700BFC5180010A4
:109FE40001B40248844601BC604700BF0D3600102E
:109FF40001B40248844601BC604700BF61380010C8
:10A0040001B40248844601BC604700BF1917001020
:10A0140001B40248844601BC604700BF4D090010EA
:10A0240001B40248844601BC604700BF3D5700109C
:10A03400100000000000000000000100000000000B
:10A04400000000000000020000000000000000000A
:10A054000000030000000000000000000000FF00FA
:10A064000000000001B5486801318E460047704683
:10A0740009380149884701BD950E00100000000011
:10A0840000000000000000000000000000000000CC
:10A09400D80C0020000000000000000000000000B8
:10A0A400503300004C33000054330000523300009E
:10A0B4004D5300004D43000053340000433400006E
:10A0C400CD510010654E001035510010514E001056
:10A0D40000000000000100006C10002010000C00C3
:10A0E400000000000000000000000000000000006C
:10A0F40000000000FF0000000040044000000000D9
:08A10400000000000000000053
:04000005100001E9FD
:00000001FF
